<?xml version='1.0' encoding='UTF-8' standalone='no'?>
<doxygen xmlns:xsi="http://www.w3.org/2001/XMLSchema-instance" xsi:noNamespaceSchemaLocation="compound.xsd" version="1.8.11">
  <compounddef id="_a_i_b_8cpp" kind="file" language="C++">
    <compoundname>AIB.cpp</compoundname>
    <includes local="no">math.h</includes>
    <includes refid="_a_i_b_8h" local="yes">AIB.h</includes>
    <incdepgraph>
      <node id="438">
        <label>string</label>
      </node>
      <node id="435">
        <label>OSTM.h</label>
        <link refid="_o_s_t_m_8h"/>
        <childnode refid="436" relation="include">
        </childnode>
        <childnode refid="437" relation="include">
        </childnode>
        <childnode refid="438" relation="include">
        </childnode>
        <childnode refid="439" relation="include">
        </childnode>
      </node>
      <node id="433">
        <label>AIB.h</label>
        <link refid="_a_i_b_8h"/>
        <childnode refid="434" relation="include">
        </childnode>
        <childnode refid="438" relation="include">
        </childnode>
        <childnode refid="437" relation="include">
        </childnode>
        <childnode refid="439" relation="include">
        </childnode>
      </node>
      <node id="431">
        <label>AIB.cpp</label>
        <link refid="AIB.cpp"/>
        <childnode refid="432" relation="include">
        </childnode>
        <childnode refid="433" relation="include">
        </childnode>
      </node>
      <node id="432">
        <label>math.h</label>
      </node>
      <node id="439">
        <label>iostream</label>
      </node>
      <node id="436">
        <label>mutex</label>
      </node>
      <node id="434">
        <label>BANK.h</label>
        <link refid="_b_a_n_k_8h"/>
        <childnode refid="435" relation="include">
        </childnode>
      </node>
      <node id="437">
        <label>memory</label>
      </node>
    </incdepgraph>
    <briefdescription>
    </briefdescription>
    <detaileddescription>
    </detaileddescription>
    <programlisting>
<codeline lineno="1"><highlight class="comment">/*<sp/></highlight></codeline>
<codeline lineno="2"><highlight class="comment"><sp/>*<sp/>File:<sp/><sp/><sp/>AIB.cpp</highlight></codeline>
<codeline lineno="3"><highlight class="comment"><sp/>*<sp/>Author:<sp/>Zoltan<sp/>Fuzesi</highlight></codeline>
<codeline lineno="4"><highlight class="comment"><sp/>*<sp/>IT<sp/>Carlow<sp/>:<sp/>C00197361</highlight></codeline>
<codeline lineno="5"><highlight class="comment"><sp/>*</highlight></codeline>
<codeline lineno="6"><highlight class="comment"><sp/>*<sp/>Created<sp/>on<sp/>January<sp/>17,<sp/>2018,<sp/>8:02<sp/>PM</highlight></codeline>
<codeline lineno="7"><highlight class="comment"><sp/>*/</highlight><highlight class="normal"></highlight></codeline>
<codeline lineno="8"><highlight class="normal"></highlight></codeline>
<codeline lineno="9"><highlight class="normal"></highlight><highlight class="preprocessor">#include<sp/>&lt;math.h&gt;</highlight><highlight class="normal"></highlight></codeline>
<codeline lineno="10"><highlight class="normal"></highlight></codeline>
<codeline lineno="11"><highlight class="normal"></highlight><highlight class="preprocessor">#include<sp/>&quot;<ref refid="_a_i_b_8h" kindref="compound">AIB.h</ref>&quot;</highlight><highlight class="normal"></highlight></codeline>
<codeline lineno="12"><highlight class="normal"></highlight></codeline>
<codeline lineno="13"><highlight class="normal"></highlight></codeline>
<codeline lineno="14" refid="class_a_i_b_1ab13d0db3498d59dbe6a946c469587c55" refkind="member"><highlight class="normal"><ref refid="class_a_i_b_1a4783110463bf12f937a85b62455faf38" kindref="member">AIB::AIB</ref>(</highlight><highlight class="keyword">const</highlight><highlight class="normal"><sp/><ref refid="class_a_i_b" kindref="compound">AIB</ref>&amp;<sp/>orig)<sp/>{</highlight></codeline>
<codeline lineno="15"><highlight class="normal">}</highlight></codeline>
<codeline lineno="16"><highlight class="normal"></highlight></codeline>
<codeline lineno="17" refid="class_a_i_b_1a22b11c50b0986326c86315957528bf79" refkind="member"><highlight class="normal"><ref refid="class_a_i_b_1a22b11c50b0986326c86315957528bf79" kindref="member">AIB::~AIB</ref>()<sp/>{</highlight></codeline>
<codeline lineno="18"><highlight class="normal">}</highlight></codeline>
<codeline lineno="24" refid="class_a_i_b_1a987107f3d7a04790f84c1e7eeee37575" refkind="member"><highlight class="normal">std::shared_ptr&lt;OSTM&gt;<sp/><ref refid="class_a_i_b_1a987107f3d7a04790f84c1e7eeee37575" kindref="member">AIB::getBaseCopy</ref>(std::shared_ptr&lt;OSTM&gt;<sp/></highlight><highlight class="keywordtype">object</highlight><highlight class="normal">)</highlight></codeline>
<codeline lineno="25"><highlight class="normal">{</highlight></codeline>
<codeline lineno="26"><highlight class="normal"></highlight></codeline>
<codeline lineno="27"><highlight class="normal"><sp/><sp/><sp/><sp/>std::shared_ptr&lt;BANK&gt;<sp/>objTO<sp/>=<sp/>std::dynamic_pointer_cast&lt;<ref refid="class_b_a_n_k" kindref="compound">BANK</ref>&gt;(object);</highlight></codeline>
<codeline lineno="28"><highlight class="normal"><sp/><sp/><sp/><sp/>std::shared_ptr&lt;BANK&gt;<sp/>obj(</highlight><highlight class="keyword">new</highlight><highlight class="normal"><sp/><ref refid="class_a_i_b_1a4783110463bf12f937a85b62455faf38" kindref="member">AIB</ref>(objTO,<sp/>object-&gt;Get_Version(),</highlight><highlight class="keywordtype">object</highlight><highlight class="normal">-&gt;Get_Unique_ID()));</highlight></codeline>
<codeline lineno="29"><highlight class="normal"><sp/><sp/><sp/><sp/>std::shared_ptr&lt;OSTM&gt;<sp/>ostm_obj<sp/>=<sp/>std::dynamic_pointer_cast&lt;<ref refid="class_o_s_t_m" kindref="compound">OSTM</ref>&gt;(obj);</highlight></codeline>
<codeline lineno="30"><highlight class="normal"><sp/><sp/><sp/><sp/></highlight><highlight class="keywordflow">return</highlight><highlight class="normal"><sp/>ostm_obj;</highlight></codeline>
<codeline lineno="31"><highlight class="normal">}</highlight></codeline>
<codeline lineno="37" refid="class_a_i_b_1ad76f25ce86cb42028440f41c371903e0" refkind="member"><highlight class="keywordtype">void</highlight><highlight class="normal"><sp/><ref refid="class_a_i_b_1ad76f25ce86cb42028440f41c371903e0" kindref="member">AIB::copy</ref>(std::shared_ptr&lt;OSTM&gt;<sp/>to,<sp/>std::shared_ptr&lt;OSTM&gt;<sp/>from){</highlight></codeline>
<codeline lineno="38"><highlight class="normal"></highlight></codeline>
<codeline lineno="39"><highlight class="normal"><sp/><sp/><sp/><sp/>std::shared_ptr&lt;AIB&gt;<sp/>objTO<sp/>=<sp/>std::dynamic_pointer_cast&lt;<ref refid="class_a_i_b" kindref="compound">AIB</ref>&gt;(to);</highlight></codeline>
<codeline lineno="40"><highlight class="normal"><sp/><sp/><sp/><sp/>std::shared_ptr&lt;AIB&gt;<sp/>objFROM<sp/>=<sp/>std::dynamic_pointer_cast&lt;<ref refid="class_a_i_b" kindref="compound">AIB</ref>&gt;(from);</highlight></codeline>
<codeline lineno="41"><highlight class="normal"><sp/><sp/><sp/><sp/>objTO-&gt;<ref refid="class_o_s_t_m_1ab5019a32185631c08abbf826422f2d93" kindref="member">Set_Unique_ID</ref>(objFROM-&gt;Get_Unique_ID());</highlight></codeline>
<codeline lineno="42"><highlight class="normal"><sp/><sp/><sp/><sp/>objTO-&gt;Set_Version(objFROM-&gt;Get_Version());</highlight></codeline>
<codeline lineno="43"><highlight class="normal"><sp/><sp/><sp/><sp/>objTO-&gt;SetAccountNumber(objFROM-&gt;GetAccountNumber());</highlight></codeline>
<codeline lineno="44"><highlight class="normal"><sp/><sp/><sp/><sp/>objTO-&gt;SetBalance(objFROM-&gt;GetBalance());</highlight></codeline>
<codeline lineno="45"><highlight class="normal">}</highlight></codeline>
<codeline lineno="49"><highlight class="comment">//std::shared_ptr&lt;AIB&gt;<sp/>AIB::_cast(std::shared_ptr&lt;OSTM&gt;<sp/>_object){</highlight><highlight class="normal"></highlight></codeline>
<codeline lineno="50"><highlight class="normal"></highlight><highlight class="comment">//<sp/><sp/><sp/><sp/></highlight><highlight class="normal"></highlight></codeline>
<codeline lineno="51"><highlight class="normal"></highlight><highlight class="comment">//<sp/><sp/><sp/><sp/>return<sp/>std::static_pointer_cast&lt;AIB&gt;(_object);</highlight><highlight class="normal"></highlight></codeline>
<codeline lineno="52"><highlight class="normal"></highlight><highlight class="comment">//}</highlight></codeline>
<codeline lineno="56" refid="class_a_i_b_1aff0f0a0db75a17efec4bd500b888232d" refkind="member"><highlight class="comment"></highlight><highlight class="keywordtype">void</highlight><highlight class="normal"><sp/><ref refid="class_a_i_b_1aff0f0a0db75a17efec4bd500b888232d" kindref="member">AIB::toString</ref>()</highlight></codeline>
<codeline lineno="57"><highlight class="normal">{</highlight></codeline>
<codeline lineno="58"><highlight class="normal"><sp/><sp/><sp/><sp/>std::cout<sp/>&lt;&lt;<sp/></highlight><highlight class="stringliteral">&quot;\nAIB<sp/>BANK&quot;</highlight><highlight class="normal"><sp/>&lt;&lt;<sp/></highlight><highlight class="stringliteral">&quot;\nUnique<sp/>ID<sp/>:<sp/>&quot;</highlight><highlight class="normal"><sp/>&lt;&lt;<sp/>this-&gt;<ref refid="class_o_s_t_m_1a5a01a8b98d16b1d1904ecf9356e7b71d" kindref="member">Get_Unique_ID</ref>()<sp/>&lt;&lt;<sp/></highlight><highlight class="stringliteral">&quot;\nInt<sp/>account<sp/>:<sp/>&quot;</highlight><highlight class="normal"><sp/>&lt;&lt;<sp/>this-&gt;<ref refid="class_a_i_b_1aef34bfbf20d767114e05b8b532cab777" kindref="member">GetAccountNumber</ref>()<sp/>&lt;&lt;<sp/></highlight><highlight class="stringliteral">&quot;\nDouble<sp/>value<sp/>:<sp/>&quot;</highlight><highlight class="normal"><sp/>&lt;&lt;<sp/>this-&gt;<ref refid="class_a_i_b_1ac75087ae73c308bd946e47a71dc85b86" kindref="member">GetBalance</ref>()<sp/>&lt;&lt;<sp/></highlight><highlight class="stringliteral">&quot;\nFirst<sp/>name:<sp/>&quot;</highlight><highlight class="normal"><sp/>&lt;&lt;<sp/>this-&gt;<ref refid="class_a_i_b_1aa0833919c1c211481560cd88cb5b381b" kindref="member">GetFirstName</ref>()<sp/>&lt;&lt;<sp/></highlight><highlight class="stringliteral">&quot;\nLast<sp/>name<sp/>:<sp/>&quot;</highlight><highlight class="normal"><sp/>&lt;&lt;<sp/>this-&gt;<ref refid="class_a_i_b_1a1b09db7268734beeaf6a9e7e9d8feb02" kindref="member">GetLastName</ref>()<sp/><sp/>&lt;&lt;<sp/></highlight><highlight class="stringliteral">&quot;\nVersion<sp/>number<sp/>:<sp/>&quot;</highlight><highlight class="normal"><sp/>&lt;&lt;<sp/>this-&gt;<ref refid="class_o_s_t_m_1a1f1db9d482f22c8e7caa17dfb340626b" kindref="member">Get_Version</ref>()<sp/>&lt;&lt;<sp/>std::endl;</highlight></codeline>
<codeline lineno="59"><highlight class="normal">}</highlight></codeline>
<codeline lineno="60"><highlight class="normal"></highlight></codeline>
<codeline lineno="61" refid="class_a_i_b_1ab5fd22fbbc0ea75a022aaeb7174fc450" refkind="member"><highlight class="normal"></highlight><highlight class="keywordtype">void</highlight><highlight class="normal"><sp/><ref refid="class_a_i_b_1ab5fd22fbbc0ea75a022aaeb7174fc450" kindref="member">AIB::SetAddress</ref>(std::string<sp/>address)<sp/>{</highlight></codeline>
<codeline lineno="62"><highlight class="normal"><sp/><sp/><sp/><sp/>this-&gt;address<sp/>=<sp/>address;</highlight></codeline>
<codeline lineno="63"><highlight class="normal">}</highlight></codeline>
<codeline lineno="64"><highlight class="normal"></highlight></codeline>
<codeline lineno="65" refid="class_a_i_b_1a5092c8741fbe231531aa5aaa61d26b9c" refkind="member"><highlight class="normal">std::string<sp/><ref refid="class_a_i_b_1a5092c8741fbe231531aa5aaa61d26b9c" kindref="member">AIB::GetAddress</ref>()</highlight><highlight class="keyword"><sp/>const<sp/></highlight><highlight class="normal">{</highlight></codeline>
<codeline lineno="66"><highlight class="normal"><sp/><sp/><sp/><sp/></highlight><highlight class="keywordflow">return</highlight><highlight class="normal"><sp/>address;</highlight></codeline>
<codeline lineno="67"><highlight class="normal">}</highlight></codeline>
<codeline lineno="68"><highlight class="normal"></highlight></codeline>
<codeline lineno="69" refid="class_a_i_b_1ac286e13b8cf985bc88ce356b0eaada81" refkind="member"><highlight class="normal"></highlight><highlight class="keywordtype">void</highlight><highlight class="normal"><sp/><ref refid="class_a_i_b_1ac286e13b8cf985bc88ce356b0eaada81" kindref="member">AIB::SetBalance</ref>(</highlight><highlight class="keywordtype">double</highlight><highlight class="normal"><sp/>balance)<sp/>{</highlight></codeline>
<codeline lineno="70"><highlight class="normal"><sp/><sp/><sp/><sp/>this-&gt;balance<sp/>=<sp/>balance;</highlight></codeline>
<codeline lineno="71"><highlight class="normal">}</highlight></codeline>
<codeline lineno="72"><highlight class="normal"></highlight></codeline>
<codeline lineno="73" refid="class_a_i_b_1ac75087ae73c308bd946e47a71dc85b86" refkind="member"><highlight class="normal"></highlight><highlight class="keywordtype">double</highlight><highlight class="normal"><sp/><ref refid="class_a_i_b_1ac75087ae73c308bd946e47a71dc85b86" kindref="member">AIB::GetBalance</ref>()</highlight><highlight class="keyword"><sp/>const<sp/></highlight><highlight class="normal">{</highlight></codeline>
<codeline lineno="74"><highlight class="normal"><sp/><sp/><sp/><sp/></highlight><highlight class="keywordflow">return</highlight><highlight class="normal"><sp/>balance;</highlight></codeline>
<codeline lineno="75"><highlight class="normal">}</highlight></codeline>
<codeline lineno="76"><highlight class="normal"></highlight></codeline>
<codeline lineno="77" refid="class_a_i_b_1ae582677d2d890f1728dedb9f43965df6" refkind="member"><highlight class="normal"></highlight><highlight class="keywordtype">void</highlight><highlight class="normal"><sp/><ref refid="class_a_i_b_1ae582677d2d890f1728dedb9f43965df6" kindref="member">AIB::SetAccountNumber</ref>(</highlight><highlight class="keywordtype">int</highlight><highlight class="normal"><sp/>accountNumber)<sp/>{</highlight></codeline>
<codeline lineno="78"><highlight class="normal"><sp/><sp/><sp/><sp/>this-&gt;accountNumber<sp/>=<sp/>accountNumber;</highlight></codeline>
<codeline lineno="79"><highlight class="normal">}</highlight></codeline>
<codeline lineno="80"><highlight class="normal"></highlight></codeline>
<codeline lineno="81" refid="class_a_i_b_1aef34bfbf20d767114e05b8b532cab777" refkind="member"><highlight class="normal"></highlight><highlight class="keywordtype">int</highlight><highlight class="normal"><sp/><ref refid="class_a_i_b_1aef34bfbf20d767114e05b8b532cab777" kindref="member">AIB::GetAccountNumber</ref>()</highlight><highlight class="keyword"><sp/>const<sp/></highlight><highlight class="normal">{</highlight></codeline>
<codeline lineno="82"><highlight class="normal"><sp/><sp/><sp/><sp/></highlight><highlight class="keywordflow">return</highlight><highlight class="normal"><sp/>accountNumber;</highlight></codeline>
<codeline lineno="83"><highlight class="normal">}</highlight></codeline>
<codeline lineno="84"><highlight class="normal"></highlight></codeline>
<codeline lineno="85" refid="class_a_i_b_1afe4e3c7b481bf87437968dde2cc75882" refkind="member"><highlight class="normal"></highlight><highlight class="keywordtype">void</highlight><highlight class="normal"><sp/><ref refid="class_a_i_b_1afe4e3c7b481bf87437968dde2cc75882" kindref="member">AIB::SetLastName</ref>(std::string<sp/>lastName)<sp/>{</highlight></codeline>
<codeline lineno="86"><highlight class="normal"><sp/><sp/><sp/><sp/>this-&gt;lastName<sp/>=<sp/>lastName;</highlight></codeline>
<codeline lineno="87"><highlight class="normal">}</highlight></codeline>
<codeline lineno="88"><highlight class="normal"></highlight></codeline>
<codeline lineno="89" refid="class_a_i_b_1a1b09db7268734beeaf6a9e7e9d8feb02" refkind="member"><highlight class="normal">std::string<sp/><ref refid="class_a_i_b_1a1b09db7268734beeaf6a9e7e9d8feb02" kindref="member">AIB::GetLastName</ref>()</highlight><highlight class="keyword"><sp/>const<sp/></highlight><highlight class="normal">{</highlight></codeline>
<codeline lineno="90"><highlight class="normal"><sp/><sp/><sp/><sp/></highlight><highlight class="keywordflow">return</highlight><highlight class="normal"><sp/>lastName;</highlight></codeline>
<codeline lineno="91"><highlight class="normal">}</highlight></codeline>
<codeline lineno="92"><highlight class="normal"></highlight></codeline>
<codeline lineno="93" refid="class_a_i_b_1a671e44bdbf1286d97d7a22295177dd2e" refkind="member"><highlight class="normal"></highlight><highlight class="keywordtype">void</highlight><highlight class="normal"><sp/><ref refid="class_a_i_b_1a671e44bdbf1286d97d7a22295177dd2e" kindref="member">AIB::SetFirstName</ref>(std::string<sp/>firstName)<sp/>{</highlight></codeline>
<codeline lineno="94"><highlight class="normal"><sp/><sp/><sp/><sp/>this-&gt;firstName<sp/>=<sp/>firstName;</highlight></codeline>
<codeline lineno="95"><highlight class="normal">}</highlight></codeline>
<codeline lineno="96"><highlight class="normal"></highlight></codeline>
<codeline lineno="97" refid="class_a_i_b_1aa0833919c1c211481560cd88cb5b381b" refkind="member"><highlight class="normal">std::string<sp/><ref refid="class_a_i_b_1aa0833919c1c211481560cd88cb5b381b" kindref="member">AIB::GetFirstName</ref>()</highlight><highlight class="keyword"><sp/>const<sp/></highlight><highlight class="normal">{</highlight></codeline>
<codeline lineno="98"><highlight class="normal"><sp/><sp/><sp/><sp/></highlight><highlight class="keywordflow">return</highlight><highlight class="normal"><sp/>firstName;</highlight></codeline>
<codeline lineno="99"><highlight class="normal">}</highlight></codeline>
<codeline lineno="100"><highlight class="normal"></highlight></codeline>
<codeline lineno="101" refid="class_a_i_b_1a03def15426e627042951369ea18b97f6" refkind="member"><highlight class="normal"></highlight><highlight class="keywordtype">void</highlight><highlight class="normal"><sp/><ref refid="class_a_i_b_1a03def15426e627042951369ea18b97f6" kindref="member">AIB::SetFullname</ref>(std::string<sp/>fullname)<sp/>{</highlight></codeline>
<codeline lineno="102"><highlight class="normal"><sp/><sp/><sp/><sp/>this-&gt;fullname<sp/>=<sp/>fullname;</highlight></codeline>
<codeline lineno="103"><highlight class="normal">}</highlight></codeline>
<codeline lineno="104"><highlight class="normal"></highlight></codeline>
<codeline lineno="105" refid="class_a_i_b_1a4fbad1d62d84d47e78b2b7065be14942" refkind="member"><highlight class="normal">std::string<sp/><ref refid="class_a_i_b_1a4fbad1d62d84d47e78b2b7065be14942" kindref="member">AIB::GetFullname</ref>()</highlight><highlight class="keyword"><sp/>const<sp/></highlight><highlight class="normal">{</highlight></codeline>
<codeline lineno="106"><highlight class="normal"><sp/><sp/><sp/><sp/></highlight><highlight class="keywordflow">return</highlight><highlight class="normal"><sp/>fullname;</highlight></codeline>
<codeline lineno="107"><highlight class="normal">}</highlight></codeline>
    </programlisting>
    <location file="AIB.cpp"/>
  </compounddef>
</doxygen>
