<?xml version='1.0' encoding='UTF-8' standalone='no'?>
<doxygen xmlns:xsi="http://www.w3.org/2001/XMLSchema-instance" xsi:noNamespaceSchemaLocation="compound.xsd" version="1.8.11">
  <compounddef id="_b_a_n_k_8cpp" kind="file" language="C++">
    <compoundname>BANK.cpp</compoundname>
    <includes refid="_b_a_n_k_8h" local="yes">BANK.h</includes>
    <incdepgraph>
      <node id="456">
        <label>string</label>
      </node>
      <node id="453">
        <label>OSTM.h</label>
        <link refid="_o_s_t_m_8h"/>
        <childnode refid="454" relation="include">
        </childnode>
        <childnode refid="455" relation="include">
        </childnode>
        <childnode refid="456" relation="include">
        </childnode>
        <childnode refid="457" relation="include">
        </childnode>
      </node>
      <node id="451">
        <label>BANK.cpp</label>
        <link refid="BANK.cpp"/>
        <childnode refid="452" relation="include">
        </childnode>
      </node>
      <node id="457">
        <label>iostream</label>
      </node>
      <node id="454">
        <label>mutex</label>
      </node>
      <node id="452">
        <label>BANK.h</label>
        <link refid="_b_a_n_k_8h"/>
        <childnode refid="453" relation="include">
        </childnode>
      </node>
      <node id="455">
        <label>memory</label>
      </node>
    </incdepgraph>
    <briefdescription>
    </briefdescription>
    <detaileddescription>
    </detaileddescription>
    <programlisting>
<codeline lineno="1"><highlight class="comment">/*<sp/></highlight></codeline>
<codeline lineno="2"><highlight class="comment"><sp/>*<sp/>File:<sp/><sp/><sp/>BANK.cpp</highlight></codeline>
<codeline lineno="3"><highlight class="comment"><sp/>*<sp/>Author:<sp/>Zoltan<sp/>Fuzesi</highlight></codeline>
<codeline lineno="4"><highlight class="comment"><sp/>*<sp/>IT<sp/>Carlow<sp/>:<sp/>C00197361</highlight></codeline>
<codeline lineno="5"><highlight class="comment"><sp/>*</highlight></codeline>
<codeline lineno="6"><highlight class="comment"><sp/>*<sp/>Created<sp/>on<sp/>January<sp/>17,<sp/>2018,<sp/>8:02<sp/>PM</highlight></codeline>
<codeline lineno="7"><highlight class="comment"><sp/>*/</highlight><highlight class="normal"></highlight></codeline>
<codeline lineno="8"><highlight class="normal"></highlight></codeline>
<codeline lineno="9"><highlight class="normal"></highlight><highlight class="preprocessor">#include<sp/>&quot;<ref refid="_b_a_n_k_8h" kindref="compound">BANK.h</ref>&quot;</highlight><highlight class="normal"></highlight></codeline>
<codeline lineno="10"><highlight class="normal"></highlight></codeline>
<codeline lineno="11" refid="class_b_a_n_k_1a4dd657c30039ea00a040e6226c23ccd4" refkind="member"><highlight class="normal"><ref refid="class_b_a_n_k_1a0bc938356cebff14fb0560264abe5a34" kindref="member">BANK::BANK</ref>(</highlight><highlight class="keyword">const</highlight><highlight class="normal"><sp/><ref refid="class_b_a_n_k" kindref="compound">BANK</ref>&amp;<sp/>orig)<sp/>{</highlight></codeline>
<codeline lineno="12"><highlight class="normal">}</highlight></codeline>
<codeline lineno="13"><highlight class="normal"></highlight></codeline>
<codeline lineno="14" refid="class_b_a_n_k_1ad609a1e004efdebab6495d95eced2346" refkind="member"><highlight class="normal"><ref refid="class_b_a_n_k_1ad609a1e004efdebab6495d95eced2346" kindref="member">BANK::~BANK</ref>()<sp/>{</highlight></codeline>
<codeline lineno="15"><highlight class="normal">}</highlight></codeline>
<codeline lineno="16"><highlight class="normal"></highlight></codeline>
    </programlisting>
    <location file="BANK.cpp"/>
  </compounddef>
</doxygen>
