<?xml version='1.0' encoding='UTF-8' standalone='no'?>
<doxygen xmlns:xsi="http://www.w3.org/2001/XMLSchema-instance" xsi:noNamespaceSchemaLocation="compound.xsd" version="1.8.11">
  <compounddef id="_b_o_a_8cpp" kind="file" language="C++">
    <compoundname>BOA.cpp</compoundname>
    <includes refid="_b_o_a_8h" local="yes">BOA.h</includes>
    <incdepgraph>
      <node id="481">
        <label>BOA.h</label>
        <link refid="_b_o_a_8h"/>
        <childnode refid="482" relation="include">
        </childnode>
        <childnode refid="486" relation="include">
        </childnode>
        <childnode refid="485" relation="include">
        </childnode>
        <childnode refid="487" relation="include">
        </childnode>
      </node>
      <node id="486">
        <label>string</label>
      </node>
      <node id="483">
        <label>OSTM.h</label>
        <link refid="_o_s_t_m_8h"/>
        <childnode refid="484" relation="include">
        </childnode>
        <childnode refid="485" relation="include">
        </childnode>
        <childnode refid="486" relation="include">
        </childnode>
        <childnode refid="487" relation="include">
        </childnode>
      </node>
      <node id="487">
        <label>iostream</label>
      </node>
      <node id="484">
        <label>mutex</label>
      </node>
      <node id="480">
        <label>BOA.cpp</label>
        <link refid="BOA.cpp"/>
        <childnode refid="481" relation="include">
        </childnode>
      </node>
      <node id="482">
        <label>BANK.h</label>
        <link refid="_b_a_n_k_8h"/>
        <childnode refid="483" relation="include">
        </childnode>
      </node>
      <node id="485">
        <label>memory</label>
      </node>
    </incdepgraph>
    <briefdescription>
    </briefdescription>
    <detaileddescription>
    </detaileddescription>
    <programlisting>
<codeline lineno="1"><highlight class="comment">/*<sp/></highlight></codeline>
<codeline lineno="2"><highlight class="comment"><sp/>*<sp/>File:<sp/><sp/><sp/>BOA.cpp</highlight></codeline>
<codeline lineno="3"><highlight class="comment"><sp/>*<sp/>Author:<sp/>Zoltan<sp/>Fuzesi</highlight></codeline>
<codeline lineno="4"><highlight class="comment"><sp/>*<sp/>IT<sp/>Carlow<sp/>:<sp/>C00197361</highlight></codeline>
<codeline lineno="5"><highlight class="comment"><sp/>*</highlight></codeline>
<codeline lineno="6"><highlight class="comment"><sp/>*<sp/>Created<sp/>on<sp/>January<sp/>17,<sp/>2018,<sp/>8:02<sp/>PM</highlight></codeline>
<codeline lineno="7"><highlight class="comment"><sp/>*/</highlight><highlight class="normal"></highlight></codeline>
<codeline lineno="8"><highlight class="normal"></highlight></codeline>
<codeline lineno="9"><highlight class="normal"></highlight><highlight class="preprocessor">#include<sp/>&quot;<ref refid="_b_o_a_8h" kindref="compound">BOA.h</ref>&quot;</highlight><highlight class="normal"></highlight></codeline>
<codeline lineno="10"><highlight class="normal"></highlight></codeline>
<codeline lineno="11"><highlight class="normal"></highlight></codeline>
<codeline lineno="12" refid="class_b_o_a_1a99ebf22a8d824761dc82e7e191e6f173" refkind="member"><highlight class="normal"><ref refid="class_b_o_a_1ad42dc670d422172c9bcf9b3d354c8a3c" kindref="member">BOA::BOA</ref>(</highlight><highlight class="keyword">const</highlight><highlight class="normal"><sp/><ref refid="class_b_o_a" kindref="compound">BOA</ref>&amp;<sp/>orig)<sp/>{</highlight></codeline>
<codeline lineno="13"><highlight class="normal">}</highlight></codeline>
<codeline lineno="14"><highlight class="normal"></highlight></codeline>
<codeline lineno="15" refid="class_b_o_a_1abe27b17a23ceffc6269dbe6d81de5212" refkind="member"><highlight class="normal"><ref refid="class_b_o_a_1abe27b17a23ceffc6269dbe6d81de5212" kindref="member">BOA::~BOA</ref>()<sp/>{</highlight></codeline>
<codeline lineno="16"><highlight class="normal">}</highlight></codeline>
<codeline lineno="22" refid="class_b_o_a_1a46ace5d3c945a423e93912673cadfad5" refkind="member"><highlight class="normal">std::shared_ptr&lt;OSTM&gt;<sp/><ref refid="class_b_o_a_1a46ace5d3c945a423e93912673cadfad5" kindref="member">BOA::getBaseCopy</ref>(std::shared_ptr&lt;OSTM&gt;<sp/></highlight><highlight class="keywordtype">object</highlight><highlight class="normal">)</highlight></codeline>
<codeline lineno="23"><highlight class="normal">{</highlight></codeline>
<codeline lineno="24"><highlight class="normal"><sp/><sp/><sp/><sp/><sp/><sp/><sp/><sp/>std::shared_ptr&lt;BANK&gt;<sp/>objTO<sp/>=<sp/>std::dynamic_pointer_cast&lt;<ref refid="class_b_a_n_k" kindref="compound">BANK</ref>&gt;(object);</highlight></codeline>
<codeline lineno="25"><highlight class="normal"><sp/><sp/><sp/><sp/>std::shared_ptr&lt;BANK&gt;<sp/>obj(</highlight><highlight class="keyword">new</highlight><highlight class="normal"><sp/><ref refid="class_b_o_a_1ad42dc670d422172c9bcf9b3d354c8a3c" kindref="member">BOA</ref>(objTO,object-&gt;Get_Version(),</highlight><highlight class="keywordtype">object</highlight><highlight class="normal">-&gt;Get_Unique_ID()));<sp/></highlight></codeline>
<codeline lineno="26"><highlight class="normal"><sp/><sp/><sp/><sp/><sp/><sp/><sp/><sp/>std::shared_ptr&lt;OSTM&gt;<sp/>ostm_obj<sp/>=<sp/>std::dynamic_pointer_cast&lt;<ref refid="class_o_s_t_m" kindref="compound">OSTM</ref>&gt;(obj);</highlight></codeline>
<codeline lineno="27"><highlight class="normal"><sp/><sp/><sp/><sp/></highlight><highlight class="keywordflow">return</highlight><highlight class="normal"><sp/>ostm_obj;</highlight></codeline>
<codeline lineno="28"><highlight class="normal">}</highlight></codeline>
<codeline lineno="34" refid="class_b_o_a_1a54fbcabb55b22fb72f45986768974403" refkind="member"><highlight class="keywordtype">void</highlight><highlight class="normal"><sp/><ref refid="class_b_o_a_1a54fbcabb55b22fb72f45986768974403" kindref="member">BOA::copy</ref>(std::shared_ptr&lt;OSTM&gt;<sp/>to,<sp/>std::shared_ptr&lt;OSTM&gt;<sp/>from){</highlight></codeline>
<codeline lineno="35"><highlight class="normal"></highlight></codeline>
<codeline lineno="36"><highlight class="normal"><sp/><sp/><sp/><sp/>std::shared_ptr&lt;BOA&gt;<sp/>objTO<sp/>=<sp/>std::dynamic_pointer_cast&lt;<ref refid="class_b_o_a" kindref="compound">BOA</ref>&gt;(to);</highlight></codeline>
<codeline lineno="37"><highlight class="normal"><sp/><sp/><sp/><sp/>std::shared_ptr&lt;BOA&gt;<sp/>objFROM<sp/>=<sp/>std::dynamic_pointer_cast&lt;<ref refid="class_b_o_a" kindref="compound">BOA</ref>&gt;(from);</highlight></codeline>
<codeline lineno="38"><highlight class="normal"><sp/><sp/><sp/><sp/>objTO-&gt;<ref refid="class_o_s_t_m_1ab5019a32185631c08abbf826422f2d93" kindref="member">Set_Unique_ID</ref>(objFROM-&gt;Get_Unique_ID());</highlight></codeline>
<codeline lineno="39"><highlight class="normal"><sp/><sp/><sp/><sp/>objTO-&gt;Set_Version(objFROM-&gt;Get_Version());</highlight></codeline>
<codeline lineno="40"><highlight class="normal"><sp/><sp/><sp/><sp/>objTO-&gt;SetAccountNumber(objFROM-&gt;GetAccountNumber());</highlight></codeline>
<codeline lineno="41"><highlight class="normal"><sp/><sp/><sp/><sp/>objTO-&gt;SetBalance(objFROM-&gt;GetBalance());</highlight></codeline>
<codeline lineno="42"><highlight class="normal"><sp/><sp/><sp/><sp/><sp/><sp/><sp/><sp/></highlight></codeline>
<codeline lineno="43"><highlight class="normal">}</highlight></codeline>
<codeline lineno="47"><highlight class="comment">//std::shared_ptr&lt;BOA&gt;<sp/>BOA::_cast(std::shared_ptr&lt;OSTM&gt;<sp/>_object){</highlight><highlight class="normal"></highlight></codeline>
<codeline lineno="48"><highlight class="normal"></highlight><highlight class="comment">//</highlight><highlight class="normal"></highlight></codeline>
<codeline lineno="49"><highlight class="normal"></highlight><highlight class="comment">//<sp/><sp/><sp/><sp/>return<sp/>std::static_pointer_cast&lt;BOA&gt;(_object);</highlight><highlight class="normal"></highlight></codeline>
<codeline lineno="50"><highlight class="normal"></highlight><highlight class="comment">//}</highlight></codeline>
<codeline lineno="54" refid="class_b_o_a_1a348df0299997f81bcad0ec034dab0b8d" refkind="member"><highlight class="comment"></highlight><highlight class="keywordtype">void</highlight><highlight class="normal"><sp/><ref refid="class_b_o_a_1a348df0299997f81bcad0ec034dab0b8d" kindref="member">BOA::toString</ref>()</highlight></codeline>
<codeline lineno="55"><highlight class="normal">{</highlight></codeline>
<codeline lineno="56"><highlight class="normal"><sp/><sp/><sp/></highlight><highlight class="comment">//<sp/>std::cout<sp/>&lt;&lt;<sp/>&quot;\nUnique<sp/>ID<sp/>:<sp/>&quot;<sp/>&lt;&lt;<sp/>this-&gt;GetUniqueID()<sp/>&lt;&lt;<sp/>&quot;\nInt<sp/>value<sp/>:<sp/>&quot;<sp/>&lt;&lt;<sp/>this-&gt;GetV_int()<sp/>&lt;&lt;<sp/>&quot;\nDouble<sp/>value<sp/>:<sp/>&quot;<sp/>&lt;&lt;<sp/>this-&gt;GetV_double()<sp/>&lt;&lt;<sp/>&quot;\nFloat<sp/>value<sp/>:<sp/>&quot;<sp/>&lt;&lt;<sp/>this-&gt;GetV_float()<sp/>&lt;&lt;<sp/>&quot;\nString<sp/>value<sp/>:<sp/>&quot;<sp/>&lt;&lt;<sp/>this-&gt;GetV_string()<sp/><sp/>&lt;&lt;<sp/>&quot;\nVersion<sp/>number<sp/>:<sp/>&quot;<sp/>&lt;&lt;<sp/>this-&gt;GetVersion()<sp/>&lt;&lt;<sp/>&quot;\nLoad<sp/>Counter<sp/>:<sp/>&quot;&lt;&lt;<sp/>this-&gt;GetLoadCounter()<sp/>&lt;&lt;<sp/>&quot;\nWrite<sp/>Counter<sp/>:<sp/>&quot;&lt;&lt;<sp/>this-&gt;GetWriteCounter()<sp/>&lt;&lt;<sp/>std::endl;</highlight><highlight class="normal"></highlight></codeline>
<codeline lineno="57"><highlight class="normal"><sp/><sp/><sp/><sp/><sp/>std::cout<sp/>&lt;&lt;<sp/></highlight><highlight class="stringliteral">&quot;\nBOA<sp/>BANK&quot;</highlight><highlight class="normal"><sp/>&lt;&lt;<sp/></highlight><highlight class="stringliteral">&quot;\nUnique<sp/>ID<sp/>:<sp/>&quot;</highlight><highlight class="normal"><sp/>&lt;&lt;<sp/>this-&gt;<ref refid="class_o_s_t_m_1a5a01a8b98d16b1d1904ecf9356e7b71d" kindref="member">Get_Unique_ID</ref>()<sp/>&lt;&lt;<sp/></highlight><highlight class="stringliteral">&quot;\nInt<sp/>account<sp/>:<sp/>&quot;</highlight><highlight class="normal"><sp/>&lt;&lt;<sp/>this-&gt;<ref refid="class_b_o_a_1ad64bd63675f8902153aa6767994f05dc" kindref="member">GetAccountNumber</ref>()<sp/>&lt;&lt;<sp/></highlight><highlight class="stringliteral">&quot;\nDouble<sp/>value<sp/>:<sp/>&quot;</highlight><highlight class="normal"><sp/>&lt;&lt;<sp/>this-&gt;<ref refid="class_b_o_a_1a07e30b7e5f5f20392b94af7344fd550c" kindref="member">GetBalance</ref>()<sp/>&lt;&lt;<sp/></highlight><highlight class="stringliteral">&quot;\nFirst<sp/>name:<sp/>&quot;</highlight><highlight class="normal"><sp/>&lt;&lt;<sp/>this-&gt;<ref refid="class_b_o_a_1ae6bb3df4e1fb210610325ffd1985c7c0" kindref="member">GetFirstName</ref>()<sp/>&lt;&lt;<sp/></highlight><highlight class="stringliteral">&quot;\nLast<sp/>name<sp/>:<sp/>&quot;</highlight><highlight class="normal"><sp/>&lt;&lt;<sp/>this-&gt;<ref refid="class_b_o_a_1a081383edefc1f66b80c3fb8862ab070b" kindref="member">GetLastName</ref>()<sp/><sp/>&lt;&lt;<sp/></highlight><highlight class="stringliteral">&quot;\nVersion<sp/>number<sp/>:<sp/>&quot;</highlight><highlight class="normal"><sp/>&lt;&lt;<sp/>this-&gt;<ref refid="class_o_s_t_m_1a1f1db9d482f22c8e7caa17dfb340626b" kindref="member">Get_Version</ref>()<sp/>&lt;&lt;<sp/>std::endl;</highlight></codeline>
<codeline lineno="58"><highlight class="normal">}</highlight></codeline>
<codeline lineno="59"><highlight class="normal"></highlight></codeline>
<codeline lineno="60" refid="class_b_o_a_1a2568c0027af6534bd08dde882e892caf" refkind="member"><highlight class="normal"></highlight><highlight class="keywordtype">void</highlight><highlight class="normal"><sp/><ref refid="class_b_o_a_1a2568c0027af6534bd08dde882e892caf" kindref="member">BOA::SetAddress</ref>(std::string<sp/>address)<sp/>{</highlight></codeline>
<codeline lineno="61"><highlight class="normal"><sp/><sp/><sp/><sp/>this-&gt;address<sp/>=<sp/>address;</highlight></codeline>
<codeline lineno="62"><highlight class="normal">}</highlight></codeline>
<codeline lineno="63"><highlight class="normal"></highlight></codeline>
<codeline lineno="64" refid="class_b_o_a_1aa4aa2cf1ef0e876bb7911c00b5374493" refkind="member"><highlight class="normal">std::string<sp/><ref refid="class_b_o_a_1aa4aa2cf1ef0e876bb7911c00b5374493" kindref="member">BOA::GetAddress</ref>()</highlight><highlight class="keyword"><sp/>const<sp/></highlight><highlight class="normal">{</highlight></codeline>
<codeline lineno="65"><highlight class="normal"><sp/><sp/><sp/><sp/></highlight><highlight class="keywordflow">return</highlight><highlight class="normal"><sp/>address;</highlight></codeline>
<codeline lineno="66"><highlight class="normal">}</highlight></codeline>
<codeline lineno="67"><highlight class="normal"></highlight></codeline>
<codeline lineno="68" refid="class_b_o_a_1a0e06a7b7669b6a26a41b37d68f0a87b8" refkind="member"><highlight class="normal"></highlight><highlight class="keywordtype">void</highlight><highlight class="normal"><sp/><ref refid="class_b_o_a_1a0e06a7b7669b6a26a41b37d68f0a87b8" kindref="member">BOA::SetBalance</ref>(</highlight><highlight class="keywordtype">double</highlight><highlight class="normal"><sp/>balance)<sp/>{</highlight></codeline>
<codeline lineno="69"><highlight class="normal"><sp/><sp/><sp/><sp/>this-&gt;balance<sp/>=<sp/>balance;</highlight></codeline>
<codeline lineno="70"><highlight class="normal">}</highlight></codeline>
<codeline lineno="71"><highlight class="normal"></highlight></codeline>
<codeline lineno="72" refid="class_b_o_a_1a07e30b7e5f5f20392b94af7344fd550c" refkind="member"><highlight class="normal"></highlight><highlight class="keywordtype">double</highlight><highlight class="normal"><sp/><ref refid="class_b_o_a_1a07e30b7e5f5f20392b94af7344fd550c" kindref="member">BOA::GetBalance</ref>()</highlight><highlight class="keyword"><sp/>const<sp/></highlight><highlight class="normal">{</highlight></codeline>
<codeline lineno="73"><highlight class="normal"><sp/><sp/><sp/><sp/></highlight><highlight class="keywordflow">return</highlight><highlight class="normal"><sp/>balance;</highlight></codeline>
<codeline lineno="74"><highlight class="normal">}</highlight></codeline>
<codeline lineno="75"><highlight class="normal"></highlight></codeline>
<codeline lineno="76" refid="class_b_o_a_1a6b85963680344bd719ab862a50a09588" refkind="member"><highlight class="normal"></highlight><highlight class="keywordtype">void</highlight><highlight class="normal"><sp/><ref refid="class_b_o_a_1a6b85963680344bd719ab862a50a09588" kindref="member">BOA::SetAccountNumber</ref>(</highlight><highlight class="keywordtype">int</highlight><highlight class="normal"><sp/>accountNumber)<sp/>{</highlight></codeline>
<codeline lineno="77"><highlight class="normal"><sp/><sp/><sp/><sp/>this-&gt;accountNumber<sp/>=<sp/>accountNumber;</highlight></codeline>
<codeline lineno="78"><highlight class="normal">}</highlight></codeline>
<codeline lineno="79"><highlight class="normal"></highlight></codeline>
<codeline lineno="80" refid="class_b_o_a_1ad64bd63675f8902153aa6767994f05dc" refkind="member"><highlight class="normal"></highlight><highlight class="keywordtype">int</highlight><highlight class="normal"><sp/><ref refid="class_b_o_a_1ad64bd63675f8902153aa6767994f05dc" kindref="member">BOA::GetAccountNumber</ref>()</highlight><highlight class="keyword"><sp/>const<sp/></highlight><highlight class="normal">{</highlight></codeline>
<codeline lineno="81"><highlight class="normal"><sp/><sp/><sp/><sp/></highlight><highlight class="keywordflow">return</highlight><highlight class="normal"><sp/>accountNumber;</highlight></codeline>
<codeline lineno="82"><highlight class="normal">}</highlight></codeline>
<codeline lineno="83"><highlight class="normal"></highlight></codeline>
<codeline lineno="84" refid="class_b_o_a_1a7ea44308c05532cd11ff3ce8f14ea4c2" refkind="member"><highlight class="normal"></highlight><highlight class="keywordtype">void</highlight><highlight class="normal"><sp/><ref refid="class_b_o_a_1a7ea44308c05532cd11ff3ce8f14ea4c2" kindref="member">BOA::SetLastName</ref>(std::string<sp/>lastName)<sp/>{</highlight></codeline>
<codeline lineno="85"><highlight class="normal"><sp/><sp/><sp/><sp/>this-&gt;lastName<sp/>=<sp/>lastName;</highlight></codeline>
<codeline lineno="86"><highlight class="normal">}</highlight></codeline>
<codeline lineno="87"><highlight class="normal"></highlight></codeline>
<codeline lineno="88" refid="class_b_o_a_1a081383edefc1f66b80c3fb8862ab070b" refkind="member"><highlight class="normal">std::string<sp/><ref refid="class_b_o_a_1a081383edefc1f66b80c3fb8862ab070b" kindref="member">BOA::GetLastName</ref>()</highlight><highlight class="keyword"><sp/>const<sp/></highlight><highlight class="normal">{</highlight></codeline>
<codeline lineno="89"><highlight class="normal"><sp/><sp/><sp/><sp/></highlight><highlight class="keywordflow">return</highlight><highlight class="normal"><sp/>lastName;</highlight></codeline>
<codeline lineno="90"><highlight class="normal">}</highlight></codeline>
<codeline lineno="91"><highlight class="normal"></highlight></codeline>
<codeline lineno="92" refid="class_b_o_a_1a32fabc2b3acde832f3749696b302a0fe" refkind="member"><highlight class="normal"></highlight><highlight class="keywordtype">void</highlight><highlight class="normal"><sp/><ref refid="class_b_o_a_1a32fabc2b3acde832f3749696b302a0fe" kindref="member">BOA::SetFirstName</ref>(std::string<sp/>firstName)<sp/>{</highlight></codeline>
<codeline lineno="93"><highlight class="normal"><sp/><sp/><sp/><sp/>this-&gt;firstName<sp/>=<sp/>firstName;</highlight></codeline>
<codeline lineno="94"><highlight class="normal">}</highlight></codeline>
<codeline lineno="95"><highlight class="normal"></highlight></codeline>
<codeline lineno="96" refid="class_b_o_a_1ae6bb3df4e1fb210610325ffd1985c7c0" refkind="member"><highlight class="normal">std::string<sp/><ref refid="class_b_o_a_1ae6bb3df4e1fb210610325ffd1985c7c0" kindref="member">BOA::GetFirstName</ref>()</highlight><highlight class="keyword"><sp/>const<sp/></highlight><highlight class="normal">{</highlight></codeline>
<codeline lineno="97"><highlight class="normal"><sp/><sp/><sp/><sp/></highlight><highlight class="keywordflow">return</highlight><highlight class="normal"><sp/>firstName;</highlight></codeline>
<codeline lineno="98"><highlight class="normal">}</highlight></codeline>
<codeline lineno="99"><highlight class="normal"></highlight></codeline>
<codeline lineno="100" refid="class_b_o_a_1a7ff134d56805088f46df8eb6f21a0a45" refkind="member"><highlight class="normal"></highlight><highlight class="keywordtype">void</highlight><highlight class="normal"><sp/><ref refid="class_b_o_a_1a7ff134d56805088f46df8eb6f21a0a45" kindref="member">BOA::SetFullname</ref>(std::string<sp/>fullname)<sp/>{</highlight></codeline>
<codeline lineno="101"><highlight class="normal"><sp/><sp/><sp/><sp/>this-&gt;fullname<sp/>=<sp/>fullname;</highlight></codeline>
<codeline lineno="102"><highlight class="normal">}</highlight></codeline>
<codeline lineno="103"><highlight class="normal"></highlight></codeline>
<codeline lineno="104" refid="class_b_o_a_1afafa24a20fda93382782cab66a3079ee" refkind="member"><highlight class="normal">std::string<sp/><ref refid="class_b_o_a_1afafa24a20fda93382782cab66a3079ee" kindref="member">BOA::GetFullname</ref>()</highlight><highlight class="keyword"><sp/>const<sp/></highlight><highlight class="normal">{</highlight></codeline>
<codeline lineno="105"><highlight class="normal"><sp/><sp/><sp/><sp/></highlight><highlight class="keywordflow">return</highlight><highlight class="normal"><sp/>fullname;</highlight></codeline>
<codeline lineno="106"><highlight class="normal">}</highlight></codeline>
<codeline lineno="107"><highlight class="normal"></highlight></codeline>
    </programlisting>
    <location file="BOA.cpp"/>
  </compounddef>
</doxygen>
