<?xml version='1.0' encoding='UTF-8' standalone='no'?>
<doxygen xmlns:xsi="http://www.w3.org/2001/XMLSchema-instance" xsi:noNamespaceSchemaLocation="compound.xsd" version="1.8.11">
  <compounddef id="_b_o_a_8h" kind="file" language="C++">
    <compoundname>BOA.h</compoundname>
    <includes refid="_b_a_n_k_8h" local="yes">BANK.h</includes>
    <includes local="no">string</includes>
    <includes local="no">memory</includes>
    <includes local="no">iostream</includes>
    <includedby refid="_b_o_a_8cpp" local="yes">BOA.cpp</includedby>
    <includedby refid="main_8cpp" local="yes">main.cpp</includedby>
    <incdepgraph>
      <node id="489">
        <label>BOA.h</label>
        <link refid="BOA.h"/>
        <childnode refid="490" relation="include">
        </childnode>
        <childnode refid="494" relation="include">
        </childnode>
        <childnode refid="493" relation="include">
        </childnode>
        <childnode refid="495" relation="include">
        </childnode>
      </node>
      <node id="494">
        <label>string</label>
      </node>
      <node id="491">
        <label>OSTM.h</label>
        <link refid="_o_s_t_m_8h"/>
        <childnode refid="492" relation="include">
        </childnode>
        <childnode refid="493" relation="include">
        </childnode>
        <childnode refid="494" relation="include">
        </childnode>
        <childnode refid="495" relation="include">
        </childnode>
      </node>
      <node id="495">
        <label>iostream</label>
      </node>
      <node id="492">
        <label>mutex</label>
      </node>
      <node id="490">
        <label>BANK.h</label>
        <link refid="_b_a_n_k_8h"/>
        <childnode refid="491" relation="include">
        </childnode>
      </node>
      <node id="493">
        <label>memory</label>
      </node>
    </incdepgraph>
    <invincdepgraph>
      <node id="496">
        <label>BOA.h</label>
        <link refid="BOA.h"/>
        <childnode refid="497" relation="include">
        </childnode>
        <childnode refid="498" relation="include">
        </childnode>
      </node>
      <node id="497">
        <label>BOA.cpp</label>
        <link refid="_b_o_a_8cpp"/>
      </node>
      <node id="498">
        <label>main.cpp</label>
        <link refid="main_8cpp"/>
      </node>
    </invincdepgraph>
    <innerclass refid="class_b_o_a" prot="public">BOA</innerclass>
    <briefdescription>
    </briefdescription>
    <detaileddescription>
    </detaileddescription>
    <programlisting>
<codeline lineno="1"><highlight class="comment">/*<sp/></highlight></codeline>
<codeline lineno="2"><highlight class="comment"><sp/>*<sp/>File:<sp/><sp/><sp/>BOA.h</highlight></codeline>
<codeline lineno="3"><highlight class="comment"><sp/>*<sp/>Author:<sp/>Zoltan<sp/>Fuzesi</highlight></codeline>
<codeline lineno="4"><highlight class="comment"><sp/>*<sp/>IT<sp/>Carlow<sp/>:<sp/>C00197361</highlight></codeline>
<codeline lineno="5"><highlight class="comment"><sp/>*</highlight></codeline>
<codeline lineno="6"><highlight class="comment"><sp/>*<sp/>Created<sp/>on<sp/>January<sp/>17,<sp/>2018,<sp/>8:02<sp/>PM</highlight></codeline>
<codeline lineno="7"><highlight class="comment"><sp/>*/</highlight><highlight class="normal"></highlight></codeline>
<codeline lineno="8"><highlight class="normal"></highlight></codeline>
<codeline lineno="9"><highlight class="normal"></highlight><highlight class="preprocessor">#ifndef<sp/>BOA_H</highlight><highlight class="normal"></highlight></codeline>
<codeline lineno="10"><highlight class="normal"></highlight><highlight class="preprocessor">#define<sp/>BOA_H</highlight><highlight class="normal"></highlight></codeline>
<codeline lineno="11"><highlight class="normal"></highlight><highlight class="preprocessor">#include<sp/>&quot;<ref refid="_b_a_n_k_8h" kindref="compound">BANK.h</ref>&quot;</highlight><highlight class="normal"></highlight></codeline>
<codeline lineno="12"><highlight class="normal"></highlight><highlight class="preprocessor">#include<sp/>&lt;string&gt;</highlight><highlight class="normal"></highlight></codeline>
<codeline lineno="13"><highlight class="normal"></highlight><highlight class="preprocessor">#include<sp/>&lt;memory&gt;</highlight><highlight class="normal"></highlight></codeline>
<codeline lineno="14"><highlight class="normal"></highlight><highlight class="preprocessor">#include<sp/>&lt;iostream&gt;</highlight></codeline>
<codeline lineno="18" refid="class_b_o_a" refkind="compound"><highlight class="keyword">class<sp/></highlight><highlight class="normal"><ref refid="class_b_o_a" kindref="compound">BOA</ref><sp/>:<sp/></highlight><highlight class="keyword">public</highlight><highlight class="normal"><sp/><ref refid="class_b_a_n_k" kindref="compound">BANK</ref><sp/>{</highlight></codeline>
<codeline lineno="19"><highlight class="normal"></highlight><highlight class="keyword">public</highlight><highlight class="normal">:</highlight></codeline>
<codeline lineno="20"><highlight class="normal"></highlight></codeline>
<codeline lineno="24" refid="class_b_o_a_1ad42dc670d422172c9bcf9b3d354c8a3c" refkind="member"><highlight class="normal"><sp/><sp/><sp/><sp/><ref refid="class_b_o_a_1ad42dc670d422172c9bcf9b3d354c8a3c" kindref="member">BOA</ref>()<sp/>:<sp/><ref refid="class_b_a_n_k" kindref="compound">BANK</ref>()<sp/>{</highlight></codeline>
<codeline lineno="25"><highlight class="normal"><sp/><sp/><sp/><sp/><sp/><sp/><sp/><sp/>this-&gt;accountNumber<sp/>=<sp/>0;</highlight></codeline>
<codeline lineno="26"><highlight class="normal"><sp/><sp/><sp/><sp/><sp/><sp/><sp/><sp/>this-&gt;balance<sp/>=<sp/>50;</highlight></codeline>
<codeline lineno="27"><highlight class="normal"><sp/><sp/><sp/><sp/><sp/><sp/><sp/><sp/>this-&gt;firstName<sp/>=<sp/></highlight><highlight class="stringliteral">&quot;Joe&quot;</highlight><highlight class="normal">;</highlight></codeline>
<codeline lineno="28"><highlight class="normal"><sp/><sp/><sp/><sp/><sp/><sp/><sp/><sp/>this-&gt;lastName<sp/>=<sp/></highlight><highlight class="stringliteral">&quot;Blog&quot;</highlight><highlight class="normal">;</highlight></codeline>
<codeline lineno="29"><highlight class="normal"><sp/><sp/><sp/><sp/><sp/><sp/><sp/><sp/>this-&gt;address<sp/>=<sp/></highlight><highlight class="stringliteral">&quot;High<sp/>street,<sp/>Carlow&quot;</highlight><highlight class="normal">;</highlight></codeline>
<codeline lineno="30"><highlight class="normal"><sp/><sp/><sp/><sp/><sp/><sp/><sp/><sp/>this-&gt;fullname<sp/>=<sp/>firstName<sp/>+<sp/></highlight><highlight class="stringliteral">&quot;<sp/>&quot;</highlight><highlight class="normal"><sp/>+<sp/>lastName;</highlight></codeline>
<codeline lineno="31"><highlight class="normal"><sp/><sp/><sp/><sp/>};</highlight></codeline>
<codeline lineno="35" refid="class_b_o_a_1a898c8627b8976bbe1a7d0fc780642b25" refkind="member"><highlight class="normal"><sp/><sp/><sp/><sp/><ref refid="class_b_o_a_1a898c8627b8976bbe1a7d0fc780642b25" kindref="member">BOA</ref>(</highlight><highlight class="keywordtype">int</highlight><highlight class="normal"><sp/>accountNumber,<sp/></highlight><highlight class="keywordtype">double</highlight><highlight class="normal"><sp/>balance,<sp/>std::string<sp/>firstName,<sp/>std::string<sp/>lastName,<sp/>std::string<sp/>address)<sp/>:<sp/><ref refid="class_b_a_n_k" kindref="compound">BANK</ref>()<sp/>{</highlight></codeline>
<codeline lineno="36"><highlight class="normal"><sp/><sp/><sp/><sp/><sp/><sp/><sp/><sp/>this-&gt;accountNumber<sp/>=<sp/>accountNumber;</highlight></codeline>
<codeline lineno="37"><highlight class="normal"><sp/><sp/><sp/><sp/><sp/><sp/><sp/><sp/>this-&gt;balance<sp/>=<sp/>balance;</highlight></codeline>
<codeline lineno="38"><highlight class="normal"><sp/><sp/><sp/><sp/><sp/><sp/><sp/><sp/>this-&gt;firstName<sp/>=<sp/>firstName;</highlight></codeline>
<codeline lineno="39"><highlight class="normal"><sp/><sp/><sp/><sp/><sp/><sp/><sp/><sp/>this-&gt;lastName<sp/>=<sp/>lastName;</highlight></codeline>
<codeline lineno="40"><highlight class="normal"><sp/><sp/><sp/><sp/><sp/><sp/><sp/><sp/>this-&gt;address<sp/>=<sp/>address;</highlight></codeline>
<codeline lineno="41"><highlight class="normal"><sp/><sp/><sp/><sp/><sp/><sp/><sp/><sp/>this-&gt;fullname<sp/>=<sp/>firstName<sp/>+<sp/></highlight><highlight class="stringliteral">&quot;<sp/>&quot;</highlight><highlight class="normal"><sp/>+<sp/>lastName;</highlight></codeline>
<codeline lineno="42"><highlight class="normal"><sp/><sp/><sp/><sp/>};</highlight></codeline>
<codeline lineno="46" refid="class_b_o_a_1ab87192ed986e601c2eb682ea3745daf0" refkind="member"><highlight class="normal"><sp/><sp/><sp/><sp/><ref refid="class_b_o_a_1ab87192ed986e601c2eb682ea3745daf0" kindref="member">BOA</ref>(std::shared_ptr&lt;BANK&gt;<sp/>obj,<sp/></highlight><highlight class="keywordtype">int</highlight><highlight class="normal"><sp/>_version,<sp/></highlight><highlight class="keywordtype">int</highlight><highlight class="normal"><sp/>_unique_id)<sp/>:<sp/><ref refid="class_b_a_n_k" kindref="compound">BANK</ref>(_version,<sp/>_unique_id)<sp/>{</highlight></codeline>
<codeline lineno="47"><highlight class="normal"><sp/></highlight></codeline>
<codeline lineno="48"><highlight class="normal"><sp/><sp/><sp/><sp/><sp/><sp/><sp/><sp/>this-&gt;accountNumber<sp/>=<sp/>obj-&gt;GetAccountNumber();</highlight></codeline>
<codeline lineno="49"><highlight class="normal"><sp/><sp/><sp/><sp/><sp/><sp/><sp/><sp/>this-&gt;balance<sp/>=<sp/>obj-&gt;GetBalance();</highlight></codeline>
<codeline lineno="50"><highlight class="normal"><sp/><sp/><sp/><sp/><sp/><sp/><sp/><sp/>this-&gt;firstName<sp/>=<sp/>obj-&gt;GetFirstName();</highlight></codeline>
<codeline lineno="51"><highlight class="normal"><sp/><sp/><sp/><sp/><sp/><sp/><sp/><sp/>this-&gt;lastName<sp/>=<sp/>obj-&gt;GetLastName();</highlight></codeline>
<codeline lineno="52"><highlight class="normal"><sp/><sp/><sp/><sp/><sp/><sp/><sp/><sp/>this-&gt;address<sp/>=<sp/>obj-&gt;GetAddress();</highlight></codeline>
<codeline lineno="53"><highlight class="normal"><sp/><sp/><sp/><sp/><sp/><sp/><sp/><sp/>this-&gt;fullname<sp/>=<sp/>obj-&gt;GetFirstName()<sp/>+<sp/></highlight><highlight class="stringliteral">&quot;<sp/>&quot;</highlight><highlight class="normal"><sp/>+<sp/>obj-&gt;GetLastName();</highlight></codeline>
<codeline lineno="54"><highlight class="normal"><sp/><sp/><sp/><sp/>};</highlight></codeline>
<codeline lineno="55"><highlight class="normal"></highlight></codeline>
<codeline lineno="56"><highlight class="normal"></highlight></codeline>
<codeline lineno="60"><highlight class="normal"><sp/><sp/><sp/><sp/><ref refid="class_b_o_a_1ad42dc670d422172c9bcf9b3d354c8a3c" kindref="member">BOA</ref>(</highlight><highlight class="keyword">const</highlight><highlight class="normal"><sp/><ref refid="class_b_o_a" kindref="compound">BOA</ref>&amp;<sp/>orig);</highlight></codeline>
<codeline lineno="64" refid="class_b_o_a_1af24b66f0e072b29abbbe5812cab48369" refkind="member"><highlight class="normal"><sp/><sp/><sp/><sp/><ref refid="class_b_o_a" kindref="compound">BOA</ref><sp/><ref refid="class_b_o_a_1af24b66f0e072b29abbbe5812cab48369" kindref="member">operator=</ref>(</highlight><highlight class="keyword">const</highlight><highlight class="normal"><sp/><ref refid="class_b_o_a" kindref="compound">BOA</ref>&amp;<sp/>orig)<sp/>{</highlight></codeline>
<codeline lineno="65"><highlight class="normal"><sp/><sp/><sp/><sp/>};</highlight></codeline>
<codeline lineno="69"><highlight class="normal"><sp/><sp/><sp/><sp/></highlight><highlight class="keyword">virtual</highlight><highlight class="normal"><sp/><ref refid="class_b_o_a_1abe27b17a23ceffc6269dbe6d81de5212" kindref="member">~BOA</ref>();</highlight></codeline>
<codeline lineno="70"><highlight class="normal"><sp/><sp/><sp/><sp/></highlight></codeline>
<codeline lineno="71"><highlight class="normal"><sp/><sp/><sp/><sp/></highlight><highlight class="comment">/*</highlight></codeline>
<codeline lineno="72"><highlight class="comment"><sp/><sp/><sp/><sp/><sp/>*<sp/>Implement<sp/>OSTM<sp/>virtual<sp/>methods</highlight></codeline>
<codeline lineno="73"><highlight class="comment"><sp/><sp/><sp/><sp/><sp/>*/</highlight><highlight class="normal"></highlight></codeline>
<codeline lineno="74"><highlight class="normal"><sp/><sp/><sp/><sp/></highlight><highlight class="comment">//virtual<sp/>std::shared_ptr&lt;BOA&gt;<sp/>_cast(std::shared_ptr&lt;OSTM&gt;<sp/>_object);</highlight><highlight class="normal"></highlight></codeline>
<codeline lineno="75"><highlight class="normal"><sp/><sp/><sp/><sp/></highlight><highlight class="keyword">virtual</highlight><highlight class="normal"><sp/></highlight><highlight class="keywordtype">void</highlight><highlight class="normal"><sp/><ref refid="class_b_o_a_1a54fbcabb55b22fb72f45986768974403" kindref="member">copy</ref>(std::shared_ptr&lt;OSTM&gt;<sp/>to,<sp/>std::shared_ptr&lt;OSTM&gt;<sp/>from);</highlight></codeline>
<codeline lineno="76"><highlight class="normal"><sp/><sp/><sp/><sp/></highlight><highlight class="keyword">virtual</highlight><highlight class="normal"><sp/>std::shared_ptr&lt;OSTM&gt;<sp/><ref refid="class_b_o_a_1a46ace5d3c945a423e93912673cadfad5" kindref="member">getBaseCopy</ref>(std::shared_ptr&lt;OSTM&gt;<sp/></highlight><highlight class="keywordtype">object</highlight><highlight class="normal">);</highlight></codeline>
<codeline lineno="77"><highlight class="normal"><sp/><sp/><sp/><sp/></highlight><highlight class="keyword">virtual</highlight><highlight class="normal"><sp/></highlight><highlight class="keywordtype">void</highlight><highlight class="normal"><sp/><ref refid="class_b_o_a_1a348df0299997f81bcad0ec034dab0b8d" kindref="member">toString</ref>();</highlight></codeline>
<codeline lineno="78"><highlight class="normal"><sp/><sp/><sp/><sp/></highlight></codeline>
<codeline lineno="79"><highlight class="normal"><sp/><sp/><sp/><sp/></highlight><highlight class="comment">/*</highlight></codeline>
<codeline lineno="80"><highlight class="comment"><sp/><sp/><sp/><sp/><sp/>*<sp/>Implement<sp/>BANK<sp/>virtual<sp/>methods</highlight></codeline>
<codeline lineno="81"><highlight class="comment"><sp/><sp/><sp/><sp/><sp/>*/</highlight><highlight class="normal"></highlight></codeline>
<codeline lineno="82"><highlight class="normal"><sp/><sp/><sp/><sp/></highlight><highlight class="keyword">virtual</highlight><highlight class="normal"><sp/></highlight><highlight class="keywordtype">void</highlight><highlight class="normal"><sp/><ref refid="class_b_o_a_1a2568c0027af6534bd08dde882e892caf" kindref="member">SetAddress</ref>(std::string<sp/>address);</highlight></codeline>
<codeline lineno="83"><highlight class="normal"><sp/><sp/><sp/><sp/></highlight><highlight class="keyword">virtual</highlight><highlight class="normal"><sp/>std::string<sp/><ref refid="class_b_o_a_1aa4aa2cf1ef0e876bb7911c00b5374493" kindref="member">GetAddress</ref>()<sp/></highlight><highlight class="keyword">const</highlight><highlight class="normal">;</highlight></codeline>
<codeline lineno="84"><highlight class="normal"><sp/><sp/><sp/><sp/></highlight><highlight class="keyword">virtual</highlight><highlight class="normal"><sp/></highlight><highlight class="keywordtype">void</highlight><highlight class="normal"><sp/><ref refid="class_b_o_a_1a0e06a7b7669b6a26a41b37d68f0a87b8" kindref="member">SetBalance</ref>(</highlight><highlight class="keywordtype">double</highlight><highlight class="normal"><sp/>balance);</highlight></codeline>
<codeline lineno="85"><highlight class="normal"><sp/><sp/><sp/><sp/></highlight><highlight class="keyword">virtual</highlight><highlight class="normal"><sp/></highlight><highlight class="keywordtype">double</highlight><highlight class="normal"><sp/><ref refid="class_b_o_a_1a07e30b7e5f5f20392b94af7344fd550c" kindref="member">GetBalance</ref>()<sp/></highlight><highlight class="keyword">const</highlight><highlight class="normal">;</highlight></codeline>
<codeline lineno="86"><highlight class="normal"><sp/><sp/><sp/><sp/></highlight><highlight class="keyword">virtual</highlight><highlight class="normal"><sp/></highlight><highlight class="keywordtype">void</highlight><highlight class="normal"><sp/><ref refid="class_b_o_a_1a6b85963680344bd719ab862a50a09588" kindref="member">SetAccountNumber</ref>(</highlight><highlight class="keywordtype">int</highlight><highlight class="normal"><sp/>accountNumber);</highlight></codeline>
<codeline lineno="87"><highlight class="normal"><sp/><sp/><sp/><sp/></highlight><highlight class="keyword">virtual</highlight><highlight class="normal"><sp/></highlight><highlight class="keywordtype">int</highlight><highlight class="normal"><sp/><ref refid="class_b_o_a_1ad64bd63675f8902153aa6767994f05dc" kindref="member">GetAccountNumber</ref>()<sp/></highlight><highlight class="keyword">const</highlight><highlight class="normal">;</highlight></codeline>
<codeline lineno="88"><highlight class="normal"><sp/><sp/><sp/><sp/></highlight><highlight class="keyword">virtual</highlight><highlight class="normal"><sp/></highlight><highlight class="keywordtype">void</highlight><highlight class="normal"><sp/><ref refid="class_b_o_a_1a7ea44308c05532cd11ff3ce8f14ea4c2" kindref="member">SetLastName</ref>(std::string<sp/>lastName);</highlight></codeline>
<codeline lineno="89"><highlight class="normal"><sp/><sp/><sp/><sp/></highlight><highlight class="keyword">virtual</highlight><highlight class="normal"><sp/>std::string<sp/><ref refid="class_b_o_a_1a081383edefc1f66b80c3fb8862ab070b" kindref="member">GetLastName</ref>()<sp/></highlight><highlight class="keyword">const</highlight><highlight class="normal">;</highlight></codeline>
<codeline lineno="90"><highlight class="normal"><sp/><sp/><sp/><sp/></highlight><highlight class="keyword">virtual</highlight><highlight class="normal"><sp/></highlight><highlight class="keywordtype">void</highlight><highlight class="normal"><sp/><ref refid="class_b_o_a_1a32fabc2b3acde832f3749696b302a0fe" kindref="member">SetFirstName</ref>(std::string<sp/>firstName);</highlight></codeline>
<codeline lineno="91"><highlight class="normal"><sp/><sp/><sp/><sp/></highlight><highlight class="keyword">virtual</highlight><highlight class="normal"><sp/>std::string<sp/><ref refid="class_b_o_a_1ae6bb3df4e1fb210610325ffd1985c7c0" kindref="member">GetFirstName</ref>()<sp/></highlight><highlight class="keyword">const</highlight><highlight class="normal">;</highlight></codeline>
<codeline lineno="92"><highlight class="normal"><sp/><sp/><sp/><sp/></highlight><highlight class="keyword">virtual</highlight><highlight class="normal"><sp/></highlight><highlight class="keywordtype">void</highlight><highlight class="normal"><sp/><ref refid="class_b_o_a_1a7ff134d56805088f46df8eb6f21a0a45" kindref="member">SetFullname</ref>(std::string<sp/>fullname);</highlight></codeline>
<codeline lineno="93"><highlight class="normal"><sp/><sp/><sp/><sp/></highlight><highlight class="keyword">virtual</highlight><highlight class="normal"><sp/>std::string<sp/><ref refid="class_b_o_a_1afafa24a20fda93382782cab66a3079ee" kindref="member">GetFullname</ref>()<sp/></highlight><highlight class="keyword">const</highlight><highlight class="normal">;</highlight></codeline>
<codeline lineno="94"><highlight class="normal"></highlight><highlight class="keyword">private</highlight><highlight class="normal">:</highlight></codeline>
<codeline lineno="95"><highlight class="normal"><sp/><sp/><sp/><sp/>std::string<sp/>fullname;</highlight></codeline>
<codeline lineno="96"><highlight class="normal"><sp/><sp/><sp/><sp/>std::string<sp/>firstName;</highlight></codeline>
<codeline lineno="97"><highlight class="normal"><sp/><sp/><sp/><sp/>std::string<sp/>lastName;</highlight></codeline>
<codeline lineno="98"><highlight class="normal"><sp/><sp/><sp/><sp/></highlight><highlight class="keywordtype">int</highlight><highlight class="normal"><sp/>accountNumber;</highlight></codeline>
<codeline lineno="99"><highlight class="normal"><sp/><sp/><sp/><sp/></highlight><highlight class="keywordtype">double</highlight><highlight class="normal"><sp/>balance;</highlight></codeline>
<codeline lineno="100"><highlight class="normal"><sp/><sp/><sp/><sp/>std::string<sp/>address;</highlight></codeline>
<codeline lineno="101"><highlight class="normal"></highlight></codeline>
<codeline lineno="102"><highlight class="normal">};</highlight></codeline>
<codeline lineno="103"><highlight class="normal"></highlight></codeline>
<codeline lineno="104"><highlight class="normal"></highlight><highlight class="preprocessor">#endif<sp/></highlight><highlight class="comment">/*<sp/>BOA_H<sp/>*/</highlight><highlight class="preprocessor"></highlight><highlight class="normal"></highlight></codeline>
<codeline lineno="105"><highlight class="normal"></highlight></codeline>
    </programlisting>
    <location file="BOA.h"/>
  </compounddef>
</doxygen>
