<?xml version='1.0' encoding='UTF-8' standalone='no'?>
<doxygen xmlns:xsi="http://www.w3.org/2001/XMLSchema-instance" xsi:noNamespaceSchemaLocation="compound.xsd" version="1.8.11">
  <compounddef id="_b_o_i_8h" kind="file" language="C++">
    <compoundname>BOI.h</compoundname>
    <includes refid="_b_a_n_k_8h" local="yes">BANK.h</includes>
    <includes local="no">string</includes>
    <includes local="no">memory</includes>
    <includes local="no">iostream</includes>
    <includedby refid="_b_o_i_8cpp" local="yes">BOI.cpp</includedby>
    <includedby refid="main_8cpp" local="yes">main.cpp</includedby>
    <incdepgraph>
      <node id="508">
        <label>BOI.h</label>
        <link refid="BOI.h"/>
        <childnode refid="509" relation="include">
        </childnode>
        <childnode refid="513" relation="include">
        </childnode>
        <childnode refid="512" relation="include">
        </childnode>
        <childnode refid="514" relation="include">
        </childnode>
      </node>
      <node id="513">
        <label>string</label>
      </node>
      <node id="510">
        <label>OSTM.h</label>
        <link refid="_o_s_t_m_8h"/>
        <childnode refid="511" relation="include">
        </childnode>
        <childnode refid="512" relation="include">
        </childnode>
        <childnode refid="513" relation="include">
        </childnode>
        <childnode refid="514" relation="include">
        </childnode>
      </node>
      <node id="514">
        <label>iostream</label>
      </node>
      <node id="511">
        <label>mutex</label>
      </node>
      <node id="509">
        <label>BANK.h</label>
        <link refid="_b_a_n_k_8h"/>
        <childnode refid="510" relation="include">
        </childnode>
      </node>
      <node id="512">
        <label>memory</label>
      </node>
    </incdepgraph>
    <invincdepgraph>
      <node id="515">
        <label>BOI.h</label>
        <link refid="BOI.h"/>
        <childnode refid="516" relation="include">
        </childnode>
        <childnode refid="517" relation="include">
        </childnode>
      </node>
      <node id="516">
        <label>BOI.cpp</label>
        <link refid="_b_o_i_8cpp"/>
      </node>
      <node id="517">
        <label>main.cpp</label>
        <link refid="main_8cpp"/>
      </node>
    </invincdepgraph>
    <innerclass refid="class_b_o_i" prot="public">BOI</innerclass>
    <briefdescription>
    </briefdescription>
    <detaileddescription>
    </detaileddescription>
    <programlisting>
<codeline lineno="1"><highlight class="normal"></highlight></codeline>
<codeline lineno="2"><highlight class="normal"></highlight><highlight class="comment">/*<sp/></highlight></codeline>
<codeline lineno="3"><highlight class="comment"><sp/>*<sp/>File:<sp/><sp/><sp/>BOI.h</highlight></codeline>
<codeline lineno="4"><highlight class="comment"><sp/>*<sp/>Author:<sp/>Zoltan<sp/>Fuzesi</highlight></codeline>
<codeline lineno="5"><highlight class="comment"><sp/>*<sp/>IT<sp/>Carlow<sp/>:<sp/>C00197361</highlight></codeline>
<codeline lineno="6"><highlight class="comment"><sp/>*</highlight></codeline>
<codeline lineno="7"><highlight class="comment"><sp/>*<sp/>Created<sp/>on<sp/>January<sp/>17,<sp/>2018,<sp/>8:02<sp/>PM</highlight></codeline>
<codeline lineno="8"><highlight class="comment"><sp/>*/</highlight><highlight class="normal"></highlight></codeline>
<codeline lineno="9"><highlight class="normal"></highlight></codeline>
<codeline lineno="10"><highlight class="normal"></highlight><highlight class="preprocessor">#ifndef<sp/>BOI_H</highlight><highlight class="normal"></highlight></codeline>
<codeline lineno="11"><highlight class="normal"></highlight><highlight class="preprocessor">#define<sp/>BOI_H</highlight><highlight class="normal"></highlight></codeline>
<codeline lineno="12"><highlight class="normal"></highlight><highlight class="preprocessor">#include<sp/>&quot;<ref refid="_b_a_n_k_8h" kindref="compound">BANK.h</ref>&quot;</highlight><highlight class="normal"></highlight></codeline>
<codeline lineno="13"><highlight class="normal"></highlight><highlight class="preprocessor">#include<sp/>&lt;string&gt;</highlight><highlight class="normal"></highlight></codeline>
<codeline lineno="14"><highlight class="normal"></highlight><highlight class="preprocessor">#include<sp/>&lt;memory&gt;</highlight><highlight class="normal"></highlight></codeline>
<codeline lineno="15"><highlight class="normal"></highlight><highlight class="preprocessor">#include<sp/>&lt;iostream&gt;</highlight></codeline>
<codeline lineno="19" refid="class_b_o_i" refkind="compound"><highlight class="keyword">class<sp/></highlight><highlight class="normal"><ref refid="class_b_o_i" kindref="compound">BOI</ref>:<sp/></highlight><highlight class="keyword">public</highlight><highlight class="normal"><sp/><ref refid="class_b_a_n_k" kindref="compound">BANK</ref><sp/>{</highlight></codeline>
<codeline lineno="20"><highlight class="normal"></highlight><highlight class="keyword">public</highlight><highlight class="normal">:</highlight></codeline>
<codeline lineno="24" refid="class_b_o_i_1a6af682a5f199a029681f0cb2b8658706" refkind="member"><highlight class="normal"><sp/><sp/><sp/><sp/><ref refid="class_b_o_i_1a6af682a5f199a029681f0cb2b8658706" kindref="member">BOI</ref>():<sp/><ref refid="class_b_a_n_k" kindref="compound">BANK</ref>()</highlight></codeline>
<codeline lineno="25"><highlight class="normal"><sp/><sp/><sp/><sp/>{</highlight></codeline>
<codeline lineno="26"><highlight class="normal"><sp/><sp/><sp/><sp/><sp/><sp/><sp/><sp/>this-&gt;accountNumber<sp/>=<sp/>0;</highlight></codeline>
<codeline lineno="27"><highlight class="normal"><sp/><sp/><sp/><sp/><sp/><sp/><sp/><sp/>this-&gt;balance<sp/>=<sp/>50;</highlight></codeline>
<codeline lineno="28"><highlight class="normal"><sp/><sp/><sp/><sp/><sp/><sp/><sp/><sp/>this-&gt;firstName<sp/>=<sp/></highlight><highlight class="stringliteral">&quot;Joe&quot;</highlight><highlight class="normal">;</highlight></codeline>
<codeline lineno="29"><highlight class="normal"><sp/><sp/><sp/><sp/><sp/><sp/><sp/><sp/>this-&gt;lastName<sp/>=<sp/></highlight><highlight class="stringliteral">&quot;Blog&quot;</highlight><highlight class="normal">;</highlight></codeline>
<codeline lineno="30"><highlight class="normal"><sp/><sp/><sp/><sp/><sp/><sp/><sp/><sp/>this-&gt;address<sp/>=<sp/></highlight><highlight class="stringliteral">&quot;High<sp/>street,<sp/>Carlow&quot;</highlight><highlight class="normal">;</highlight></codeline>
<codeline lineno="31"><highlight class="normal"><sp/><sp/><sp/><sp/><sp/><sp/><sp/><sp/>this-&gt;fullname<sp/>=<sp/>firstName<sp/>+<sp/></highlight><highlight class="stringliteral">&quot;<sp/>&quot;</highlight><highlight class="normal"><sp/>+<sp/>lastName;</highlight></codeline>
<codeline lineno="32"><highlight class="normal"><sp/><sp/><sp/><sp/><sp/><sp/><sp/><sp/></highlight></codeline>
<codeline lineno="33"><highlight class="normal"><sp/><sp/><sp/><sp/>}</highlight></codeline>
<codeline lineno="37" refid="class_b_o_i_1a1807bd07cad08109c974edbb2c32591c" refkind="member"><highlight class="normal"><sp/><sp/><sp/><sp/><ref refid="class_b_o_i_1a1807bd07cad08109c974edbb2c32591c" kindref="member">BOI</ref>(</highlight><highlight class="keywordtype">int</highlight><highlight class="normal"><sp/>accountNumber,<sp/></highlight><highlight class="keywordtype">double</highlight><highlight class="normal"><sp/>balance,<sp/>std::string<sp/>firstName,<sp/>std::string<sp/>lastName,<sp/>std::string<sp/>address):<sp/><ref refid="class_b_a_n_k" kindref="compound">BANK</ref>()</highlight></codeline>
<codeline lineno="38"><highlight class="normal"><sp/><sp/><sp/><sp/>{</highlight></codeline>
<codeline lineno="39"><highlight class="normal"><sp/><sp/><sp/><sp/><sp/><sp/><sp/><sp/>this-&gt;accountNumber<sp/>=<sp/>accountNumber;</highlight></codeline>
<codeline lineno="40"><highlight class="normal"><sp/><sp/><sp/><sp/><sp/><sp/><sp/><sp/>this-&gt;balance<sp/>=<sp/>balance;</highlight></codeline>
<codeline lineno="41"><highlight class="normal"><sp/><sp/><sp/><sp/><sp/><sp/><sp/><sp/>this-&gt;firstName<sp/>=<sp/>firstName;</highlight></codeline>
<codeline lineno="42"><highlight class="normal"><sp/><sp/><sp/><sp/><sp/><sp/><sp/><sp/>this-&gt;lastName<sp/>=<sp/>lastName;</highlight></codeline>
<codeline lineno="43"><highlight class="normal"><sp/><sp/><sp/><sp/><sp/><sp/><sp/><sp/>this-&gt;address<sp/>=<sp/>address;</highlight></codeline>
<codeline lineno="44"><highlight class="normal"><sp/><sp/><sp/><sp/><sp/><sp/><sp/><sp/>this-&gt;fullname<sp/>=<sp/>firstName<sp/>+<sp/></highlight><highlight class="stringliteral">&quot;<sp/>&quot;</highlight><highlight class="normal"><sp/>+<sp/>lastName;</highlight></codeline>
<codeline lineno="45"><highlight class="normal"><sp/><sp/><sp/><sp/>};</highlight></codeline>
<codeline lineno="49" refid="class_b_o_i_1ae4263940f8ffdd40d5f01a714b20f791" refkind="member"><highlight class="normal"><sp/><sp/><sp/><sp/><ref refid="class_b_o_i_1ae4263940f8ffdd40d5f01a714b20f791" kindref="member">BOI</ref>(std::shared_ptr&lt;BOI&gt;<sp/>obj,<sp/></highlight><highlight class="keywordtype">int</highlight><highlight class="normal"><sp/>_version,<sp/></highlight><highlight class="keywordtype">int</highlight><highlight class="normal"><sp/>_unique_id):<sp/><ref refid="class_b_a_n_k" kindref="compound">BANK</ref>(_version,<sp/>_unique_id)</highlight></codeline>
<codeline lineno="50"><highlight class="normal"><sp/><sp/><sp/><sp/>{</highlight></codeline>
<codeline lineno="51"><highlight class="normal"><sp/><sp/><sp/><sp/><sp/><sp/><sp/><sp/>this-&gt;accountNumber<sp/>=<sp/>obj-&gt;GetAccountNumber();</highlight></codeline>
<codeline lineno="52"><highlight class="normal"><sp/><sp/><sp/><sp/><sp/><sp/><sp/><sp/>this-&gt;balance<sp/>=<sp/>obj-&gt;GetBalance();</highlight></codeline>
<codeline lineno="53"><highlight class="normal"><sp/><sp/><sp/><sp/><sp/><sp/><sp/><sp/>this-&gt;firstName<sp/>=<sp/>obj-&gt;GetFirstName();</highlight></codeline>
<codeline lineno="54"><highlight class="normal"><sp/><sp/><sp/><sp/><sp/><sp/><sp/><sp/>this-&gt;lastName<sp/>=<sp/>obj-&gt;GetLastName();</highlight></codeline>
<codeline lineno="55"><highlight class="normal"><sp/><sp/><sp/><sp/><sp/><sp/><sp/><sp/>this-&gt;address<sp/>=<sp/>obj-&gt;GetAddress();</highlight></codeline>
<codeline lineno="56"><highlight class="normal"><sp/><sp/><sp/><sp/><sp/><sp/><sp/><sp/>this-&gt;fullname<sp/>=<sp/>obj-&gt;GetFirstName()<sp/>+<sp/></highlight><highlight class="stringliteral">&quot;<sp/>&quot;</highlight><highlight class="normal"><sp/>+<sp/>obj-&gt;GetLastName();<sp/></highlight></codeline>
<codeline lineno="57"><highlight class="normal"><sp/><sp/><sp/><sp/>};</highlight></codeline>
<codeline lineno="61"><highlight class="normal"><sp/><sp/><sp/><sp/><ref refid="class_b_o_i_1a6af682a5f199a029681f0cb2b8658706" kindref="member">BOI</ref>(</highlight><highlight class="keyword">const</highlight><highlight class="normal"><sp/><ref refid="class_b_o_i" kindref="compound">BOI</ref>&amp;<sp/>orig);</highlight></codeline>
<codeline lineno="65" refid="class_b_o_i_1a4b4a3976cc13c4d3de0d7ff8882a7af3" refkind="member"><highlight class="normal"><sp/><sp/><sp/><sp/><ref refid="class_b_o_i" kindref="compound">BOI</ref><sp/><ref refid="class_b_o_i_1a4b4a3976cc13c4d3de0d7ff8882a7af3" kindref="member">operator=</ref>(</highlight><highlight class="keyword">const</highlight><highlight class="normal"><sp/><ref refid="class_b_o_i" kindref="compound">BOI</ref>&amp;<sp/>orig){};</highlight></codeline>
<codeline lineno="69"><highlight class="normal"><sp/><sp/><sp/><sp/></highlight><highlight class="keyword">virtual</highlight><highlight class="normal"><sp/><ref refid="class_b_o_i_1a617f46a599129178c6b11b4846759a6c" kindref="member">~BOI</ref>();</highlight></codeline>
<codeline lineno="70"><highlight class="normal"></highlight></codeline>
<codeline lineno="71"><highlight class="normal"><sp/><sp/><sp/><sp/></highlight><highlight class="comment">/*</highlight></codeline>
<codeline lineno="72"><highlight class="comment"><sp/><sp/><sp/><sp/><sp/>*<sp/>Implement<sp/>OSTM<sp/>virtual<sp/>methods</highlight></codeline>
<codeline lineno="73"><highlight class="comment"><sp/><sp/><sp/><sp/><sp/>*/</highlight><highlight class="normal"></highlight></codeline>
<codeline lineno="74"><highlight class="normal"><sp/><sp/><sp/></highlight><highlight class="comment">//<sp/>virtual<sp/>std::shared_ptr&lt;BOI&gt;<sp/>_cast(std::shared_ptr&lt;OSTM&gt;<sp/>_object);</highlight><highlight class="normal"></highlight></codeline>
<codeline lineno="75"><highlight class="normal"><sp/><sp/><sp/><sp/></highlight><highlight class="keyword">virtual</highlight><highlight class="normal"><sp/>std::shared_ptr&lt;OSTM&gt;<sp/><ref refid="class_b_o_i_1ad53ae2918a656793b9d7a670d35ecfa3" kindref="member">getBaseCopy</ref>(std::shared_ptr&lt;OSTM&gt;<sp/></highlight><highlight class="keywordtype">object</highlight><highlight class="normal">);</highlight></codeline>
<codeline lineno="76"><highlight class="normal"><sp/><sp/><sp/><sp/></highlight><highlight class="keyword">virtual</highlight><highlight class="normal"><sp/></highlight><highlight class="keywordtype">void</highlight><highlight class="normal"><sp/><ref refid="class_b_o_i_1a9ff2d32c25c23a1bea6316f50c3bf677" kindref="member">copy</ref>(std::shared_ptr&lt;OSTM&gt;<sp/>to,<sp/>std::shared_ptr&lt;OSTM&gt;<sp/>from);</highlight></codeline>
<codeline lineno="77"><highlight class="normal"><sp/><sp/><sp/><sp/></highlight><highlight class="keyword">virtual</highlight><highlight class="normal"><sp/></highlight><highlight class="keywordtype">void</highlight><highlight class="normal"><sp/><ref refid="class_b_o_i_1ab02a4dd4ebcc5b2abfaca19f2dff2006" kindref="member">toString</ref>();</highlight></codeline>
<codeline lineno="78"><highlight class="normal"><sp/><sp/><sp/><sp/></highlight></codeline>
<codeline lineno="79"><highlight class="normal"><sp/><sp/><sp/><sp/></highlight><highlight class="comment">/*</highlight></codeline>
<codeline lineno="80"><highlight class="comment"><sp/><sp/><sp/><sp/><sp/>*<sp/>Implement<sp/>BANK<sp/>virtual<sp/>methods</highlight></codeline>
<codeline lineno="81"><highlight class="comment"><sp/><sp/><sp/><sp/><sp/>*/</highlight><highlight class="normal"></highlight></codeline>
<codeline lineno="82"><highlight class="normal"><sp/><sp/><sp/><sp/></highlight><highlight class="keyword">virtual</highlight><highlight class="normal"><sp/></highlight><highlight class="keywordtype">void</highlight><highlight class="normal"><sp/><ref refid="class_b_o_i_1a00c9386c862cf2442968bf7fc30102b3" kindref="member">SetAddress</ref>(std::string<sp/>address);</highlight></codeline>
<codeline lineno="83"><highlight class="normal"><sp/><sp/><sp/><sp/></highlight><highlight class="keyword">virtual</highlight><highlight class="normal"><sp/>std::string<sp/><ref refid="class_b_o_i_1a8920e1f47b22445ba954e86012207462" kindref="member">GetAddress</ref>()<sp/></highlight><highlight class="keyword">const</highlight><highlight class="normal">;</highlight></codeline>
<codeline lineno="84"><highlight class="normal"><sp/><sp/><sp/><sp/></highlight><highlight class="keyword">virtual</highlight><highlight class="normal"><sp/></highlight><highlight class="keywordtype">void</highlight><highlight class="normal"><sp/><ref refid="class_b_o_i_1a416667693c10f5e4120eec97a9269348" kindref="member">SetBalance</ref>(</highlight><highlight class="keywordtype">double</highlight><highlight class="normal"><sp/>balance);</highlight></codeline>
<codeline lineno="85"><highlight class="normal"><sp/><sp/><sp/><sp/></highlight><highlight class="keyword">virtual</highlight><highlight class="normal"><sp/></highlight><highlight class="keywordtype">double</highlight><highlight class="normal"><sp/><ref refid="class_b_o_i_1a25b289dece2a1685bb9d1a9332c9be0b" kindref="member">GetBalance</ref>()<sp/></highlight><highlight class="keyword">const</highlight><highlight class="normal">;</highlight></codeline>
<codeline lineno="86"><highlight class="normal"><sp/><sp/><sp/><sp/></highlight><highlight class="keyword">virtual</highlight><highlight class="normal"><sp/></highlight><highlight class="keywordtype">void</highlight><highlight class="normal"><sp/><ref refid="class_b_o_i_1affc9e7e2a36214b3790f250b7108bb65" kindref="member">SetAccountNumber</ref>(</highlight><highlight class="keywordtype">int</highlight><highlight class="normal"><sp/>accountNumber);</highlight></codeline>
<codeline lineno="87"><highlight class="normal"><sp/><sp/><sp/><sp/></highlight><highlight class="keyword">virtual</highlight><highlight class="normal"><sp/></highlight><highlight class="keywordtype">int</highlight><highlight class="normal"><sp/><ref refid="class_b_o_i_1a5b18e1538f3d37835234946cdf9f240f" kindref="member">GetAccountNumber</ref>()<sp/></highlight><highlight class="keyword">const</highlight><highlight class="normal">;</highlight></codeline>
<codeline lineno="88"><highlight class="normal"><sp/><sp/><sp/><sp/></highlight><highlight class="keyword">virtual</highlight><highlight class="normal"><sp/></highlight><highlight class="keywordtype">void</highlight><highlight class="normal"><sp/><ref refid="class_b_o_i_1a663906e9a59ffa970fb928746c01e8af" kindref="member">SetLastName</ref>(std::string<sp/>lastName);</highlight></codeline>
<codeline lineno="89"><highlight class="normal"><sp/><sp/><sp/><sp/></highlight><highlight class="keyword">virtual</highlight><highlight class="normal"><sp/>std::string<sp/><ref refid="class_b_o_i_1a37828f3fa4a32f522966e2cad90eaab2" kindref="member">GetLastName</ref>()<sp/></highlight><highlight class="keyword">const</highlight><highlight class="normal">;</highlight></codeline>
<codeline lineno="90"><highlight class="normal"><sp/><sp/><sp/><sp/></highlight><highlight class="keyword">virtual</highlight><highlight class="normal"><sp/></highlight><highlight class="keywordtype">void</highlight><highlight class="normal"><sp/><ref refid="class_b_o_i_1ae9042f87be085c2cec799981c30d7d19" kindref="member">SetFirstName</ref>(std::string<sp/>firstName);</highlight></codeline>
<codeline lineno="91"><highlight class="normal"><sp/><sp/><sp/><sp/></highlight><highlight class="keyword">virtual</highlight><highlight class="normal"><sp/>std::string<sp/><ref refid="class_b_o_i_1ab4b9d50c6008a666aa4382def580e7d1" kindref="member">GetFirstName</ref>()<sp/></highlight><highlight class="keyword">const</highlight><highlight class="normal">;</highlight></codeline>
<codeline lineno="92"><highlight class="normal"><sp/><sp/><sp/><sp/></highlight><highlight class="keyword">virtual</highlight><highlight class="normal"><sp/></highlight><highlight class="keywordtype">void</highlight><highlight class="normal"><sp/><ref refid="class_b_o_i_1a93091f16610f1a1474aea31fd5f81ffd" kindref="member">SetFullname</ref>(std::string<sp/>fullname);</highlight></codeline>
<codeline lineno="93"><highlight class="normal"><sp/><sp/><sp/><sp/></highlight><highlight class="keyword">virtual</highlight><highlight class="normal"><sp/>std::string<sp/><ref refid="class_b_o_i_1af56446a377068cd65526e40e8b31b878" kindref="member">GetFullname</ref>()<sp/></highlight><highlight class="keyword">const</highlight><highlight class="normal">;</highlight></codeline>
<codeline lineno="94"><highlight class="normal"><sp/><sp/><sp/><sp/></highlight></codeline>
<codeline lineno="95"><highlight class="normal"></highlight><highlight class="keyword">private</highlight><highlight class="normal">:</highlight></codeline>
<codeline lineno="96"><highlight class="normal"><sp/><sp/><sp/><sp/>std::string<sp/>fullname;</highlight></codeline>
<codeline lineno="97"><highlight class="normal"><sp/><sp/><sp/><sp/>std::string<sp/>firstName;</highlight></codeline>
<codeline lineno="98"><highlight class="normal"><sp/><sp/><sp/><sp/>std::string<sp/>lastName;</highlight></codeline>
<codeline lineno="99"><highlight class="normal"><sp/><sp/><sp/><sp/></highlight><highlight class="keywordtype">int</highlight><highlight class="normal"><sp/>accountNumber;</highlight></codeline>
<codeline lineno="100"><highlight class="normal"><sp/><sp/><sp/><sp/></highlight><highlight class="keywordtype">double</highlight><highlight class="normal"><sp/>balance;</highlight></codeline>
<codeline lineno="101"><highlight class="normal"><sp/><sp/><sp/><sp/>std::string<sp/>address;</highlight></codeline>
<codeline lineno="102"><highlight class="normal"></highlight></codeline>
<codeline lineno="103"><highlight class="normal">};</highlight></codeline>
<codeline lineno="104"><highlight class="normal"></highlight></codeline>
<codeline lineno="105"><highlight class="normal"></highlight><highlight class="preprocessor">#endif<sp/></highlight><highlight class="comment">/*<sp/>BOI_H<sp/>*/</highlight><highlight class="preprocessor"></highlight><highlight class="normal"></highlight></codeline>
<codeline lineno="106"><highlight class="normal"></highlight></codeline>
<codeline lineno="107"><highlight class="normal"><sp/></highlight></codeline>
<codeline lineno="108"><highlight class="normal"><sp/><sp/><sp/><sp/></highlight><highlight class="comment">//virtual<sp/>std::string<sp/>get_class();</highlight><highlight class="normal"></highlight></codeline>
<codeline lineno="109"><highlight class="normal"><sp/><sp/><sp/><sp/></highlight></codeline>
<codeline lineno="110"><highlight class="normal"><sp/><sp/><sp/></highlight><highlight class="comment">//<sp/></highlight><highlight class="normal"></highlight></codeline>
<codeline lineno="111"><highlight class="normal"><sp/><sp/><sp/><sp/></highlight><highlight class="comment">//virtual<sp/>bool<sp/>get(std::shared_ptr&lt;OSTM&gt;<sp/>object);</highlight><highlight class="normal"></highlight></codeline>
<codeline lineno="112"><highlight class="normal"><sp/></highlight></codeline>
<codeline lineno="114"><highlight class="comment">//<sp/>*<sp/>To<sp/>change<sp/>this<sp/>license<sp/>header,<sp/>choose<sp/>License<sp/>Headers<sp/>in<sp/>Project<sp/>Properties.</highlight><highlight class="normal"></highlight></codeline>
<codeline lineno="115"><highlight class="normal"></highlight><highlight class="comment">//<sp/>*<sp/>To<sp/>change<sp/>this<sp/>template<sp/>file,<sp/>choose<sp/>Tools<sp/>|<sp/>Templates</highlight><highlight class="normal"></highlight></codeline>
<codeline lineno="116"><highlight class="normal"></highlight><highlight class="comment">//<sp/>*<sp/>and<sp/>open<sp/>the<sp/>template<sp/>in<sp/>the<sp/>editor.</highlight><highlight class="normal"></highlight></codeline>
<codeline lineno="117"><highlight class="normal"></highlight><highlight class="comment">//<sp/>*/</highlight><highlight class="normal"></highlight></codeline>
<codeline lineno="118"><highlight class="normal"></highlight><highlight class="comment">//</highlight></codeline>
<codeline lineno="120"><highlight class="comment"></highlight><highlight class="comment">//<sp/>*<sp/>File:<sp/><sp/><sp/>BOI.h</highlight><highlight class="normal"></highlight></codeline>
<codeline lineno="121"><highlight class="normal"></highlight><highlight class="comment">//<sp/>*<sp/>Author:<sp/>zoltan</highlight><highlight class="normal"></highlight></codeline>
<codeline lineno="122"><highlight class="normal"></highlight><highlight class="comment">//<sp/>*</highlight><highlight class="normal"></highlight></codeline>
<codeline lineno="123"><highlight class="normal"></highlight><highlight class="comment">//<sp/>*<sp/>Created<sp/>on<sp/>January<sp/>19,<sp/>2018,<sp/>6:37<sp/>PM</highlight><highlight class="normal"></highlight></codeline>
<codeline lineno="124"><highlight class="normal"></highlight><highlight class="comment">//<sp/>*/</highlight><highlight class="normal"></highlight></codeline>
<codeline lineno="125"><highlight class="normal"></highlight><highlight class="comment">//</highlight><highlight class="normal"></highlight></codeline>
<codeline lineno="126"><highlight class="normal"></highlight><highlight class="comment">//#ifndef<sp/>BOI_H</highlight><highlight class="normal"></highlight></codeline>
<codeline lineno="127"><highlight class="normal"></highlight><highlight class="comment">//#define<sp/>BOI_H</highlight><highlight class="normal"></highlight></codeline>
<codeline lineno="128"><highlight class="normal"></highlight><highlight class="comment">//#include<sp/>&quot;OSTM.h&quot;</highlight><highlight class="normal"></highlight></codeline>
<codeline lineno="129"><highlight class="normal"></highlight><highlight class="comment">//#include<sp/>&lt;string&gt;</highlight><highlight class="normal"></highlight></codeline>
<codeline lineno="130"><highlight class="normal"></highlight><highlight class="comment">//#include<sp/>&lt;memory&gt;</highlight><highlight class="normal"></highlight></codeline>
<codeline lineno="131"><highlight class="normal"></highlight><highlight class="comment">//#include<sp/>&lt;iostream&gt;</highlight><highlight class="normal"></highlight></codeline>
<codeline lineno="132"><highlight class="normal"></highlight><highlight class="comment">//</highlight><highlight class="normal"></highlight></codeline>
<codeline lineno="133"><highlight class="normal"></highlight><highlight class="comment">//class<sp/>BOI:<sp/>public<sp/>OSTM<sp/>{</highlight><highlight class="normal"></highlight></codeline>
<codeline lineno="134"><highlight class="normal"></highlight><highlight class="comment">//public:</highlight><highlight class="normal"></highlight></codeline>
<codeline lineno="135"><highlight class="normal"></highlight><highlight class="comment">//<sp/><sp/><sp/><sp/>BOI():<sp/>OSTM()</highlight><highlight class="normal"></highlight></codeline>
<codeline lineno="136"><highlight class="normal"></highlight><highlight class="comment">//<sp/><sp/><sp/><sp/>{</highlight><highlight class="normal"></highlight></codeline>
<codeline lineno="137"><highlight class="normal"></highlight><highlight class="comment">//<sp/><sp/><sp/><sp/><sp/><sp/><sp/><sp/>this-&gt;accountNumber<sp/>=<sp/>0;</highlight><highlight class="normal"></highlight></codeline>
<codeline lineno="138"><highlight class="normal"></highlight><highlight class="comment">//<sp/><sp/><sp/><sp/><sp/><sp/><sp/><sp/>this-&gt;balance<sp/>=<sp/>50;</highlight><highlight class="normal"></highlight></codeline>
<codeline lineno="139"><highlight class="normal"></highlight><highlight class="comment">//<sp/><sp/><sp/><sp/><sp/><sp/><sp/><sp/>this-&gt;firstName<sp/>=<sp/>&quot;Joe&quot;;</highlight><highlight class="normal"></highlight></codeline>
<codeline lineno="140"><highlight class="normal"></highlight><highlight class="comment">//<sp/><sp/><sp/><sp/><sp/><sp/><sp/><sp/>this-&gt;lastName<sp/>=<sp/>&quot;Blog&quot;;</highlight><highlight class="normal"></highlight></codeline>
<codeline lineno="141"><highlight class="normal"></highlight><highlight class="comment">//<sp/><sp/><sp/><sp/><sp/><sp/><sp/><sp/>this-&gt;address<sp/>=<sp/>&quot;High<sp/>street,<sp/>Carlow&quot;;</highlight><highlight class="normal"></highlight></codeline>
<codeline lineno="142"><highlight class="normal"></highlight><highlight class="comment">//<sp/><sp/><sp/><sp/><sp/><sp/><sp/><sp/>this-&gt;fullname<sp/>=<sp/>firstName<sp/>+<sp/>&quot;<sp/>&quot;<sp/>+<sp/>lastName;</highlight><highlight class="normal"></highlight></codeline>
<codeline lineno="143"><highlight class="normal"></highlight><highlight class="comment">//<sp/><sp/><sp/><sp/><sp/><sp/><sp/><sp/></highlight><highlight class="normal"></highlight></codeline>
<codeline lineno="144"><highlight class="normal"></highlight><highlight class="comment">//<sp/><sp/><sp/><sp/>}</highlight><highlight class="normal"></highlight></codeline>
<codeline lineno="145"><highlight class="normal"></highlight><highlight class="comment">//<sp/><sp/><sp/><sp/>BOI(int<sp/>accountNumber,<sp/>double<sp/>balance,<sp/>std::string<sp/>firstName,<sp/>std::string<sp/>lastName,<sp/>std::string<sp/>address):<sp/>OSTM()</highlight><highlight class="normal"></highlight></codeline>
<codeline lineno="146"><highlight class="normal"></highlight><highlight class="comment">//<sp/><sp/><sp/><sp/>{</highlight><highlight class="normal"></highlight></codeline>
<codeline lineno="147"><highlight class="normal"></highlight><highlight class="comment">//<sp/><sp/><sp/><sp/><sp/><sp/><sp/><sp/>this-&gt;accountNumber<sp/>=<sp/>accountNumber;</highlight><highlight class="normal"></highlight></codeline>
<codeline lineno="148"><highlight class="normal"></highlight><highlight class="comment">//<sp/><sp/><sp/><sp/><sp/><sp/><sp/><sp/>this-&gt;balance<sp/>=<sp/>balance;</highlight><highlight class="normal"></highlight></codeline>
<codeline lineno="149"><highlight class="normal"></highlight><highlight class="comment">//<sp/><sp/><sp/><sp/><sp/><sp/><sp/><sp/>this-&gt;firstName<sp/>=<sp/>firstName;</highlight><highlight class="normal"></highlight></codeline>
<codeline lineno="150"><highlight class="normal"></highlight><highlight class="comment">//<sp/><sp/><sp/><sp/><sp/><sp/><sp/><sp/>this-&gt;lastName<sp/>=<sp/>lastName;</highlight><highlight class="normal"></highlight></codeline>
<codeline lineno="151"><highlight class="normal"></highlight><highlight class="comment">//<sp/><sp/><sp/><sp/><sp/><sp/><sp/><sp/>this-&gt;address<sp/>=<sp/>address;</highlight><highlight class="normal"></highlight></codeline>
<codeline lineno="152"><highlight class="normal"></highlight><highlight class="comment">//<sp/><sp/><sp/><sp/><sp/><sp/><sp/><sp/>this-&gt;fullname<sp/>=<sp/>firstName<sp/>+<sp/>&quot;<sp/>&quot;<sp/>+<sp/>lastName;</highlight><highlight class="normal"></highlight></codeline>
<codeline lineno="153"><highlight class="normal"></highlight><highlight class="comment">//<sp/><sp/><sp/><sp/>};</highlight><highlight class="normal"></highlight></codeline>
<codeline lineno="154"><highlight class="normal"></highlight><highlight class="comment">//<sp/><sp/><sp/><sp/></highlight><highlight class="normal"></highlight></codeline>
<codeline lineno="155"><highlight class="normal"></highlight><highlight class="comment">//<sp/><sp/><sp/><sp/><sp/>BOI(OSTM&amp;<sp/>obj,<sp/>int<sp/>_version,<sp/>int<sp/>_unique_id):<sp/>OSTM(_version,<sp/>_unique_id)</highlight><highlight class="normal"></highlight></codeline>
<codeline lineno="156"><highlight class="normal"></highlight><highlight class="comment">//<sp/><sp/><sp/><sp/>{</highlight></codeline>
<codeline lineno="163"><highlight class="comment"></highlight><highlight class="comment">//<sp/><sp/><sp/><sp/><sp/><sp/><sp/><sp/><sp/><sp/>this-&gt;accountNumber<sp/>=<sp/>obj.GetAccountNumber();</highlight><highlight class="normal"></highlight></codeline>
<codeline lineno="164"><highlight class="normal"></highlight><highlight class="comment">//<sp/><sp/><sp/><sp/><sp/><sp/><sp/><sp/>this-&gt;balance<sp/>=<sp/>obj.GetBalance();</highlight><highlight class="normal"></highlight></codeline>
<codeline lineno="165"><highlight class="normal"></highlight><highlight class="comment">//<sp/><sp/><sp/><sp/><sp/><sp/><sp/><sp/>this-&gt;firstName<sp/>=<sp/>obj.GetFirstName();</highlight><highlight class="normal"></highlight></codeline>
<codeline lineno="166"><highlight class="normal"></highlight><highlight class="comment">//<sp/><sp/><sp/><sp/><sp/><sp/><sp/><sp/>this-&gt;lastName<sp/>=<sp/>obj.GetLastName();</highlight><highlight class="normal"></highlight></codeline>
<codeline lineno="167"><highlight class="normal"></highlight><highlight class="comment">//<sp/><sp/><sp/><sp/><sp/><sp/><sp/><sp/>this-&gt;address<sp/>=<sp/>obj.GetAddress();</highlight><highlight class="normal"></highlight></codeline>
<codeline lineno="168"><highlight class="normal"></highlight><highlight class="comment">//<sp/><sp/><sp/><sp/><sp/><sp/><sp/><sp/>this-&gt;fullname<sp/>=<sp/>obj.GetFirstName()<sp/>+<sp/>&quot;<sp/>&quot;<sp/>+<sp/>obj.GetLastName();<sp/></highlight></codeline>
<codeline lineno="175"><highlight class="comment"></highlight><highlight class="comment">//<sp/><sp/><sp/><sp/>};</highlight><highlight class="normal"></highlight></codeline>
<codeline lineno="176"><highlight class="normal"></highlight><highlight class="comment">//<sp/><sp/><sp/><sp/></highlight><highlight class="normal"></highlight></codeline>
<codeline lineno="177"><highlight class="normal"></highlight><highlight class="comment">//<sp/><sp/><sp/><sp/><sp/>BOI(std::shared_ptr&lt;OSTM&gt;<sp/>obj,<sp/>int<sp/>_version,<sp/>int<sp/>_unique_id):<sp/>OSTM(_version,<sp/>_unique_id)</highlight><highlight class="normal"></highlight></codeline>
<codeline lineno="178"><highlight class="normal"></highlight><highlight class="comment">//<sp/><sp/><sp/><sp/>{</highlight><highlight class="normal"></highlight></codeline>
<codeline lineno="179"><highlight class="normal"></highlight><highlight class="comment">//<sp/><sp/><sp/><sp/><sp/><sp/><sp/><sp/>this-&gt;accountNumber<sp/>=<sp/>obj-&gt;GetAccountNumber();</highlight><highlight class="normal"></highlight></codeline>
<codeline lineno="180"><highlight class="normal"></highlight><highlight class="comment">//<sp/><sp/><sp/><sp/><sp/><sp/><sp/><sp/>this-&gt;balance<sp/>=<sp/>obj-&gt;GetBalance();</highlight><highlight class="normal"></highlight></codeline>
<codeline lineno="181"><highlight class="normal"></highlight><highlight class="comment">//<sp/><sp/><sp/><sp/><sp/><sp/><sp/><sp/>this-&gt;firstName<sp/>=<sp/>obj-&gt;GetFirstName();</highlight><highlight class="normal"></highlight></codeline>
<codeline lineno="182"><highlight class="normal"></highlight><highlight class="comment">//<sp/><sp/><sp/><sp/><sp/><sp/><sp/><sp/>this-&gt;lastName<sp/>=<sp/>obj-&gt;GetLastName();</highlight><highlight class="normal"></highlight></codeline>
<codeline lineno="183"><highlight class="normal"></highlight><highlight class="comment">//<sp/><sp/><sp/><sp/><sp/><sp/><sp/><sp/>this-&gt;address<sp/>=<sp/>obj-&gt;GetAddress();</highlight><highlight class="normal"></highlight></codeline>
<codeline lineno="184"><highlight class="normal"></highlight><highlight class="comment">//<sp/><sp/><sp/><sp/><sp/><sp/><sp/><sp/>this-&gt;fullname<sp/>=<sp/>obj-&gt;GetFirstName()<sp/>+<sp/>&quot;<sp/>&quot;<sp/>+<sp/>obj-&gt;GetLastName();<sp/></highlight><highlight class="normal"></highlight></codeline>
<codeline lineno="185"><highlight class="normal"></highlight><highlight class="comment">//<sp/><sp/><sp/><sp/>};</highlight><highlight class="normal"></highlight></codeline>
<codeline lineno="186"><highlight class="normal"></highlight><highlight class="comment">//<sp/><sp/><sp/><sp/></highlight><highlight class="normal"></highlight></codeline>
<codeline lineno="187"><highlight class="normal"></highlight><highlight class="comment">//</highlight><highlight class="normal"></highlight></codeline>
<codeline lineno="188"><highlight class="normal"></highlight><highlight class="comment">//<sp/><sp/><sp/><sp/>BOI(const<sp/>BOI&amp;<sp/>orig);</highlight><highlight class="normal"></highlight></codeline>
<codeline lineno="189"><highlight class="normal"></highlight><highlight class="comment">//<sp/><sp/><sp/><sp/>BOI<sp/>operator=(const<sp/>BOI&amp;<sp/>orig){};</highlight><highlight class="normal"></highlight></codeline>
<codeline lineno="190"><highlight class="normal"></highlight><highlight class="comment">//<sp/><sp/><sp/><sp/>virtual<sp/>~BOI();</highlight><highlight class="normal"></highlight></codeline>
<codeline lineno="191"><highlight class="normal"></highlight><highlight class="comment">//</highlight><highlight class="normal"></highlight></codeline>
<codeline lineno="192"><highlight class="normal"></highlight><highlight class="comment">//<sp/><sp/><sp/><sp/>virtual<sp/>std::shared_ptr&lt;BOI&gt;<sp/>_cast(std::shared_ptr&lt;OSTM&gt;<sp/>_object);</highlight><highlight class="normal"></highlight></codeline>
<codeline lineno="193"><highlight class="normal"></highlight><highlight class="comment">//<sp/><sp/><sp/><sp/>virtual<sp/>std::shared_ptr&lt;BOI&gt;<sp/>getBaseCopy(OSTM&amp;<sp/>object);</highlight><highlight class="normal"></highlight></codeline>
<codeline lineno="194"><highlight class="normal"></highlight><highlight class="comment">//<sp/><sp/><sp/><sp/>virtual<sp/>std::shared_ptr&lt;BOI&gt;<sp/>getBaseCopy(std::shared_ptr&lt;OSTM&gt;<sp/>object);</highlight><highlight class="normal"></highlight></codeline>
<codeline lineno="195"><highlight class="normal"></highlight><highlight class="comment">//<sp/><sp/><sp/><sp/>virtual<sp/>void<sp/>copy(std::shared_ptr&lt;OSTM&gt;<sp/>to,<sp/>std::shared_ptr&lt;OSTM&gt;<sp/>from);</highlight><highlight class="normal"></highlight></codeline>
<codeline lineno="196"><highlight class="normal"></highlight><highlight class="comment">//<sp/><sp/><sp/><sp/>virtual<sp/>void<sp/>toString();</highlight><highlight class="normal"></highlight></codeline>
<codeline lineno="197"><highlight class="normal"></highlight><highlight class="comment">//<sp/><sp/><sp/><sp/>virtual<sp/>void<sp/>SetAddress(std::string<sp/>address);</highlight><highlight class="normal"></highlight></codeline>
<codeline lineno="198"><highlight class="normal"></highlight><highlight class="comment">//<sp/><sp/><sp/><sp/>virtual<sp/>std::string<sp/>GetAddress()<sp/>const;</highlight><highlight class="normal"></highlight></codeline>
<codeline lineno="199"><highlight class="normal"></highlight><highlight class="comment">//<sp/><sp/><sp/><sp/>virtual<sp/>void<sp/>SetBalance(double<sp/>balance);</highlight><highlight class="normal"></highlight></codeline>
<codeline lineno="200"><highlight class="normal"></highlight><highlight class="comment">//<sp/><sp/><sp/><sp/>virtual<sp/>double<sp/>GetBalance()<sp/>const;</highlight><highlight class="normal"></highlight></codeline>
<codeline lineno="201"><highlight class="normal"></highlight><highlight class="comment">//<sp/><sp/><sp/><sp/>virtual<sp/>void<sp/>SetAccountNumber(int<sp/>accountNumber);</highlight><highlight class="normal"></highlight></codeline>
<codeline lineno="202"><highlight class="normal"></highlight><highlight class="comment">//<sp/><sp/><sp/><sp/>virtual<sp/>int<sp/>GetAccountNumber()<sp/>const;</highlight><highlight class="normal"></highlight></codeline>
<codeline lineno="203"><highlight class="normal"></highlight><highlight class="comment">//<sp/><sp/><sp/><sp/>virtual<sp/>void<sp/>SetLastName(std::string<sp/>lastName);</highlight><highlight class="normal"></highlight></codeline>
<codeline lineno="204"><highlight class="normal"></highlight><highlight class="comment">//<sp/><sp/><sp/><sp/>virtual<sp/>std::string<sp/>GetLastName()<sp/>const;</highlight><highlight class="normal"></highlight></codeline>
<codeline lineno="205"><highlight class="normal"></highlight><highlight class="comment">//<sp/><sp/><sp/><sp/>virtual<sp/>void<sp/>SetFirstName(std::string<sp/>firstName);</highlight><highlight class="normal"></highlight></codeline>
<codeline lineno="206"><highlight class="normal"></highlight><highlight class="comment">//<sp/><sp/><sp/><sp/>virtual<sp/>std::string<sp/>GetFirstName()<sp/>const;</highlight><highlight class="normal"></highlight></codeline>
<codeline lineno="207"><highlight class="normal"></highlight><highlight class="comment">//<sp/><sp/><sp/><sp/>virtual<sp/>void<sp/>SetFullname(std::string<sp/>fullname);</highlight><highlight class="normal"></highlight></codeline>
<codeline lineno="208"><highlight class="normal"></highlight><highlight class="comment">//<sp/><sp/><sp/><sp/>virtual<sp/>std::string<sp/>GetFullname()<sp/>const;</highlight><highlight class="normal"></highlight></codeline>
<codeline lineno="209"><highlight class="normal"></highlight><highlight class="comment">//<sp/><sp/><sp/><sp/></highlight><highlight class="normal"></highlight></codeline>
<codeline lineno="210"><highlight class="normal"></highlight><highlight class="comment">//private:</highlight><highlight class="normal"></highlight></codeline>
<codeline lineno="211"><highlight class="normal"></highlight><highlight class="comment">//<sp/><sp/><sp/><sp/>std::string<sp/>fullname;</highlight><highlight class="normal"></highlight></codeline>
<codeline lineno="212"><highlight class="normal"></highlight><highlight class="comment">//<sp/><sp/><sp/><sp/>std::string<sp/>firstName;</highlight><highlight class="normal"></highlight></codeline>
<codeline lineno="213"><highlight class="normal"></highlight><highlight class="comment">//<sp/><sp/><sp/><sp/>std::string<sp/>lastName;</highlight><highlight class="normal"></highlight></codeline>
<codeline lineno="214"><highlight class="normal"></highlight><highlight class="comment">//<sp/><sp/><sp/><sp/>int<sp/>accountNumber;</highlight><highlight class="normal"></highlight></codeline>
<codeline lineno="215"><highlight class="normal"></highlight><highlight class="comment">//<sp/><sp/><sp/><sp/>double<sp/>balance;</highlight><highlight class="normal"></highlight></codeline>
<codeline lineno="216"><highlight class="normal"></highlight><highlight class="comment">//<sp/><sp/><sp/><sp/>std::string<sp/>address;</highlight><highlight class="normal"></highlight></codeline>
<codeline lineno="217"><highlight class="normal"></highlight><highlight class="comment">//</highlight><highlight class="normal"></highlight></codeline>
<codeline lineno="218"><highlight class="normal"></highlight><highlight class="comment">//};</highlight><highlight class="normal"></highlight></codeline>
<codeline lineno="219"><highlight class="normal"></highlight><highlight class="comment">//</highlight><highlight class="normal"></highlight></codeline>
<codeline lineno="220"><highlight class="normal"></highlight><highlight class="comment">//#endif<sp/>/*<sp/>BOI_H<sp/>*/</highlight><highlight class="normal"></highlight></codeline>
<codeline lineno="221"><highlight class="normal"></highlight><highlight class="comment">//</highlight><highlight class="normal"></highlight></codeline>
<codeline lineno="222"><highlight class="normal"></highlight><highlight class="comment">//<sp/></highlight><highlight class="normal"></highlight></codeline>
<codeline lineno="223"><highlight class="normal"></highlight><highlight class="comment">//<sp/><sp/><sp/><sp/>//virtual<sp/>std::string<sp/>get_class();</highlight><highlight class="normal"></highlight></codeline>
<codeline lineno="224"><highlight class="normal"></highlight><highlight class="comment">//<sp/><sp/><sp/><sp/></highlight><highlight class="normal"></highlight></codeline>
<codeline lineno="225"><highlight class="normal"></highlight><highlight class="comment">//<sp/><sp/><sp/>//<sp/></highlight><highlight class="normal"></highlight></codeline>
<codeline lineno="226"><highlight class="normal"></highlight><highlight class="comment">//<sp/><sp/><sp/><sp/>//virtual<sp/>bool<sp/>get(std::shared_ptr&lt;OSTM&gt;<sp/>object);</highlight><highlight class="normal"></highlight></codeline>
<codeline lineno="227"><highlight class="normal"></highlight><highlight class="comment">//<sp/></highlight></codeline>
    </programlisting>
    <location file="BOI.h"/>
  </compounddef>
</doxygen>
