<?xml version='1.0' encoding='UTF-8' standalone='no'?>
<doxygen xmlns:xsi="http://www.w3.org/2001/XMLSchema-instance" xsi:noNamespaceSchemaLocation="compound.xsd" version="1.8.11">
  <compounddef id="_b_o_i_8cpp" kind="file" language="C++">
    <compoundname>BOI.cpp</compoundname>
    <includes refid="_b_o_i_8h" local="yes">BOI.h</includes>
    <incdepgraph>
      <node id="500">
        <label>BOI.h</label>
        <link refid="_b_o_i_8h"/>
        <childnode refid="501" relation="include">
        </childnode>
        <childnode refid="505" relation="include">
        </childnode>
        <childnode refid="504" relation="include">
        </childnode>
        <childnode refid="506" relation="include">
        </childnode>
      </node>
      <node id="505">
        <label>string</label>
      </node>
      <node id="502">
        <label>OSTM.h</label>
        <link refid="_o_s_t_m_8h"/>
        <childnode refid="503" relation="include">
        </childnode>
        <childnode refid="504" relation="include">
        </childnode>
        <childnode refid="505" relation="include">
        </childnode>
        <childnode refid="506" relation="include">
        </childnode>
      </node>
      <node id="499">
        <label>BOI.cpp</label>
        <link refid="BOI.cpp"/>
        <childnode refid="500" relation="include">
        </childnode>
      </node>
      <node id="506">
        <label>iostream</label>
      </node>
      <node id="503">
        <label>mutex</label>
      </node>
      <node id="501">
        <label>BANK.h</label>
        <link refid="_b_a_n_k_8h"/>
        <childnode refid="502" relation="include">
        </childnode>
      </node>
      <node id="504">
        <label>memory</label>
      </node>
    </incdepgraph>
    <briefdescription>
    </briefdescription>
    <detaileddescription>
    </detaileddescription>
    <programlisting>
<codeline lineno="1"><highlight class="normal"></highlight></codeline>
<codeline lineno="2"><highlight class="normal"></highlight><highlight class="comment">/*<sp/></highlight></codeline>
<codeline lineno="3"><highlight class="comment"><sp/>*<sp/>File:<sp/><sp/><sp/>BOI.cpp</highlight></codeline>
<codeline lineno="4"><highlight class="comment"><sp/>*<sp/>Author:<sp/>Zoltan<sp/>Fuzesi</highlight></codeline>
<codeline lineno="5"><highlight class="comment"><sp/>*<sp/>IT<sp/>Carlow<sp/>:<sp/>C00197361</highlight></codeline>
<codeline lineno="6"><highlight class="comment"><sp/>*</highlight></codeline>
<codeline lineno="7"><highlight class="comment"><sp/>*<sp/>Created<sp/>on<sp/>January<sp/>17,<sp/>2018,<sp/>8:02<sp/>PM</highlight></codeline>
<codeline lineno="8"><highlight class="comment"><sp/>*/</highlight><highlight class="normal"></highlight></codeline>
<codeline lineno="9"><highlight class="normal"></highlight></codeline>
<codeline lineno="10"><highlight class="normal"></highlight><highlight class="preprocessor">#include<sp/>&quot;<ref refid="_b_o_i_8h" kindref="compound">BOI.h</ref>&quot;</highlight><highlight class="normal"></highlight></codeline>
<codeline lineno="11"><highlight class="normal"></highlight></codeline>
<codeline lineno="12" refid="class_b_o_i_1a617f46a599129178c6b11b4846759a6c" refkind="member"><highlight class="normal"><ref refid="class_b_o_i_1a617f46a599129178c6b11b4846759a6c" kindref="member">BOI::~BOI</ref>()<sp/>{</highlight></codeline>
<codeline lineno="13"><highlight class="normal">}</highlight></codeline>
<codeline lineno="14"><highlight class="normal"></highlight></codeline>
<codeline lineno="15" refid="class_b_o_i_1a7757de8d3ac656871bed4b07d77457ff" refkind="member"><highlight class="normal"><ref refid="class_b_o_i_1a6af682a5f199a029681f0cb2b8658706" kindref="member">BOI::BOI</ref>(</highlight><highlight class="keyword">const</highlight><highlight class="normal"><sp/><ref refid="class_b_o_i" kindref="compound">BOI</ref>&amp;<sp/>orig)<sp/>{</highlight></codeline>
<codeline lineno="16"><highlight class="normal">}</highlight></codeline>
<codeline lineno="22" refid="class_b_o_i_1ad53ae2918a656793b9d7a670d35ecfa3" refkind="member"><highlight class="normal">std::shared_ptr&lt;OSTM&gt;<sp/><ref refid="class_b_o_i_1ad53ae2918a656793b9d7a670d35ecfa3" kindref="member">BOI::getBaseCopy</ref>(std::shared_ptr&lt;OSTM&gt;<sp/></highlight><highlight class="keywordtype">object</highlight><highlight class="normal">)</highlight></codeline>
<codeline lineno="23"><highlight class="normal">{</highlight></codeline>
<codeline lineno="24"><highlight class="normal"></highlight></codeline>
<codeline lineno="25"><highlight class="normal"><sp/><sp/><sp/><sp/>std::shared_ptr&lt;BOI&gt;<sp/>objTO<sp/>=<sp/>std::dynamic_pointer_cast&lt;<ref refid="class_b_o_i" kindref="compound">BOI</ref>&gt;(object);</highlight></codeline>
<codeline lineno="26"><highlight class="normal"><sp/><sp/><sp/><sp/>std::shared_ptr&lt;BOI&gt;<sp/>obj(</highlight><highlight class="keyword">new</highlight><highlight class="normal"><sp/><ref refid="class_b_o_i_1a6af682a5f199a029681f0cb2b8658706" kindref="member">BOI</ref>(objTO,object-&gt;Get_Version(),</highlight><highlight class="keywordtype">object</highlight><highlight class="normal">-&gt;Get_Unique_ID()));<sp/></highlight></codeline>
<codeline lineno="27"><highlight class="normal"><sp/><sp/><sp/><sp/>std::shared_ptr&lt;OSTM&gt;<sp/>ostm_obj<sp/>=<sp/>std::dynamic_pointer_cast&lt;<ref refid="class_o_s_t_m" kindref="compound">OSTM</ref>&gt;(obj);</highlight></codeline>
<codeline lineno="28"><highlight class="normal"><sp/><sp/><sp/><sp/></highlight><highlight class="keywordflow">return</highlight><highlight class="normal"><sp/>ostm_obj;</highlight></codeline>
<codeline lineno="29"><highlight class="normal">}</highlight></codeline>
<codeline lineno="35" refid="class_b_o_i_1a9ff2d32c25c23a1bea6316f50c3bf677" refkind="member"><highlight class="keywordtype">void</highlight><highlight class="normal"><sp/><ref refid="class_b_o_i_1a9ff2d32c25c23a1bea6316f50c3bf677" kindref="member">BOI::copy</ref>(std::shared_ptr&lt;OSTM&gt;<sp/>to,<sp/>std::shared_ptr&lt;OSTM&gt;<sp/>from){</highlight></codeline>
<codeline lineno="36"><highlight class="normal"></highlight></codeline>
<codeline lineno="37"><highlight class="normal"><sp/><sp/><sp/><sp/>std::shared_ptr&lt;BOI&gt;<sp/>objTO<sp/>=<sp/>std::dynamic_pointer_cast&lt;<ref refid="class_b_o_i" kindref="compound">BOI</ref>&gt;(to);</highlight></codeline>
<codeline lineno="38"><highlight class="normal"><sp/><sp/><sp/><sp/>std::shared_ptr&lt;BOI&gt;<sp/>objFROM<sp/>=<sp/>std::dynamic_pointer_cast&lt;<ref refid="class_b_o_i" kindref="compound">BOI</ref>&gt;(from);</highlight></codeline>
<codeline lineno="39"><highlight class="normal"><sp/><sp/><sp/><sp/>objTO-&gt;<ref refid="class_o_s_t_m_1ab5019a32185631c08abbf826422f2d93" kindref="member">Set_Unique_ID</ref>(objFROM-&gt;Get_Unique_ID());</highlight></codeline>
<codeline lineno="40"><highlight class="normal"><sp/><sp/><sp/><sp/>objTO-&gt;Set_Version(objFROM-&gt;Get_Version());</highlight></codeline>
<codeline lineno="41"><highlight class="normal"><sp/><sp/><sp/><sp/>objTO-&gt;SetAccountNumber(objFROM-&gt;GetAccountNumber());</highlight></codeline>
<codeline lineno="42"><highlight class="normal"><sp/><sp/><sp/><sp/>objTO-&gt;SetBalance(objFROM-&gt;GetBalance());</highlight></codeline>
<codeline lineno="43"><highlight class="normal">}</highlight></codeline>
<codeline lineno="47"><highlight class="comment">//std::shared_ptr&lt;BOI&gt;<sp/>BOI::_cast(std::shared_ptr&lt;OSTM&gt;<sp/>_object){</highlight><highlight class="normal"></highlight></codeline>
<codeline lineno="48"><highlight class="normal"></highlight><highlight class="comment">//</highlight><highlight class="normal"></highlight></codeline>
<codeline lineno="49"><highlight class="normal"></highlight><highlight class="comment">//<sp/><sp/><sp/><sp/>return<sp/>std::static_pointer_cast&lt;BOI&gt;(_object);</highlight><highlight class="normal"></highlight></codeline>
<codeline lineno="50"><highlight class="normal"></highlight><highlight class="comment">//}</highlight></codeline>
<codeline lineno="54" refid="class_b_o_i_1ab02a4dd4ebcc5b2abfaca19f2dff2006" refkind="member"><highlight class="comment"></highlight><highlight class="keywordtype">void</highlight><highlight class="normal"><sp/><ref refid="class_b_o_i_1ab02a4dd4ebcc5b2abfaca19f2dff2006" kindref="member">BOI::toString</ref>()</highlight></codeline>
<codeline lineno="55"><highlight class="normal">{</highlight></codeline>
<codeline lineno="56"><highlight class="normal"><sp/><sp/><sp/>std::cout<sp/>&lt;&lt;<sp/></highlight><highlight class="stringliteral">&quot;\nBOI<sp/>BANK&quot;</highlight><highlight class="normal"><sp/>&lt;&lt;<sp/></highlight><highlight class="stringliteral">&quot;\nUnique<sp/>ID<sp/>:<sp/>&quot;</highlight><highlight class="normal"><sp/>&lt;&lt;<sp/>this-&gt;<ref refid="class_o_s_t_m_1a5a01a8b98d16b1d1904ecf9356e7b71d" kindref="member">Get_Unique_ID</ref>()<sp/>&lt;&lt;<sp/></highlight><highlight class="stringliteral">&quot;\nInt<sp/>account<sp/>:<sp/>&quot;</highlight><highlight class="normal"><sp/>&lt;&lt;<sp/>this-&gt;<ref refid="class_b_o_i_1a5b18e1538f3d37835234946cdf9f240f" kindref="member">GetAccountNumber</ref>()<sp/>&lt;&lt;<sp/></highlight><highlight class="stringliteral">&quot;\nDouble<sp/>value<sp/>:<sp/>&quot;</highlight><highlight class="normal"><sp/>&lt;&lt;<sp/>this-&gt;<ref refid="class_b_o_i_1a25b289dece2a1685bb9d1a9332c9be0b" kindref="member">GetBalance</ref>()<sp/>&lt;&lt;<sp/></highlight><highlight class="stringliteral">&quot;\nFirst<sp/>name:<sp/>&quot;</highlight><highlight class="normal"><sp/>&lt;&lt;<sp/>this-&gt;<ref refid="class_b_o_i_1ab4b9d50c6008a666aa4382def580e7d1" kindref="member">GetFirstName</ref>()<sp/>&lt;&lt;<sp/></highlight><highlight class="stringliteral">&quot;\nLast<sp/>name<sp/>:<sp/>&quot;</highlight><highlight class="normal"><sp/>&lt;&lt;<sp/>this-&gt;<ref refid="class_b_o_i_1a37828f3fa4a32f522966e2cad90eaab2" kindref="member">GetLastName</ref>()<sp/><sp/>&lt;&lt;<sp/></highlight><highlight class="stringliteral">&quot;\nVersion<sp/>number<sp/>:<sp/>&quot;</highlight><highlight class="normal"><sp/>&lt;&lt;<sp/>this-&gt;<ref refid="class_o_s_t_m_1a1f1db9d482f22c8e7caa17dfb340626b" kindref="member">Get_Version</ref>()<sp/>&lt;&lt;<sp/>std::endl;</highlight></codeline>
<codeline lineno="57"><highlight class="normal">}</highlight></codeline>
<codeline lineno="58" refid="class_b_o_i_1a00c9386c862cf2442968bf7fc30102b3" refkind="member"><highlight class="normal"></highlight><highlight class="keywordtype">void</highlight><highlight class="normal"><sp/><ref refid="class_b_o_i_1a00c9386c862cf2442968bf7fc30102b3" kindref="member">BOI::SetAddress</ref>(std::string<sp/>address)<sp/>{</highlight></codeline>
<codeline lineno="59"><highlight class="normal"><sp/><sp/><sp/><sp/>this-&gt;address<sp/>=<sp/>address;</highlight></codeline>
<codeline lineno="60"><highlight class="normal">}</highlight></codeline>
<codeline lineno="61"><highlight class="normal"></highlight></codeline>
<codeline lineno="62" refid="class_b_o_i_1a8920e1f47b22445ba954e86012207462" refkind="member"><highlight class="normal">std::string<sp/><ref refid="class_b_o_i_1a8920e1f47b22445ba954e86012207462" kindref="member">BOI::GetAddress</ref>()</highlight><highlight class="keyword"><sp/>const<sp/></highlight><highlight class="normal">{</highlight></codeline>
<codeline lineno="63"><highlight class="normal"><sp/><sp/><sp/><sp/></highlight><highlight class="keywordflow">return</highlight><highlight class="normal"><sp/>address;</highlight></codeline>
<codeline lineno="64"><highlight class="normal">}</highlight></codeline>
<codeline lineno="65"><highlight class="normal"></highlight></codeline>
<codeline lineno="66" refid="class_b_o_i_1a416667693c10f5e4120eec97a9269348" refkind="member"><highlight class="normal"></highlight><highlight class="keywordtype">void</highlight><highlight class="normal"><sp/><ref refid="class_b_o_i_1a416667693c10f5e4120eec97a9269348" kindref="member">BOI::SetBalance</ref>(</highlight><highlight class="keywordtype">double</highlight><highlight class="normal"><sp/>balance)<sp/>{</highlight></codeline>
<codeline lineno="67"><highlight class="normal"><sp/><sp/><sp/><sp/>this-&gt;balance<sp/>=<sp/>balance;</highlight></codeline>
<codeline lineno="68"><highlight class="normal">}</highlight></codeline>
<codeline lineno="69"><highlight class="normal"></highlight></codeline>
<codeline lineno="70" refid="class_b_o_i_1a25b289dece2a1685bb9d1a9332c9be0b" refkind="member"><highlight class="normal"></highlight><highlight class="keywordtype">double</highlight><highlight class="normal"><sp/><ref refid="class_b_o_i_1a25b289dece2a1685bb9d1a9332c9be0b" kindref="member">BOI::GetBalance</ref>()</highlight><highlight class="keyword"><sp/>const<sp/></highlight><highlight class="normal">{</highlight></codeline>
<codeline lineno="71"><highlight class="normal"><sp/><sp/><sp/><sp/></highlight><highlight class="keywordflow">return</highlight><highlight class="normal"><sp/>balance;</highlight></codeline>
<codeline lineno="72"><highlight class="normal">}</highlight></codeline>
<codeline lineno="73"><highlight class="normal"></highlight></codeline>
<codeline lineno="74" refid="class_b_o_i_1affc9e7e2a36214b3790f250b7108bb65" refkind="member"><highlight class="normal"></highlight><highlight class="keywordtype">void</highlight><highlight class="normal"><sp/><ref refid="class_b_o_i_1affc9e7e2a36214b3790f250b7108bb65" kindref="member">BOI::SetAccountNumber</ref>(</highlight><highlight class="keywordtype">int</highlight><highlight class="normal"><sp/>accountNumber)<sp/>{</highlight></codeline>
<codeline lineno="75"><highlight class="normal"><sp/><sp/><sp/><sp/>this-&gt;accountNumber<sp/>=<sp/>accountNumber;</highlight></codeline>
<codeline lineno="76"><highlight class="normal">}</highlight></codeline>
<codeline lineno="77"><highlight class="normal"></highlight></codeline>
<codeline lineno="78" refid="class_b_o_i_1a5b18e1538f3d37835234946cdf9f240f" refkind="member"><highlight class="normal"></highlight><highlight class="keywordtype">int</highlight><highlight class="normal"><sp/><ref refid="class_b_o_i_1a5b18e1538f3d37835234946cdf9f240f" kindref="member">BOI::GetAccountNumber</ref>()</highlight><highlight class="keyword"><sp/>const<sp/></highlight><highlight class="normal">{</highlight></codeline>
<codeline lineno="79"><highlight class="normal"><sp/><sp/><sp/><sp/></highlight><highlight class="keywordflow">return</highlight><highlight class="normal"><sp/>accountNumber;</highlight></codeline>
<codeline lineno="80"><highlight class="normal">}</highlight></codeline>
<codeline lineno="81"><highlight class="normal"></highlight></codeline>
<codeline lineno="82" refid="class_b_o_i_1a663906e9a59ffa970fb928746c01e8af" refkind="member"><highlight class="normal"></highlight><highlight class="keywordtype">void</highlight><highlight class="normal"><sp/><ref refid="class_b_o_i_1a663906e9a59ffa970fb928746c01e8af" kindref="member">BOI::SetLastName</ref>(std::string<sp/>lastName)<sp/>{</highlight></codeline>
<codeline lineno="83"><highlight class="normal"><sp/><sp/><sp/><sp/>this-&gt;lastName<sp/>=<sp/>lastName;</highlight></codeline>
<codeline lineno="84"><highlight class="normal">}</highlight></codeline>
<codeline lineno="85"><highlight class="normal"></highlight></codeline>
<codeline lineno="86" refid="class_b_o_i_1a37828f3fa4a32f522966e2cad90eaab2" refkind="member"><highlight class="normal">std::string<sp/><ref refid="class_b_o_i_1a37828f3fa4a32f522966e2cad90eaab2" kindref="member">BOI::GetLastName</ref>()</highlight><highlight class="keyword"><sp/>const<sp/></highlight><highlight class="normal">{</highlight></codeline>
<codeline lineno="87"><highlight class="normal"><sp/><sp/><sp/><sp/></highlight><highlight class="keywordflow">return</highlight><highlight class="normal"><sp/>lastName;</highlight></codeline>
<codeline lineno="88"><highlight class="normal">}</highlight></codeline>
<codeline lineno="89"><highlight class="normal"></highlight></codeline>
<codeline lineno="90" refid="class_b_o_i_1ae9042f87be085c2cec799981c30d7d19" refkind="member"><highlight class="normal"></highlight><highlight class="keywordtype">void</highlight><highlight class="normal"><sp/><ref refid="class_b_o_i_1ae9042f87be085c2cec799981c30d7d19" kindref="member">BOI::SetFirstName</ref>(std::string<sp/>firstName)<sp/>{</highlight></codeline>
<codeline lineno="91"><highlight class="normal"><sp/><sp/><sp/><sp/>this-&gt;firstName<sp/>=<sp/>firstName;</highlight></codeline>
<codeline lineno="92"><highlight class="normal">}</highlight></codeline>
<codeline lineno="93"><highlight class="normal"></highlight></codeline>
<codeline lineno="94" refid="class_b_o_i_1ab4b9d50c6008a666aa4382def580e7d1" refkind="member"><highlight class="normal">std::string<sp/><ref refid="class_b_o_i_1ab4b9d50c6008a666aa4382def580e7d1" kindref="member">BOI::GetFirstName</ref>()</highlight><highlight class="keyword"><sp/>const<sp/></highlight><highlight class="normal">{</highlight></codeline>
<codeline lineno="95"><highlight class="normal"><sp/><sp/><sp/><sp/></highlight><highlight class="keywordflow">return</highlight><highlight class="normal"><sp/>firstName;</highlight></codeline>
<codeline lineno="96"><highlight class="normal">}</highlight></codeline>
<codeline lineno="97"><highlight class="normal"></highlight></codeline>
<codeline lineno="98" refid="class_b_o_i_1a93091f16610f1a1474aea31fd5f81ffd" refkind="member"><highlight class="normal"></highlight><highlight class="keywordtype">void</highlight><highlight class="normal"><sp/><ref refid="class_b_o_i_1a93091f16610f1a1474aea31fd5f81ffd" kindref="member">BOI::SetFullname</ref>(std::string<sp/>fullname)<sp/>{</highlight></codeline>
<codeline lineno="99"><highlight class="normal"><sp/><sp/><sp/><sp/>this-&gt;fullname<sp/>=<sp/>fullname;</highlight></codeline>
<codeline lineno="100"><highlight class="normal">}</highlight></codeline>
<codeline lineno="101"><highlight class="normal"></highlight></codeline>
<codeline lineno="102" refid="class_b_o_i_1af56446a377068cd65526e40e8b31b878" refkind="member"><highlight class="normal">std::string<sp/><ref refid="class_b_o_i_1af56446a377068cd65526e40e8b31b878" kindref="member">BOI::GetFullname</ref>()</highlight><highlight class="keyword"><sp/>const<sp/></highlight><highlight class="normal">{</highlight></codeline>
<codeline lineno="103"><highlight class="normal"><sp/><sp/><sp/><sp/></highlight><highlight class="keywordflow">return</highlight><highlight class="normal"><sp/>fullname;</highlight></codeline>
<codeline lineno="104"><highlight class="normal">}</highlight></codeline>
<codeline lineno="105"><highlight class="normal"></highlight></codeline>
    </programlisting>
    <location file="BOI.cpp"/>
  </compounddef>
</doxygen>
