<?xml version='1.0' encoding='UTF-8' standalone='no'?>
<doxygen xmlns:xsi="http://www.w3.org/2001/XMLSchema-instance" xsi:noNamespaceSchemaLocation="compound.xsd" version="1.8.11">
  <compounddef id="_c_a_r_p_h_o_n_e___w_a_r_e_h_o_u_s_e_8cpp" kind="file" language="C++">
    <compoundname>CARPHONE_WAREHOUSE.cpp</compoundname>
    <includes refid="_c_a_r_p_h_o_n_e___w_a_r_e_h_o_u_s_e_8h" local="yes">CARPHONE_WAREHOUSE.h</includes>
    <incdepgraph>
      <node id="543">
        <label>string</label>
      </node>
      <node id="538">
        <label>CARPHONE_WAREHOUSE.h</label>
        <link refid="_c_a_r_p_h_o_n_e___w_a_r_e_h_o_u_s_e_8h"/>
        <childnode refid="539" relation="include">
        </childnode>
        <childnode refid="543" relation="include">
        </childnode>
        <childnode refid="542" relation="include">
        </childnode>
        <childnode refid="544" relation="include">
        </childnode>
      </node>
      <node id="540">
        <label>OSTM.h</label>
        <link refid="_o_s_t_m_8h"/>
        <childnode refid="541" relation="include">
        </childnode>
        <childnode refid="542" relation="include">
        </childnode>
        <childnode refid="543" relation="include">
        </childnode>
        <childnode refid="544" relation="include">
        </childnode>
      </node>
      <node id="537">
        <label>CARPHONE_WAREHOUSE.cpp</label>
        <link refid="CARPHONE_WAREHOUSE.cpp"/>
        <childnode refid="538" relation="include">
        </childnode>
      </node>
      <node id="539">
        <label>WAREHOUSE.h</label>
        <link refid="_w_a_r_e_h_o_u_s_e_8h"/>
        <childnode refid="540" relation="include">
        </childnode>
      </node>
      <node id="544">
        <label>iostream</label>
      </node>
      <node id="541">
        <label>mutex</label>
      </node>
      <node id="542">
        <label>memory</label>
      </node>
    </incdepgraph>
    <briefdescription>
    </briefdescription>
    <detaileddescription>
    </detaileddescription>
    <programlisting>
<codeline lineno="1"><highlight class="normal"></highlight></codeline>
<codeline lineno="2"><highlight class="normal"></highlight><highlight class="comment">/*<sp/></highlight></codeline>
<codeline lineno="3"><highlight class="comment"><sp/>*<sp/>File:<sp/><sp/><sp/>CARPHONE_WAREHOUSE.cpp</highlight></codeline>
<codeline lineno="4"><highlight class="comment"><sp/>*<sp/>Author:<sp/>Zoltan<sp/>Fuzesi</highlight></codeline>
<codeline lineno="5"><highlight class="comment"><sp/>*<sp/>IT<sp/>Carlow<sp/>:<sp/>C00197361</highlight></codeline>
<codeline lineno="6"><highlight class="comment"><sp/>*</highlight></codeline>
<codeline lineno="7"><highlight class="comment"><sp/>*<sp/>Created<sp/>on<sp/>January<sp/>17,<sp/>2018,<sp/>8:02<sp/>PM</highlight></codeline>
<codeline lineno="8"><highlight class="comment"><sp/>*/</highlight><highlight class="normal"></highlight></codeline>
<codeline lineno="9"><highlight class="normal"></highlight><highlight class="preprocessor">#include<sp/>&quot;<ref refid="_c_a_r_p_h_o_n_e___w_a_r_e_h_o_u_s_e_8h" kindref="compound">CARPHONE_WAREHOUSE.h</ref>&quot;</highlight><highlight class="normal"></highlight></codeline>
<codeline lineno="10"><highlight class="normal"></highlight></codeline>
<codeline lineno="11" refid="class_c_a_r_p_h_o_n_e___w_a_r_e_h_o_u_s_e_1a7b2446d35d557bdfaa8dbd769f845abb" refkind="member"><highlight class="normal"><ref refid="class_c_a_r_p_h_o_n_e___w_a_r_e_h_o_u_s_e_1a0acec1e20e236b4debf1e0d26334a868" kindref="member">CARPHONE_WAREHOUSE::CARPHONE_WAREHOUSE</ref>(</highlight><highlight class="keyword">const</highlight><highlight class="normal"><sp/><ref refid="class_c_a_r_p_h_o_n_e___w_a_r_e_h_o_u_s_e" kindref="compound">CARPHONE_WAREHOUSE</ref>&amp;<sp/>orig)<sp/>{</highlight></codeline>
<codeline lineno="12"><highlight class="normal">}</highlight></codeline>
<codeline lineno="13"><highlight class="normal"></highlight></codeline>
<codeline lineno="14" refid="class_c_a_r_p_h_o_n_e___w_a_r_e_h_o_u_s_e_1ad125d83e519b6c7ca025a7e2b705c2a8" refkind="member"><highlight class="normal"><ref refid="class_c_a_r_p_h_o_n_e___w_a_r_e_h_o_u_s_e_1ad125d83e519b6c7ca025a7e2b705c2a8" kindref="member">CARPHONE_WAREHOUSE::~CARPHONE_WAREHOUSE</ref>()<sp/>{</highlight></codeline>
<codeline lineno="15"><highlight class="normal">}</highlight></codeline>
<codeline lineno="21" refid="class_c_a_r_p_h_o_n_e___w_a_r_e_h_o_u_s_e_1a1d3b2f023c0d6e715416f1e87e7245bb" refkind="member"><highlight class="normal">std::shared_ptr&lt;OSTM&gt;<sp/><ref refid="class_c_a_r_p_h_o_n_e___w_a_r_e_h_o_u_s_e_1a1d3b2f023c0d6e715416f1e87e7245bb" kindref="member">CARPHONE_WAREHOUSE::getBaseCopy</ref>(std::shared_ptr&lt;OSTM&gt;<sp/></highlight><highlight class="keywordtype">object</highlight><highlight class="normal">)</highlight></codeline>
<codeline lineno="22"><highlight class="normal">{</highlight></codeline>
<codeline lineno="23"><highlight class="normal"></highlight></codeline>
<codeline lineno="24"><highlight class="normal"><sp/><sp/><sp/><sp/>std::shared_ptr&lt;WAREHOUSE&gt;<sp/>objTO<sp/>=<sp/>std::dynamic_pointer_cast&lt;<ref refid="class_w_a_r_e_h_o_u_s_e" kindref="compound">WAREHOUSE</ref>&gt;(object);</highlight></codeline>
<codeline lineno="25"><highlight class="normal"><sp/><sp/><sp/><sp/>std::shared_ptr&lt;WAREHOUSE&gt;<sp/>obj(</highlight><highlight class="keyword">new</highlight><highlight class="normal"><sp/><ref refid="class_c_a_r_p_h_o_n_e___w_a_r_e_h_o_u_s_e_1a0acec1e20e236b4debf1e0d26334a868" kindref="member">CARPHONE_WAREHOUSE</ref>(objTO,<sp/>object-&gt;Get_Version(),</highlight><highlight class="keywordtype">object</highlight><highlight class="normal">-&gt;Get_Unique_ID()));</highlight></codeline>
<codeline lineno="26"><highlight class="normal"><sp/><sp/><sp/><sp/>std::shared_ptr&lt;OSTM&gt;<sp/>ostm_obj<sp/>=<sp/>std::dynamic_pointer_cast&lt;<ref refid="class_o_s_t_m" kindref="compound">OSTM</ref>&gt;(obj);</highlight></codeline>
<codeline lineno="27"><highlight class="normal"><sp/><sp/><sp/><sp/></highlight><highlight class="keywordflow">return</highlight><highlight class="normal"><sp/>ostm_obj;</highlight></codeline>
<codeline lineno="28"><highlight class="normal">}</highlight></codeline>
<codeline lineno="34" refid="class_c_a_r_p_h_o_n_e___w_a_r_e_h_o_u_s_e_1ab9ecf71cd2728f348a5b61df698e054c" refkind="member"><highlight class="keywordtype">void</highlight><highlight class="normal"><sp/><ref refid="class_c_a_r_p_h_o_n_e___w_a_r_e_h_o_u_s_e_1ab9ecf71cd2728f348a5b61df698e054c" kindref="member">CARPHONE_WAREHOUSE::copy</ref>(std::shared_ptr&lt;OSTM&gt;<sp/>to,<sp/>std::shared_ptr&lt;OSTM&gt;<sp/>from){</highlight></codeline>
<codeline lineno="35"><highlight class="normal"></highlight></codeline>
<codeline lineno="36"><highlight class="normal"><sp/><sp/><sp/><sp/>std::shared_ptr&lt;CARPHONE_WAREHOUSE&gt;<sp/>objTO<sp/>=<sp/>std::dynamic_pointer_cast&lt;<ref refid="class_c_a_r_p_h_o_n_e___w_a_r_e_h_o_u_s_e" kindref="compound">CARPHONE_WAREHOUSE</ref>&gt;(to);</highlight></codeline>
<codeline lineno="37"><highlight class="normal"><sp/><sp/><sp/><sp/>std::shared_ptr&lt;CARPHONE_WAREHOUSE&gt;<sp/>objFROM<sp/>=<sp/>std::dynamic_pointer_cast&lt;<ref refid="class_c_a_r_p_h_o_n_e___w_a_r_e_h_o_u_s_e" kindref="compound">CARPHONE_WAREHOUSE</ref>&gt;(from);</highlight></codeline>
<codeline lineno="38"><highlight class="normal"><sp/><sp/><sp/><sp/>objTO-&gt;_shop_address<sp/>=<sp/>objFROM-&gt;GetShop_address();</highlight></codeline>
<codeline lineno="39"><highlight class="normal"><sp/><sp/><sp/><sp/>objTO-&gt;_shop_name<sp/>=<sp/>objFROM-&gt;GetShop_name();</highlight></codeline>
<codeline lineno="40"><highlight class="normal"><sp/><sp/><sp/><sp/>objTO-&gt;_number_of_iphones<sp/>=<sp/>objFROM-&gt;GetNumber_of_iphones();</highlight></codeline>
<codeline lineno="41"><highlight class="normal"><sp/><sp/><sp/><sp/>objTO-&gt;_number_of_samsung<sp/>=<sp/>objFROM-&gt;GetNumber_of_samsung();</highlight></codeline>
<codeline lineno="42"><highlight class="normal"><sp/><sp/><sp/><sp/>objTO-&gt;_number_of_sony<sp/>=<sp/>objFROM-&gt;GetNumber_of_sony();</highlight></codeline>
<codeline lineno="43"><highlight class="normal"><sp/><sp/><sp/><sp/>objTO-&gt;_number_of_huawei<sp/>=<sp/>objFROM-&gt;GetNumber_of_huawei();</highlight></codeline>
<codeline lineno="44"><highlight class="normal"><sp/><sp/><sp/><sp/>objTO-&gt;_number_of_nokia<sp/>=<sp/>objFROM-&gt;GetNumber_of_nokia();</highlight></codeline>
<codeline lineno="45"><highlight class="normal"><sp/><sp/><sp/><sp/>objTO-&gt;_number_of_alcatel<sp/>=<sp/>objFROM-&gt;GetNumber_of_alcatel();</highlight></codeline>
<codeline lineno="46"><highlight class="normal"><sp/><sp/><sp/><sp/>objTO-&gt;Set_Unique_ID(objFROM-&gt;Get_Unique_ID());</highlight></codeline>
<codeline lineno="47"><highlight class="normal"><sp/><sp/><sp/><sp/>objTO-&gt;Set_Version(objFROM-&gt;Get_Version());</highlight></codeline>
<codeline lineno="48"><highlight class="normal"><sp/><sp/><sp/></highlight></codeline>
<codeline lineno="49"><highlight class="normal">}</highlight></codeline>
<codeline lineno="53"><highlight class="comment">//std::shared_ptr&lt;CARPHONE_WAREHOUSE&gt;<sp/>CARPHONE_WAREHOUSE::_cast(std::shared_ptr&lt;OSTM&gt;<sp/>_object){</highlight><highlight class="normal"></highlight></codeline>
<codeline lineno="54"><highlight class="normal"></highlight><highlight class="comment">//<sp/><sp/><sp/><sp/></highlight><highlight class="normal"></highlight></codeline>
<codeline lineno="55"><highlight class="normal"></highlight><highlight class="comment">//<sp/><sp/><sp/><sp/>return<sp/>std::static_pointer_cast&lt;CARPHONE_WAREHOUSE&gt;(_object);</highlight><highlight class="normal"></highlight></codeline>
<codeline lineno="56"><highlight class="normal"></highlight><highlight class="comment">//}</highlight></codeline>
<codeline lineno="60" refid="class_c_a_r_p_h_o_n_e___w_a_r_e_h_o_u_s_e_1a4d96bb512ffcd1e0b13f632cb7fd242b" refkind="member"><highlight class="comment"></highlight><highlight class="keywordtype">void</highlight><highlight class="normal"><sp/><ref refid="class_c_a_r_p_h_o_n_e___w_a_r_e_h_o_u_s_e_1a4d96bb512ffcd1e0b13f632cb7fd242b" kindref="member">CARPHONE_WAREHOUSE::toString</ref>()</highlight></codeline>
<codeline lineno="61"><highlight class="normal">{</highlight></codeline>
<codeline lineno="62"><highlight class="normal"><sp/><sp/><sp/>std::cout<sp/>&lt;&lt;<sp/></highlight><highlight class="stringliteral">&quot;\n&quot;</highlight><highlight class="normal"><sp/>&lt;&lt;<sp/><sp/>this-&gt;<ref refid="class_c_a_r_p_h_o_n_e___w_a_r_e_h_o_u_s_e_1a4932d1483f97e12e01be200951c572df" kindref="member">GetShop_name</ref>()<sp/>&lt;&lt;<sp/></highlight><highlight class="stringliteral">&quot;\nUnique<sp/>ID<sp/>:<sp/>&quot;</highlight><highlight class="normal"><sp/>&lt;&lt;<sp/>this-&gt;<ref refid="class_o_s_t_m_1a5a01a8b98d16b1d1904ecf9356e7b71d" kindref="member">Get_Unique_ID</ref>()<sp/>&lt;&lt;<sp/></highlight><highlight class="stringliteral">&quot;\nShop<sp/>Name<sp/>:<sp/>&quot;</highlight><highlight class="normal"><sp/><sp/>&lt;&lt;<sp/>this-&gt;<ref refid="class_c_a_r_p_h_o_n_e___w_a_r_e_h_o_u_s_e_1a4932d1483f97e12e01be200951c572df" kindref="member">GetShop_name</ref>()<sp/>&lt;&lt;<sp/></highlight><highlight class="stringliteral">&quot;\nShop<sp/>Address<sp/>:<sp/>&quot;</highlight><highlight class="normal"><sp/>&lt;&lt;<sp/>this-&gt;<ref refid="class_c_a_r_p_h_o_n_e___w_a_r_e_h_o_u_s_e_1a90c80d52aa860d00c3fb9c165646637b" kindref="member">GetShop_address</ref>()<sp/>&lt;&lt;<sp/></highlight><highlight class="stringliteral">&quot;\nNo.<sp/>Iphones<sp/>:<sp/>&quot;</highlight><highlight class="normal"><sp/>&lt;&lt;<sp/>this-&gt;<ref refid="class_c_a_r_p_h_o_n_e___w_a_r_e_h_o_u_s_e_1a640af469d055cb8836c42ac4ce135e6f" kindref="member">GetNumber_of_iphones</ref>()<sp/>&lt;&lt;<sp/></highlight><highlight class="stringliteral">&quot;\nNo.<sp/>Samsung<sp/>:<sp/>&quot;</highlight><highlight class="normal"><sp/>&lt;&lt;<sp/>this-&gt;<ref refid="class_c_a_r_p_h_o_n_e___w_a_r_e_h_o_u_s_e_1a0cd9d93b5b145846627d3005dff71f6f" kindref="member">GetNumber_of_samsung</ref>()<sp/>&lt;&lt;<sp/></highlight><highlight class="stringliteral">&quot;\nNo.<sp/>Sony<sp/>:<sp/>&quot;</highlight><highlight class="normal"><sp/>&lt;&lt;<sp/>this-&gt;<ref refid="class_c_a_r_p_h_o_n_e___w_a_r_e_h_o_u_s_e_1a955e5b413e1f41a36dcc12837664f364" kindref="member">GetNumber_of_sony</ref>()<sp/>&lt;&lt;<sp/></highlight><highlight class="stringliteral">&quot;\nNo.<sp/>Huawei<sp/>:<sp/>&quot;</highlight><highlight class="normal"><sp/>&lt;&lt;<sp/>this-&gt;<ref refid="class_c_a_r_p_h_o_n_e___w_a_r_e_h_o_u_s_e_1a9200c484f288fce0246008e5d683507f" kindref="member">GetNumber_of_huawei</ref>()<sp/>&lt;&lt;<sp/></highlight><highlight class="stringliteral">&quot;\nNo.<sp/>Nokia<sp/>:<sp/>&quot;</highlight><highlight class="normal"><sp/>&lt;&lt;<sp/>this-&gt;<ref refid="class_c_a_r_p_h_o_n_e___w_a_r_e_h_o_u_s_e_1aac1959dee51204439fc0721403d23447" kindref="member">GetNumber_of_nokia</ref>()<sp/>&lt;&lt;<sp/></highlight><highlight class="stringliteral">&quot;\nNo.<sp/>Alcatel<sp/>:<sp/>&quot;</highlight><highlight class="normal"><sp/>&lt;&lt;<sp/>this-&gt;<ref refid="class_c_a_r_p_h_o_n_e___w_a_r_e_h_o_u_s_e_1a8d278005b2ba46869f6787681ad05704" kindref="member">GetNumber_of_alcatel</ref>()<sp/>&lt;&lt;<sp/></highlight><highlight class="stringliteral">&quot;\nVersion<sp/>number<sp/>:<sp/>&quot;</highlight><highlight class="normal"><sp/>&lt;&lt;<sp/>this-&gt;<ref refid="class_o_s_t_m_1a1f1db9d482f22c8e7caa17dfb340626b" kindref="member">Get_Version</ref>()<sp/>&lt;&lt;<sp/>std::endl;</highlight></codeline>
<codeline lineno="63"><highlight class="normal">}</highlight></codeline>
<codeline lineno="64"><highlight class="normal"></highlight></codeline>
<codeline lineno="65"><highlight class="normal"></highlight></codeline>
<codeline lineno="66"><highlight class="normal"></highlight></codeline>
<codeline lineno="67" refid="class_c_a_r_p_h_o_n_e___w_a_r_e_h_o_u_s_e_1a84d8d820016c7eb50323c2dcbb4d73f3" refkind="member"><highlight class="normal"></highlight><highlight class="keywordtype">void</highlight><highlight class="normal"><sp/><ref refid="class_c_a_r_p_h_o_n_e___w_a_r_e_h_o_u_s_e_1a84d8d820016c7eb50323c2dcbb4d73f3" kindref="member">CARPHONE_WAREHOUSE::SetNumber_of_alcatel</ref>(</highlight><highlight class="keywordtype">int</highlight><highlight class="normal"><sp/>_number_of_alcatel)<sp/>{</highlight></codeline>
<codeline lineno="68"><highlight class="normal"><sp/><sp/><sp/><sp/>this-&gt;_number_of_alcatel<sp/>=<sp/>_number_of_alcatel;</highlight></codeline>
<codeline lineno="69"><highlight class="normal">}</highlight></codeline>
<codeline lineno="70"><highlight class="normal"></highlight></codeline>
<codeline lineno="71" refid="class_c_a_r_p_h_o_n_e___w_a_r_e_h_o_u_s_e_1a8d278005b2ba46869f6787681ad05704" refkind="member"><highlight class="normal"></highlight><highlight class="keywordtype">int</highlight><highlight class="normal"><sp/><ref refid="class_c_a_r_p_h_o_n_e___w_a_r_e_h_o_u_s_e_1a8d278005b2ba46869f6787681ad05704" kindref="member">CARPHONE_WAREHOUSE::GetNumber_of_alcatel</ref>(){</highlight></codeline>
<codeline lineno="72"><highlight class="normal"><sp/><sp/><sp/><sp/></highlight><highlight class="keywordflow">return</highlight><highlight class="normal"><sp/>_number_of_alcatel;</highlight></codeline>
<codeline lineno="73"><highlight class="normal">}</highlight></codeline>
<codeline lineno="74"><highlight class="normal"></highlight></codeline>
<codeline lineno="75" refid="class_c_a_r_p_h_o_n_e___w_a_r_e_h_o_u_s_e_1a5f2abf60f6fa8a614fadb1419bf1de83" refkind="member"><highlight class="normal"></highlight><highlight class="keywordtype">void</highlight><highlight class="normal"><sp/><ref refid="class_c_a_r_p_h_o_n_e___w_a_r_e_h_o_u_s_e_1a5f2abf60f6fa8a614fadb1419bf1de83" kindref="member">CARPHONE_WAREHOUSE::SetNumber_of_nokia</ref>(</highlight><highlight class="keywordtype">int</highlight><highlight class="normal"><sp/>_number_of_nokia)<sp/>{</highlight></codeline>
<codeline lineno="76"><highlight class="normal"><sp/><sp/><sp/><sp/>this-&gt;_number_of_nokia<sp/>=<sp/>_number_of_nokia;</highlight></codeline>
<codeline lineno="77"><highlight class="normal">}</highlight></codeline>
<codeline lineno="78"><highlight class="normal"></highlight></codeline>
<codeline lineno="79" refid="class_c_a_r_p_h_o_n_e___w_a_r_e_h_o_u_s_e_1aac1959dee51204439fc0721403d23447" refkind="member"><highlight class="normal"></highlight><highlight class="keywordtype">int</highlight><highlight class="normal"><sp/><ref refid="class_c_a_r_p_h_o_n_e___w_a_r_e_h_o_u_s_e_1aac1959dee51204439fc0721403d23447" kindref="member">CARPHONE_WAREHOUSE::GetNumber_of_nokia</ref>(){</highlight></codeline>
<codeline lineno="80"><highlight class="normal"><sp/><sp/><sp/><sp/></highlight><highlight class="keywordflow">return</highlight><highlight class="normal"><sp/>_number_of_nokia;</highlight></codeline>
<codeline lineno="81"><highlight class="normal">}</highlight></codeline>
<codeline lineno="82"><highlight class="normal"></highlight></codeline>
<codeline lineno="83" refid="class_c_a_r_p_h_o_n_e___w_a_r_e_h_o_u_s_e_1a87ba00e49e5b201548c57ef4b8beaeff" refkind="member"><highlight class="normal"></highlight><highlight class="keywordtype">void</highlight><highlight class="normal"><sp/><ref refid="class_c_a_r_p_h_o_n_e___w_a_r_e_h_o_u_s_e_1a87ba00e49e5b201548c57ef4b8beaeff" kindref="member">CARPHONE_WAREHOUSE::SetNumber_of_huawei</ref>(</highlight><highlight class="keywordtype">int</highlight><highlight class="normal"><sp/>_number_of_huawei)<sp/>{</highlight></codeline>
<codeline lineno="84"><highlight class="normal"><sp/><sp/><sp/><sp/>this-&gt;_number_of_huawei<sp/>=<sp/>_number_of_huawei;</highlight></codeline>
<codeline lineno="85"><highlight class="normal">}</highlight></codeline>
<codeline lineno="86"><highlight class="normal"></highlight></codeline>
<codeline lineno="87" refid="class_c_a_r_p_h_o_n_e___w_a_r_e_h_o_u_s_e_1a9200c484f288fce0246008e5d683507f" refkind="member"><highlight class="normal"></highlight><highlight class="keywordtype">int</highlight><highlight class="normal"><sp/><ref refid="class_c_a_r_p_h_o_n_e___w_a_r_e_h_o_u_s_e_1a9200c484f288fce0246008e5d683507f" kindref="member">CARPHONE_WAREHOUSE::GetNumber_of_huawei</ref>(){</highlight></codeline>
<codeline lineno="88"><highlight class="normal"><sp/><sp/><sp/><sp/></highlight><highlight class="keywordflow">return</highlight><highlight class="normal"><sp/>_number_of_huawei;</highlight></codeline>
<codeline lineno="89"><highlight class="normal">}</highlight></codeline>
<codeline lineno="90"><highlight class="normal"></highlight></codeline>
<codeline lineno="91" refid="class_c_a_r_p_h_o_n_e___w_a_r_e_h_o_u_s_e_1ac59a3e67850e4ce6db9f0f0d5a72d8df" refkind="member"><highlight class="normal"></highlight><highlight class="keywordtype">void</highlight><highlight class="normal"><sp/><ref refid="class_c_a_r_p_h_o_n_e___w_a_r_e_h_o_u_s_e_1ac59a3e67850e4ce6db9f0f0d5a72d8df" kindref="member">CARPHONE_WAREHOUSE::SetNumber_of_sony</ref>(</highlight><highlight class="keywordtype">int</highlight><highlight class="normal"><sp/>_number_of_sony)<sp/>{</highlight></codeline>
<codeline lineno="92"><highlight class="normal"><sp/><sp/><sp/><sp/>this-&gt;_number_of_sony<sp/>=<sp/>_number_of_sony;</highlight></codeline>
<codeline lineno="93"><highlight class="normal">}</highlight></codeline>
<codeline lineno="94"><highlight class="normal"></highlight></codeline>
<codeline lineno="95" refid="class_c_a_r_p_h_o_n_e___w_a_r_e_h_o_u_s_e_1a955e5b413e1f41a36dcc12837664f364" refkind="member"><highlight class="normal"></highlight><highlight class="keywordtype">int</highlight><highlight class="normal"><sp/><ref refid="class_c_a_r_p_h_o_n_e___w_a_r_e_h_o_u_s_e_1a955e5b413e1f41a36dcc12837664f364" kindref="member">CARPHONE_WAREHOUSE::GetNumber_of_sony</ref>(){</highlight></codeline>
<codeline lineno="96"><highlight class="normal"><sp/><sp/><sp/><sp/></highlight><highlight class="keywordflow">return</highlight><highlight class="normal"><sp/>_number_of_sony;</highlight></codeline>
<codeline lineno="97"><highlight class="normal">}</highlight></codeline>
<codeline lineno="98"><highlight class="normal"></highlight></codeline>
<codeline lineno="99" refid="class_c_a_r_p_h_o_n_e___w_a_r_e_h_o_u_s_e_1a179265eb31e367a082eb4048f38e602d" refkind="member"><highlight class="normal"></highlight><highlight class="keywordtype">void</highlight><highlight class="normal"><sp/><ref refid="class_c_a_r_p_h_o_n_e___w_a_r_e_h_o_u_s_e_1a179265eb31e367a082eb4048f38e602d" kindref="member">CARPHONE_WAREHOUSE::SetNumber_of_samsung</ref>(</highlight><highlight class="keywordtype">int</highlight><highlight class="normal"><sp/>_number_of_samsung)<sp/>{</highlight></codeline>
<codeline lineno="100"><highlight class="normal"><sp/><sp/><sp/><sp/>this-&gt;_number_of_samsung<sp/>=<sp/>_number_of_samsung;</highlight></codeline>
<codeline lineno="101"><highlight class="normal">}</highlight></codeline>
<codeline lineno="102"><highlight class="normal"></highlight></codeline>
<codeline lineno="103" refid="class_c_a_r_p_h_o_n_e___w_a_r_e_h_o_u_s_e_1a0cd9d93b5b145846627d3005dff71f6f" refkind="member"><highlight class="normal"></highlight><highlight class="keywordtype">int</highlight><highlight class="normal"><sp/><ref refid="class_c_a_r_p_h_o_n_e___w_a_r_e_h_o_u_s_e_1a0cd9d93b5b145846627d3005dff71f6f" kindref="member">CARPHONE_WAREHOUSE::GetNumber_of_samsung</ref>(){</highlight></codeline>
<codeline lineno="104"><highlight class="normal"><sp/><sp/><sp/><sp/></highlight><highlight class="keywordflow">return</highlight><highlight class="normal"><sp/>_number_of_samsung;<sp/></highlight></codeline>
<codeline lineno="105"><highlight class="normal">}</highlight></codeline>
<codeline lineno="106"><highlight class="normal"></highlight></codeline>
<codeline lineno="107" refid="class_c_a_r_p_h_o_n_e___w_a_r_e_h_o_u_s_e_1a167a9f9ac25b17395e5964b57099b462" refkind="member"><highlight class="normal"></highlight><highlight class="keywordtype">void</highlight><highlight class="normal"><sp/><ref refid="class_c_a_r_p_h_o_n_e___w_a_r_e_h_o_u_s_e_1a167a9f9ac25b17395e5964b57099b462" kindref="member">CARPHONE_WAREHOUSE::SetNumber_of_iphones</ref>(</highlight><highlight class="keywordtype">int</highlight><highlight class="normal"><sp/>_number_of_iphones)<sp/>{</highlight></codeline>
<codeline lineno="108"><highlight class="normal"><sp/><sp/><sp/><sp/>this-&gt;_number_of_iphones<sp/>=<sp/>_number_of_iphones;</highlight></codeline>
<codeline lineno="109"><highlight class="normal">}</highlight></codeline>
<codeline lineno="110"><highlight class="normal"></highlight></codeline>
<codeline lineno="111" refid="class_c_a_r_p_h_o_n_e___w_a_r_e_h_o_u_s_e_1a640af469d055cb8836c42ac4ce135e6f" refkind="member"><highlight class="normal"></highlight><highlight class="keywordtype">int</highlight><highlight class="normal"><sp/><ref refid="class_c_a_r_p_h_o_n_e___w_a_r_e_h_o_u_s_e_1a640af469d055cb8836c42ac4ce135e6f" kindref="member">CARPHONE_WAREHOUSE::GetNumber_of_iphones</ref>(){</highlight></codeline>
<codeline lineno="112"><highlight class="normal"><sp/><sp/><sp/><sp/></highlight><highlight class="keywordflow">return</highlight><highlight class="normal"><sp/>_number_of_iphones;</highlight></codeline>
<codeline lineno="113"><highlight class="normal">}</highlight></codeline>
<codeline lineno="114"><highlight class="normal"></highlight></codeline>
<codeline lineno="115" refid="class_c_a_r_p_h_o_n_e___w_a_r_e_h_o_u_s_e_1a832266a32b6ee4be5e531aaacb83610c" refkind="member"><highlight class="normal"></highlight><highlight class="keywordtype">void</highlight><highlight class="normal"><sp/><ref refid="class_c_a_r_p_h_o_n_e___w_a_r_e_h_o_u_s_e_1a832266a32b6ee4be5e531aaacb83610c" kindref="member">CARPHONE_WAREHOUSE::SetShop_name</ref>(std::string<sp/>_shop_name)<sp/>{</highlight></codeline>
<codeline lineno="116"><highlight class="normal"><sp/><sp/><sp/><sp/>this-&gt;_shop_name<sp/>=<sp/>_shop_name;</highlight></codeline>
<codeline lineno="117"><highlight class="normal">}</highlight></codeline>
<codeline lineno="118"><highlight class="normal"></highlight></codeline>
<codeline lineno="119" refid="class_c_a_r_p_h_o_n_e___w_a_r_e_h_o_u_s_e_1a4932d1483f97e12e01be200951c572df" refkind="member"><highlight class="normal">std::string<sp/><ref refid="class_c_a_r_p_h_o_n_e___w_a_r_e_h_o_u_s_e_1a4932d1483f97e12e01be200951c572df" kindref="member">CARPHONE_WAREHOUSE::GetShop_name</ref>(){</highlight></codeline>
<codeline lineno="120"><highlight class="normal"><sp/><sp/><sp/><sp/></highlight><highlight class="keywordflow">return</highlight><highlight class="normal"><sp/>_shop_name;</highlight></codeline>
<codeline lineno="121"><highlight class="normal">}</highlight></codeline>
<codeline lineno="122"><highlight class="normal"></highlight></codeline>
<codeline lineno="123" refid="class_c_a_r_p_h_o_n_e___w_a_r_e_h_o_u_s_e_1af26abc216ad013f1cb8ea2b3f788e048" refkind="member"><highlight class="normal"></highlight><highlight class="keywordtype">void</highlight><highlight class="normal"><sp/><ref refid="class_c_a_r_p_h_o_n_e___w_a_r_e_h_o_u_s_e_1af26abc216ad013f1cb8ea2b3f788e048" kindref="member">CARPHONE_WAREHOUSE::SetShop_address</ref>(std::string<sp/>_shop_address)<sp/>{</highlight></codeline>
<codeline lineno="124"><highlight class="normal"><sp/><sp/><sp/><sp/>this-&gt;_shop_address<sp/>=<sp/>_shop_address;</highlight></codeline>
<codeline lineno="125"><highlight class="normal">}</highlight></codeline>
<codeline lineno="126"><highlight class="normal"></highlight></codeline>
<codeline lineno="127" refid="class_c_a_r_p_h_o_n_e___w_a_r_e_h_o_u_s_e_1a90c80d52aa860d00c3fb9c165646637b" refkind="member"><highlight class="normal">std::string<sp/><ref refid="class_c_a_r_p_h_o_n_e___w_a_r_e_h_o_u_s_e_1a90c80d52aa860d00c3fb9c165646637b" kindref="member">CARPHONE_WAREHOUSE::GetShop_address</ref>(){</highlight></codeline>
<codeline lineno="128"><highlight class="normal"><sp/><sp/><sp/><sp/></highlight><highlight class="keywordflow">return</highlight><highlight class="normal"><sp/>_shop_address;</highlight></codeline>
<codeline lineno="129"><highlight class="normal">}</highlight></codeline>
<codeline lineno="130"><highlight class="normal"></highlight></codeline>
<codeline lineno="131"><highlight class="normal"></highlight></codeline>
<codeline lineno="132"><highlight class="normal"></highlight></codeline>
    </programlisting>
    <location file="CARPHONE_WAREHOUSE.cpp"/>
  </compounddef>
</doxygen>
