<?xml version='1.0' encoding='UTF-8' standalone='no'?>
<doxygen xmlns:xsi="http://www.w3.org/2001/XMLSchema-instance" xsi:noNamespaceSchemaLocation="compound.xsd" version="1.8.11">
  <compounddef id="_c_a_r_l_o_w___w_8h" kind="file" language="C++">
    <compoundname>CARLOW_W.h</compoundname>
    <includes refid="_w_a_r_e_h_o_u_s_e_8h" local="yes">WAREHOUSE.h</includes>
    <includes local="no">string</includes>
    <includes local="no">memory</includes>
    <includes local="no">iostream</includes>
    <includedby refid="_c_a_r_l_o_w___w_8cpp" local="yes">CARLOW_W.cpp</includedby>
    <includedby refid="main_8cpp" local="yes">main.cpp</includedby>
    <incdepgraph>
      <node id="532">
        <label>string</label>
      </node>
      <node id="529">
        <label>OSTM.h</label>
        <link refid="_o_s_t_m_8h"/>
        <childnode refid="530" relation="include">
        </childnode>
        <childnode refid="531" relation="include">
        </childnode>
        <childnode refid="532" relation="include">
        </childnode>
        <childnode refid="533" relation="include">
        </childnode>
      </node>
      <node id="528">
        <label>WAREHOUSE.h</label>
        <link refid="_w_a_r_e_h_o_u_s_e_8h"/>
        <childnode refid="529" relation="include">
        </childnode>
      </node>
      <node id="533">
        <label>iostream</label>
      </node>
      <node id="527">
        <label>CARLOW_W.h</label>
        <link refid="CARLOW_W.h"/>
        <childnode refid="528" relation="include">
        </childnode>
        <childnode refid="532" relation="include">
        </childnode>
        <childnode refid="531" relation="include">
        </childnode>
        <childnode refid="533" relation="include">
        </childnode>
      </node>
      <node id="530">
        <label>mutex</label>
      </node>
      <node id="531">
        <label>memory</label>
      </node>
    </incdepgraph>
    <invincdepgraph>
      <node id="535">
        <label>CARLOW_W.cpp</label>
        <link refid="_c_a_r_l_o_w___w_8cpp"/>
      </node>
      <node id="534">
        <label>CARLOW_W.h</label>
        <link refid="CARLOW_W.h"/>
        <childnode refid="535" relation="include">
        </childnode>
        <childnode refid="536" relation="include">
        </childnode>
      </node>
      <node id="536">
        <label>main.cpp</label>
        <link refid="main_8cpp"/>
      </node>
    </invincdepgraph>
    <innerclass refid="class_c_a_r_l_o_w___w" prot="public">CARLOW_W</innerclass>
    <briefdescription>
    </briefdescription>
    <detaileddescription>
    </detaileddescription>
    <programlisting>
<codeline lineno="1"><highlight class="normal"></highlight></codeline>
<codeline lineno="2"><highlight class="normal"></highlight><highlight class="comment">/*<sp/></highlight></codeline>
<codeline lineno="3"><highlight class="comment"><sp/>*<sp/>File:<sp/><sp/><sp/>CARLOW_W.h</highlight></codeline>
<codeline lineno="4"><highlight class="comment"><sp/>*<sp/>Author:<sp/>Zoltan<sp/>Fuzesi</highlight></codeline>
<codeline lineno="5"><highlight class="comment"><sp/>*<sp/>IT<sp/>Carlow<sp/>:<sp/>C00197361</highlight></codeline>
<codeline lineno="6"><highlight class="comment"><sp/>*</highlight></codeline>
<codeline lineno="7"><highlight class="comment"><sp/>*<sp/>Created<sp/>on<sp/>January<sp/>17,<sp/>2018,<sp/>8:02<sp/>PM</highlight></codeline>
<codeline lineno="8"><highlight class="comment"><sp/>*/</highlight><highlight class="normal"></highlight></codeline>
<codeline lineno="9"><highlight class="normal"></highlight></codeline>
<codeline lineno="10"><highlight class="normal"></highlight><highlight class="preprocessor">#ifndef<sp/>CARLOW_W_H</highlight><highlight class="normal"></highlight></codeline>
<codeline lineno="11"><highlight class="normal"></highlight><highlight class="preprocessor">#define<sp/>CARLOW_W_H</highlight><highlight class="normal"></highlight></codeline>
<codeline lineno="12"><highlight class="normal"></highlight><highlight class="preprocessor">#include<sp/>&quot;<ref refid="_w_a_r_e_h_o_u_s_e_8h" kindref="compound">WAREHOUSE.h</ref>&quot;</highlight><highlight class="normal"></highlight></codeline>
<codeline lineno="13"><highlight class="normal"></highlight><highlight class="preprocessor">#include<sp/>&lt;string&gt;</highlight><highlight class="normal"></highlight></codeline>
<codeline lineno="14"><highlight class="normal"></highlight><highlight class="preprocessor">#include<sp/>&lt;memory&gt;</highlight><highlight class="normal"></highlight></codeline>
<codeline lineno="15"><highlight class="normal"></highlight><highlight class="preprocessor">#include<sp/>&lt;iostream&gt;</highlight></codeline>
<codeline lineno="19" refid="class_c_a_r_l_o_w___w" refkind="compound"><highlight class="keyword">class<sp/></highlight><highlight class="normal"><ref refid="class_c_a_r_l_o_w___w" kindref="compound">CARLOW_W</ref><sp/>:</highlight><highlight class="keyword">public</highlight><highlight class="normal"><sp/><ref refid="class_w_a_r_e_h_o_u_s_e" kindref="compound">WAREHOUSE</ref><sp/>{</highlight></codeline>
<codeline lineno="20"><highlight class="normal"></highlight><highlight class="keyword">public</highlight><highlight class="normal">:</highlight></codeline>
<codeline lineno="24" refid="class_c_a_r_l_o_w___w_1a8ae6ca6f4db7ea5240322fd27824c55a" refkind="member"><highlight class="normal"><sp/><sp/><sp/><sp/><ref refid="class_c_a_r_l_o_w___w_1a8ae6ca6f4db7ea5240322fd27824c55a" kindref="member">CARLOW_W</ref>()<sp/>:<sp/><ref refid="class_w_a_r_e_h_o_u_s_e" kindref="compound">WAREHOUSE</ref>(){</highlight></codeline>
<codeline lineno="25"><highlight class="normal"><sp/><sp/><sp/><sp/><sp/><sp/><sp/><sp/></highlight></codeline>
<codeline lineno="26"><highlight class="normal"><sp/><sp/><sp/><sp/><sp/><sp/><sp/><sp/>this-&gt;_shop_address<sp/>=<sp/></highlight><highlight class="stringliteral">&quot;Carlow<sp/>potato<sp/>street&quot;</highlight><highlight class="normal">;</highlight></codeline>
<codeline lineno="27"><highlight class="normal"><sp/><sp/><sp/><sp/><sp/><sp/><sp/><sp/>this-&gt;_shop_name<sp/>=<sp/></highlight><highlight class="stringliteral">&quot;CARLOW<sp/>C_WAREHOUSE&quot;</highlight><highlight class="normal">;</highlight></codeline>
<codeline lineno="28"><highlight class="normal"><sp/><sp/><sp/><sp/><sp/><sp/><sp/><sp/>this-&gt;_number_of_iphones<sp/>=<sp/>200;</highlight></codeline>
<codeline lineno="29"><highlight class="normal"><sp/><sp/><sp/><sp/><sp/><sp/><sp/><sp/>this-&gt;_number_of_samsung<sp/>=<sp/>200;</highlight></codeline>
<codeline lineno="30"><highlight class="normal"><sp/><sp/><sp/><sp/><sp/><sp/><sp/><sp/>this-&gt;_number_of_sony<sp/>=<sp/>200;</highlight></codeline>
<codeline lineno="31"><highlight class="normal"><sp/><sp/><sp/><sp/><sp/><sp/><sp/><sp/>this-&gt;_number_of_huawei<sp/>=<sp/>200;</highlight></codeline>
<codeline lineno="32"><highlight class="normal"><sp/><sp/><sp/><sp/><sp/><sp/><sp/><sp/>this-&gt;_number_of_nokia<sp/>=<sp/>200;</highlight></codeline>
<codeline lineno="33"><highlight class="normal"><sp/><sp/><sp/><sp/><sp/><sp/><sp/><sp/>this-&gt;_number_of_alcatel<sp/>=<sp/>200;</highlight></codeline>
<codeline lineno="34"><highlight class="normal"><sp/><sp/><sp/><sp/>};</highlight></codeline>
<codeline lineno="38" refid="class_c_a_r_l_o_w___w_1aa13cfb47255f935a3b27708b68e52129" refkind="member"><highlight class="normal"><sp/><sp/><sp/><sp/><ref refid="class_c_a_r_l_o_w___w_1aa13cfb47255f935a3b27708b68e52129" kindref="member">CARLOW_W</ref>(std::string<sp/>address,<sp/>std::string<sp/>shop_name,<sp/></highlight><highlight class="keywordtype">int</highlight><highlight class="normal"><sp/>iphone,<sp/></highlight><highlight class="keywordtype">int</highlight><highlight class="normal"><sp/>samsung,<sp/></highlight><highlight class="keywordtype">int</highlight><highlight class="normal"><sp/>sony,<sp/></highlight><highlight class="keywordtype">int</highlight><highlight class="normal"><sp/>huawei,<sp/></highlight><highlight class="keywordtype">int</highlight><highlight class="normal"><sp/>nokia,<sp/></highlight><highlight class="keywordtype">int</highlight><highlight class="normal"><sp/>alcatel):<sp/><ref refid="class_w_a_r_e_h_o_u_s_e" kindref="compound">WAREHOUSE</ref>(){</highlight></codeline>
<codeline lineno="39"><highlight class="normal"><sp/><sp/><sp/><sp/><sp/><sp/><sp/><sp/></highlight><highlight class="comment">/*</highlight></codeline>
<codeline lineno="40"><highlight class="comment"><sp/><sp/><sp/><sp/><sp/><sp/><sp/><sp/><sp/>*<sp/>copy<sp/>over<sp/>values</highlight></codeline>
<codeline lineno="41"><highlight class="comment"><sp/><sp/><sp/><sp/><sp/><sp/><sp/><sp/><sp/>*/</highlight><highlight class="normal"></highlight></codeline>
<codeline lineno="42"><highlight class="normal"><sp/><sp/><sp/><sp/><sp/><sp/><sp/><sp/>this-&gt;_shop_address<sp/>=<sp/>address;</highlight></codeline>
<codeline lineno="43"><highlight class="normal"><sp/><sp/><sp/><sp/><sp/><sp/><sp/><sp/>this-&gt;_shop_name<sp/>=<sp/>shop_name;</highlight></codeline>
<codeline lineno="44"><highlight class="normal"><sp/><sp/><sp/><sp/><sp/><sp/><sp/><sp/>this-&gt;_number_of_iphones<sp/>=<sp/>iphone;</highlight></codeline>
<codeline lineno="45"><highlight class="normal"><sp/><sp/><sp/><sp/><sp/><sp/><sp/><sp/>this-&gt;_number_of_samsung<sp/>=<sp/>samsung;</highlight></codeline>
<codeline lineno="46"><highlight class="normal"><sp/><sp/><sp/><sp/><sp/><sp/><sp/><sp/>this-&gt;_number_of_sony<sp/>=<sp/>sony;</highlight></codeline>
<codeline lineno="47"><highlight class="normal"><sp/><sp/><sp/><sp/><sp/><sp/><sp/><sp/>this-&gt;_number_of_huawei<sp/>=<sp/>huawei;</highlight></codeline>
<codeline lineno="48"><highlight class="normal"><sp/><sp/><sp/><sp/><sp/><sp/><sp/><sp/>this-&gt;_number_of_nokia<sp/>=<sp/>nokia;</highlight></codeline>
<codeline lineno="49"><highlight class="normal"><sp/><sp/><sp/><sp/><sp/><sp/><sp/><sp/>this-&gt;_number_of_alcatel<sp/>=<sp/>alcatel;</highlight></codeline>
<codeline lineno="50"><highlight class="normal"><sp/><sp/><sp/><sp/><sp/><sp/><sp/><sp/></highlight></codeline>
<codeline lineno="51"><highlight class="normal"><sp/><sp/><sp/><sp/>};</highlight></codeline>
<codeline lineno="55" refid="class_c_a_r_l_o_w___w_1ad3b772ca2d09eba4a273cb0c7cece747" refkind="member"><highlight class="normal"><sp/><sp/><sp/><sp/><ref refid="class_c_a_r_l_o_w___w_1ad3b772ca2d09eba4a273cb0c7cece747" kindref="member">CARLOW_W</ref>(std::shared_ptr&lt;WAREHOUSE&gt;<sp/>obj,<sp/></highlight><highlight class="keywordtype">int</highlight><highlight class="normal"><sp/>_version,<sp/></highlight><highlight class="keywordtype">int</highlight><highlight class="normal"><sp/>_unique_id):<sp/><ref refid="class_w_a_r_e_h_o_u_s_e" kindref="compound">WAREHOUSE</ref>(_version,<sp/>_unique_id){</highlight></codeline>
<codeline lineno="56"><highlight class="normal"><sp/><sp/><sp/><sp/><sp/><sp/><sp/><sp/></highlight><highlight class="comment">/*</highlight></codeline>
<codeline lineno="57"><highlight class="comment"><sp/><sp/><sp/><sp/><sp/><sp/><sp/><sp/><sp/>*<sp/>copy<sp/>over<sp/>values</highlight></codeline>
<codeline lineno="58"><highlight class="comment"><sp/><sp/><sp/><sp/><sp/><sp/><sp/><sp/><sp/>*/</highlight><highlight class="normal"></highlight></codeline>
<codeline lineno="59"><highlight class="normal"><sp/><sp/><sp/><sp/><sp/><sp/><sp/><sp/>this-&gt;_shop_address<sp/>=<sp/>obj-&gt;GetShop_address();</highlight></codeline>
<codeline lineno="60"><highlight class="normal"><sp/><sp/><sp/><sp/><sp/><sp/><sp/><sp/>this-&gt;_shop_name<sp/>=<sp/>obj-&gt;GetShop_name();</highlight></codeline>
<codeline lineno="61"><highlight class="normal"><sp/><sp/><sp/><sp/><sp/><sp/><sp/><sp/>this-&gt;_number_of_iphones<sp/>=<sp/>obj-&gt;GetNumber_of_iphones();</highlight></codeline>
<codeline lineno="62"><highlight class="normal"><sp/><sp/><sp/><sp/><sp/><sp/><sp/><sp/>this-&gt;_number_of_samsung<sp/>=<sp/>obj-&gt;GetNumber_of_samsung();</highlight></codeline>
<codeline lineno="63"><highlight class="normal"><sp/><sp/><sp/><sp/><sp/><sp/><sp/><sp/>this-&gt;_number_of_sony<sp/>=<sp/>obj-&gt;GetNumber_of_sony();</highlight></codeline>
<codeline lineno="64"><highlight class="normal"><sp/><sp/><sp/><sp/><sp/><sp/><sp/><sp/>this-&gt;_number_of_huawei<sp/>=<sp/>obj-&gt;GetNumber_of_huawei();</highlight></codeline>
<codeline lineno="65"><highlight class="normal"><sp/><sp/><sp/><sp/><sp/><sp/><sp/><sp/>this-&gt;_number_of_nokia<sp/>=<sp/>obj-&gt;GetNumber_of_nokia();</highlight></codeline>
<codeline lineno="66"><highlight class="normal"><sp/><sp/><sp/><sp/><sp/><sp/><sp/><sp/>this-&gt;_number_of_alcatel<sp/>=<sp/>obj-&gt;GetNumber_of_alcatel();</highlight></codeline>
<codeline lineno="67"><highlight class="normal"><sp/><sp/><sp/><sp/>}</highlight></codeline>
<codeline lineno="71"><highlight class="normal"><sp/><sp/><sp/><sp/><ref refid="class_c_a_r_l_o_w___w_1a8ae6ca6f4db7ea5240322fd27824c55a" kindref="member">CARLOW_W</ref>(</highlight><highlight class="keyword">const</highlight><highlight class="normal"><sp/><ref refid="class_c_a_r_l_o_w___w" kindref="compound">CARLOW_W</ref>&amp;<sp/>orig);</highlight></codeline>
<codeline lineno="75" refid="class_c_a_r_l_o_w___w_1a38c83795abf1751b3e122c74494f4586" refkind="member"><highlight class="normal"><sp/><sp/><sp/><sp/><ref refid="class_c_a_r_l_o_w___w" kindref="compound">CARLOW_W</ref><sp/><ref refid="class_c_a_r_l_o_w___w_1a38c83795abf1751b3e122c74494f4586" kindref="member">operator=</ref>(</highlight><highlight class="keyword">const</highlight><highlight class="normal"><sp/><ref refid="class_c_a_r_l_o_w___w" kindref="compound">CARLOW_W</ref>&amp;<sp/>orig){};</highlight></codeline>
<codeline lineno="79"><highlight class="normal"><sp/><sp/><sp/><sp/></highlight><highlight class="keyword">virtual</highlight><highlight class="normal"><sp/><ref refid="class_c_a_r_l_o_w___w_1aa628d46e58dfd0517f24499eca88138b" kindref="member">~CARLOW_W</ref>();</highlight></codeline>
<codeline lineno="80"><highlight class="normal"><sp/><sp/><sp/><sp/></highlight><highlight class="comment">/*</highlight></codeline>
<codeline lineno="81"><highlight class="comment"><sp/><sp/><sp/><sp/><sp/>*<sp/>Implement<sp/>OSTM<sp/>virtual<sp/>methods</highlight></codeline>
<codeline lineno="82"><highlight class="comment"><sp/><sp/><sp/><sp/><sp/>*/</highlight><highlight class="normal"></highlight></codeline>
<codeline lineno="83"><highlight class="normal"><sp/><sp/><sp/></highlight><highlight class="comment">//<sp/>virtual<sp/>std::shared_ptr&lt;CARLOW_W&gt;<sp/>_cast(std::shared_ptr&lt;OSTM&gt;<sp/>_object);</highlight><highlight class="normal"></highlight></codeline>
<codeline lineno="84"><highlight class="normal"><sp/><sp/><sp/><sp/></highlight><highlight class="keyword">virtual</highlight><highlight class="normal"><sp/></highlight><highlight class="keywordtype">void</highlight><highlight class="normal"><sp/><ref refid="class_c_a_r_l_o_w___w_1ac91cb7cbae77752e334e273b97fb988b" kindref="member">copy</ref>(std::shared_ptr&lt;OSTM&gt;<sp/>to,<sp/>std::shared_ptr&lt;OSTM&gt;<sp/>from);</highlight></codeline>
<codeline lineno="85"><highlight class="normal"><sp/><sp/><sp/><sp/></highlight><highlight class="keyword">virtual</highlight><highlight class="normal"><sp/>std::shared_ptr&lt;OSTM&gt;<sp/><ref refid="class_c_a_r_l_o_w___w_1a1a76566c3a7c01cf469007741dac6b97" kindref="member">getBaseCopy</ref>(std::shared_ptr&lt;OSTM&gt;<sp/></highlight><highlight class="keywordtype">object</highlight><highlight class="normal">);</highlight></codeline>
<codeline lineno="86"><highlight class="normal"><sp/><sp/><sp/><sp/></highlight><highlight class="keyword">virtual</highlight><highlight class="normal"><sp/></highlight><highlight class="keywordtype">void</highlight><highlight class="normal"><sp/><ref refid="class_c_a_r_l_o_w___w_1a79e683650f861b59752fb027a5f16e5a" kindref="member">toString</ref>();</highlight></codeline>
<codeline lineno="87"><highlight class="normal"><sp/><sp/><sp/><sp/></highlight><highlight class="comment">/*</highlight></codeline>
<codeline lineno="88"><highlight class="comment"><sp/><sp/><sp/><sp/><sp/>*<sp/>Implement<sp/>Warehouse<sp/>methods</highlight></codeline>
<codeline lineno="89"><highlight class="comment"><sp/><sp/><sp/><sp/><sp/>*/</highlight><highlight class="normal"></highlight></codeline>
<codeline lineno="90"><highlight class="normal"><sp/><sp/><sp/><sp/></highlight><highlight class="keyword">virtual</highlight><highlight class="normal"><sp/></highlight><highlight class="keywordtype">void</highlight><highlight class="normal"><sp/><ref refid="class_c_a_r_l_o_w___w_1ad264954806d7fd6c418650a5c7c7defb" kindref="member">SetNumber_of_alcatel</ref>(</highlight><highlight class="keywordtype">int</highlight><highlight class="normal"><sp/>_number_of_alcatel);</highlight></codeline>
<codeline lineno="91"><highlight class="normal"><sp/><sp/><sp/><sp/></highlight><highlight class="keyword">virtual</highlight><highlight class="normal"><sp/></highlight><highlight class="keywordtype">int</highlight><highlight class="normal"><sp/><ref refid="class_c_a_r_l_o_w___w_1ae7ab8852e5eeff1c2cd397126fbac0e7" kindref="member">GetNumber_of_alcatel</ref>();</highlight></codeline>
<codeline lineno="92"><highlight class="normal"><sp/><sp/><sp/><sp/></highlight><highlight class="keyword">virtual</highlight><highlight class="normal"><sp/></highlight><highlight class="keywordtype">void</highlight><highlight class="normal"><sp/><ref refid="class_c_a_r_l_o_w___w_1af0f395409df02a42b3e9448d027d0776" kindref="member">SetNumber_of_nokia</ref>(</highlight><highlight class="keywordtype">int</highlight><highlight class="normal"><sp/>_number_of_nokia);</highlight></codeline>
<codeline lineno="93"><highlight class="normal"><sp/><sp/><sp/><sp/></highlight><highlight class="keyword">virtual</highlight><highlight class="normal"><sp/></highlight><highlight class="keywordtype">int</highlight><highlight class="normal"><sp/><ref refid="class_c_a_r_l_o_w___w_1a4e3a644ee69bc4bc4ab3feac1493192b" kindref="member">GetNumber_of_nokia</ref>();</highlight></codeline>
<codeline lineno="94"><highlight class="normal"><sp/><sp/><sp/><sp/></highlight><highlight class="keyword">virtual</highlight><highlight class="normal"><sp/></highlight><highlight class="keywordtype">void</highlight><highlight class="normal"><sp/><ref refid="class_c_a_r_l_o_w___w_1a016d1d51b091fc1732c2923a3baa2f58" kindref="member">SetNumber_of_huawei</ref>(</highlight><highlight class="keywordtype">int</highlight><highlight class="normal"><sp/>_number_of_huawei);</highlight></codeline>
<codeline lineno="95"><highlight class="normal"><sp/><sp/><sp/><sp/></highlight><highlight class="keyword">virtual</highlight><highlight class="normal"><sp/></highlight><highlight class="keywordtype">int</highlight><highlight class="normal"><sp/><ref refid="class_c_a_r_l_o_w___w_1aea38b51a44cda35a01beb7d45fa7a2a4" kindref="member">GetNumber_of_huawei</ref>();</highlight></codeline>
<codeline lineno="96"><highlight class="normal"><sp/><sp/><sp/><sp/></highlight><highlight class="keyword">virtual</highlight><highlight class="normal"><sp/></highlight><highlight class="keywordtype">void</highlight><highlight class="normal"><sp/><ref refid="class_c_a_r_l_o_w___w_1ab255132fb2ef5678d00c74f90acdf2dd" kindref="member">SetNumber_of_sony</ref>(</highlight><highlight class="keywordtype">int</highlight><highlight class="normal"><sp/>_number_of_sony);</highlight></codeline>
<codeline lineno="97"><highlight class="normal"><sp/><sp/><sp/><sp/></highlight><highlight class="keyword">virtual</highlight><highlight class="normal"><sp/></highlight><highlight class="keywordtype">int</highlight><highlight class="normal"><sp/><ref refid="class_c_a_r_l_o_w___w_1a6d31219dac9b4d8842e14b7414ed286e" kindref="member">GetNumber_of_sony</ref>();</highlight></codeline>
<codeline lineno="98"><highlight class="normal"><sp/><sp/><sp/><sp/></highlight><highlight class="keyword">virtual</highlight><highlight class="normal"><sp/></highlight><highlight class="keywordtype">void</highlight><highlight class="normal"><sp/><ref refid="class_c_a_r_l_o_w___w_1a6e629d8043c4c4266ecafa9f6a3e6447" kindref="member">SetNumber_of_samsung</ref>(</highlight><highlight class="keywordtype">int</highlight><highlight class="normal"><sp/>_number_of_samsung);</highlight></codeline>
<codeline lineno="99"><highlight class="normal"><sp/><sp/><sp/><sp/></highlight><highlight class="keyword">virtual</highlight><highlight class="normal"><sp/></highlight><highlight class="keywordtype">int</highlight><highlight class="normal"><sp/><ref refid="class_c_a_r_l_o_w___w_1aecc697b6d017d88f2bdbe3cea2bf3496" kindref="member">GetNumber_of_samsung</ref>();</highlight></codeline>
<codeline lineno="100"><highlight class="normal"><sp/><sp/><sp/><sp/></highlight><highlight class="keyword">virtual</highlight><highlight class="normal"><sp/></highlight><highlight class="keywordtype">void</highlight><highlight class="normal"><sp/><ref refid="class_c_a_r_l_o_w___w_1ad58af9d68450f4fc70e0e1ecd4b1b498" kindref="member">SetNumber_of_iphones</ref>(</highlight><highlight class="keywordtype">int</highlight><highlight class="normal"><sp/>_number_of_iphones);</highlight></codeline>
<codeline lineno="101"><highlight class="normal"><sp/><sp/><sp/><sp/></highlight><highlight class="keyword">virtual</highlight><highlight class="normal"><sp/></highlight><highlight class="keywordtype">int</highlight><highlight class="normal"><sp/><ref refid="class_c_a_r_l_o_w___w_1a50395c707116ea1176743ed98c6b1f76" kindref="member">GetNumber_of_iphones</ref>();</highlight></codeline>
<codeline lineno="102"><highlight class="normal"><sp/><sp/><sp/><sp/></highlight><highlight class="keyword">virtual</highlight><highlight class="normal"><sp/></highlight><highlight class="keywordtype">void</highlight><highlight class="normal"><sp/><ref refid="class_c_a_r_l_o_w___w_1a9d0dcf25c0a9eb8be530c27bd2cf8933" kindref="member">SetShop_name</ref>(std::string<sp/>_shop_name);</highlight></codeline>
<codeline lineno="103"><highlight class="normal"><sp/><sp/><sp/><sp/></highlight><highlight class="keyword">virtual</highlight><highlight class="normal"><sp/>std::string<sp/><ref refid="class_c_a_r_l_o_w___w_1a68235a63964645c525620053a33de863" kindref="member">GetShop_name</ref>();</highlight></codeline>
<codeline lineno="104"><highlight class="normal"><sp/><sp/><sp/><sp/></highlight><highlight class="keyword">virtual</highlight><highlight class="normal"><sp/></highlight><highlight class="keywordtype">void</highlight><highlight class="normal"><sp/><ref refid="class_c_a_r_l_o_w___w_1a6f66cd4c060b2b1ac6640768ad5c56e4" kindref="member">SetShop_address</ref>(std::string<sp/>_shop_address);</highlight></codeline>
<codeline lineno="105"><highlight class="normal"><sp/><sp/><sp/><sp/></highlight><highlight class="keyword">virtual</highlight><highlight class="normal"><sp/>std::string<sp/><ref refid="class_c_a_r_l_o_w___w_1af48a2f69706be684115758820ce79ddd" kindref="member">GetShop_address</ref>();</highlight></codeline>
<codeline lineno="106"><highlight class="normal"><sp/><sp/><sp/><sp/></highlight></codeline>
<codeline lineno="107"><highlight class="normal"><sp/><sp/><sp/><sp/></highlight></codeline>
<codeline lineno="108"><highlight class="normal"></highlight><highlight class="keyword">private</highlight><highlight class="normal">:</highlight></codeline>
<codeline lineno="109"><highlight class="normal"><sp/><sp/><sp/><sp/>std::string<sp/>_shop_address;</highlight></codeline>
<codeline lineno="110"><highlight class="normal"><sp/><sp/><sp/><sp/>std::string<sp/>_shop_name;</highlight></codeline>
<codeline lineno="111"><highlight class="normal"><sp/><sp/><sp/><sp/></highlight><highlight class="keywordtype">int</highlight><highlight class="normal"><sp/>_number_of_iphones;</highlight></codeline>
<codeline lineno="112"><highlight class="normal"><sp/><sp/><sp/><sp/></highlight><highlight class="keywordtype">int</highlight><highlight class="normal"><sp/>_number_of_samsung;</highlight></codeline>
<codeline lineno="113"><highlight class="normal"><sp/><sp/><sp/><sp/></highlight><highlight class="keywordtype">int</highlight><highlight class="normal"><sp/>_number_of_sony;</highlight></codeline>
<codeline lineno="114"><highlight class="normal"><sp/><sp/><sp/><sp/></highlight><highlight class="keywordtype">int</highlight><highlight class="normal"><sp/>_number_of_huawei;</highlight></codeline>
<codeline lineno="115"><highlight class="normal"><sp/><sp/><sp/><sp/></highlight><highlight class="keywordtype">int</highlight><highlight class="normal"><sp/>_number_of_nokia;</highlight></codeline>
<codeline lineno="116"><highlight class="normal"><sp/><sp/><sp/><sp/></highlight><highlight class="keywordtype">int</highlight><highlight class="normal"><sp/>_number_of_alcatel;</highlight></codeline>
<codeline lineno="117"><highlight class="normal"></highlight></codeline>
<codeline lineno="118"><highlight class="normal">};</highlight></codeline>
<codeline lineno="119"><highlight class="normal"></highlight></codeline>
<codeline lineno="120"><highlight class="normal"></highlight><highlight class="preprocessor">#endif<sp/></highlight><highlight class="comment">/*<sp/>CARLOW_W_H<sp/>*/</highlight><highlight class="preprocessor"></highlight><highlight class="normal"></highlight></codeline>
<codeline lineno="121"><highlight class="normal"></highlight></codeline>
    </programlisting>
    <location file="CARLOW_W.h"/>
  </compounddef>
</doxygen>
