<?xml version='1.0' encoding='UTF-8' standalone='no'?>
<doxygen xmlns:xsi="http://www.w3.org/2001/XMLSchema-instance" xsi:noNamespaceSchemaLocation="compound.xsd" version="1.8.11">
  <compounddef id="_c_a_r_l_o_w___w_8cpp" kind="file" language="C++">
    <compoundname>CARLOW_W.cpp</compoundname>
    <includes refid="_c_a_r_l_o_w___w_8h" local="yes">CARLOW_W.h</includes>
    <incdepgraph>
      <node id="524">
        <label>string</label>
      </node>
      <node id="521">
        <label>OSTM.h</label>
        <link refid="_o_s_t_m_8h"/>
        <childnode refid="522" relation="include">
        </childnode>
        <childnode refid="523" relation="include">
        </childnode>
        <childnode refid="524" relation="include">
        </childnode>
        <childnode refid="525" relation="include">
        </childnode>
      </node>
      <node id="518">
        <label>CARLOW_W.cpp</label>
        <link refid="CARLOW_W.cpp"/>
        <childnode refid="519" relation="include">
        </childnode>
      </node>
      <node id="520">
        <label>WAREHOUSE.h</label>
        <link refid="_w_a_r_e_h_o_u_s_e_8h"/>
        <childnode refid="521" relation="include">
        </childnode>
      </node>
      <node id="525">
        <label>iostream</label>
      </node>
      <node id="519">
        <label>CARLOW_W.h</label>
        <link refid="_c_a_r_l_o_w___w_8h"/>
        <childnode refid="520" relation="include">
        </childnode>
        <childnode refid="524" relation="include">
        </childnode>
        <childnode refid="523" relation="include">
        </childnode>
        <childnode refid="525" relation="include">
        </childnode>
      </node>
      <node id="522">
        <label>mutex</label>
      </node>
      <node id="523">
        <label>memory</label>
      </node>
    </incdepgraph>
    <briefdescription>
    </briefdescription>
    <detaileddescription>
    </detaileddescription>
    <programlisting>
<codeline lineno="1"><highlight class="normal"></highlight></codeline>
<codeline lineno="2"><highlight class="normal"></highlight><highlight class="comment">/*<sp/></highlight></codeline>
<codeline lineno="3"><highlight class="comment"><sp/>*<sp/>File:<sp/><sp/><sp/>CARLOW_W.cpp</highlight></codeline>
<codeline lineno="4"><highlight class="comment"><sp/>*<sp/>Author:<sp/>Zoltan<sp/>Fuzesi</highlight></codeline>
<codeline lineno="5"><highlight class="comment"><sp/>*<sp/>IT<sp/>Carlow<sp/>:<sp/>C00197361</highlight></codeline>
<codeline lineno="6"><highlight class="comment"><sp/>*</highlight></codeline>
<codeline lineno="7"><highlight class="comment"><sp/>*<sp/>Created<sp/>on<sp/>January<sp/>17,<sp/>2018,<sp/>8:02<sp/>PM</highlight></codeline>
<codeline lineno="8"><highlight class="comment"><sp/>*/</highlight><highlight class="normal"></highlight></codeline>
<codeline lineno="9"><highlight class="normal"></highlight><highlight class="preprocessor">#include<sp/>&quot;<ref refid="_c_a_r_l_o_w___w_8h" kindref="compound">CARLOW_W.h</ref>&quot;</highlight><highlight class="normal"></highlight></codeline>
<codeline lineno="10"><highlight class="normal"></highlight></codeline>
<codeline lineno="11"><highlight class="normal"></highlight></codeline>
<codeline lineno="12"><highlight class="normal"></highlight><highlight class="comment">//CARLOW_W::CARLOW_W()<sp/>{</highlight><highlight class="normal"></highlight></codeline>
<codeline lineno="13"><highlight class="normal"></highlight><highlight class="comment">//}</highlight><highlight class="normal"></highlight></codeline>
<codeline lineno="14" refid="class_c_a_r_l_o_w___w_1aa628d46e58dfd0517f24499eca88138b" refkind="member"><highlight class="normal"><ref refid="class_c_a_r_l_o_w___w_1aa628d46e58dfd0517f24499eca88138b" kindref="member">CARLOW_W::~CARLOW_W</ref>()<sp/>{</highlight></codeline>
<codeline lineno="15"><highlight class="normal">}</highlight></codeline>
<codeline lineno="16"><highlight class="normal"></highlight></codeline>
<codeline lineno="17" refid="class_c_a_r_l_o_w___w_1a267a2792c59f475740a68953c8437205" refkind="member"><highlight class="normal"><ref refid="class_c_a_r_l_o_w___w_1a8ae6ca6f4db7ea5240322fd27824c55a" kindref="member">CARLOW_W::CARLOW_W</ref>(</highlight><highlight class="keyword">const</highlight><highlight class="normal"><sp/><ref refid="class_c_a_r_l_o_w___w" kindref="compound">CARLOW_W</ref>&amp;<sp/>orig)<sp/>{</highlight></codeline>
<codeline lineno="18"><highlight class="normal">}</highlight></codeline>
<codeline lineno="24" refid="class_c_a_r_l_o_w___w_1a1a76566c3a7c01cf469007741dac6b97" refkind="member"><highlight class="normal">std::shared_ptr&lt;OSTM&gt;<sp/><ref refid="class_c_a_r_l_o_w___w_1a1a76566c3a7c01cf469007741dac6b97" kindref="member">CARLOW_W::getBaseCopy</ref>(std::shared_ptr&lt;OSTM&gt;<sp/></highlight><highlight class="keywordtype">object</highlight><highlight class="normal">)</highlight></codeline>
<codeline lineno="25"><highlight class="normal">{</highlight></codeline>
<codeline lineno="26"><highlight class="normal"></highlight></codeline>
<codeline lineno="27"><highlight class="normal"><sp/><sp/><sp/><sp/>std::shared_ptr&lt;WAREHOUSE&gt;<sp/>objTO<sp/>=<sp/>std::dynamic_pointer_cast&lt;<ref refid="class_w_a_r_e_h_o_u_s_e" kindref="compound">WAREHOUSE</ref>&gt;(object);</highlight></codeline>
<codeline lineno="28"><highlight class="normal"><sp/><sp/><sp/><sp/>std::shared_ptr&lt;WAREHOUSE&gt;<sp/>obj(</highlight><highlight class="keyword">new</highlight><highlight class="normal"><sp/><ref refid="class_c_a_r_l_o_w___w_1a8ae6ca6f4db7ea5240322fd27824c55a" kindref="member">CARLOW_W</ref>(objTO,<sp/>object-&gt;Get_Version(),</highlight><highlight class="keywordtype">object</highlight><highlight class="normal">-&gt;Get_Unique_ID()));</highlight></codeline>
<codeline lineno="29"><highlight class="normal"><sp/><sp/><sp/><sp/>std::shared_ptr&lt;OSTM&gt;<sp/>ostm_obj<sp/>=<sp/>std::dynamic_pointer_cast&lt;<ref refid="class_o_s_t_m" kindref="compound">OSTM</ref>&gt;(obj);</highlight></codeline>
<codeline lineno="30"><highlight class="normal"><sp/><sp/><sp/><sp/></highlight><highlight class="keywordflow">return</highlight><highlight class="normal"><sp/>ostm_obj;</highlight></codeline>
<codeline lineno="31"><highlight class="normal">}</highlight></codeline>
<codeline lineno="37" refid="class_c_a_r_l_o_w___w_1ac91cb7cbae77752e334e273b97fb988b" refkind="member"><highlight class="keywordtype">void</highlight><highlight class="normal"><sp/><ref refid="class_c_a_r_l_o_w___w_1ac91cb7cbae77752e334e273b97fb988b" kindref="member">CARLOW_W::copy</ref>(std::shared_ptr&lt;OSTM&gt;<sp/>to,<sp/>std::shared_ptr&lt;OSTM&gt;<sp/>from){</highlight></codeline>
<codeline lineno="38"><highlight class="normal"></highlight></codeline>
<codeline lineno="39"><highlight class="normal"><sp/><sp/><sp/><sp/>std::shared_ptr&lt;CARLOW_W&gt;<sp/>objTO<sp/>=<sp/>std::dynamic_pointer_cast&lt;<ref refid="class_c_a_r_l_o_w___w" kindref="compound">CARLOW_W</ref>&gt;(to);</highlight></codeline>
<codeline lineno="40"><highlight class="normal"><sp/><sp/><sp/><sp/>std::shared_ptr&lt;CARLOW_W&gt;<sp/>objFROM<sp/>=<sp/>std::dynamic_pointer_cast&lt;<ref refid="class_c_a_r_l_o_w___w" kindref="compound">CARLOW_W</ref>&gt;(from);</highlight></codeline>
<codeline lineno="41"><highlight class="normal"><sp/><sp/><sp/><sp/>objTO-&gt;_shop_address<sp/>=<sp/>objFROM-&gt;GetShop_address();</highlight></codeline>
<codeline lineno="42"><highlight class="normal"><sp/><sp/><sp/><sp/>objTO-&gt;_shop_name<sp/>=<sp/>objFROM-&gt;GetShop_name();</highlight></codeline>
<codeline lineno="43"><highlight class="normal"><sp/><sp/><sp/><sp/>objTO-&gt;_number_of_iphones<sp/>=<sp/>objFROM-&gt;GetNumber_of_iphones();</highlight></codeline>
<codeline lineno="44"><highlight class="normal"><sp/><sp/><sp/><sp/>objTO-&gt;_number_of_samsung<sp/>=<sp/>objFROM-&gt;GetNumber_of_samsung();</highlight></codeline>
<codeline lineno="45"><highlight class="normal"><sp/><sp/><sp/><sp/>objTO-&gt;_number_of_sony<sp/>=<sp/>objFROM-&gt;GetNumber_of_sony();</highlight></codeline>
<codeline lineno="46"><highlight class="normal"><sp/><sp/><sp/><sp/>objTO-&gt;_number_of_huawei<sp/>=<sp/>objFROM-&gt;GetNumber_of_huawei();</highlight></codeline>
<codeline lineno="47"><highlight class="normal"><sp/><sp/><sp/><sp/>objTO-&gt;_number_of_nokia<sp/>=<sp/>objFROM-&gt;GetNumber_of_nokia();</highlight></codeline>
<codeline lineno="48"><highlight class="normal"><sp/><sp/><sp/><sp/>objTO-&gt;_number_of_alcatel<sp/>=<sp/>objFROM-&gt;GetNumber_of_alcatel();</highlight></codeline>
<codeline lineno="49"><highlight class="normal"><sp/><sp/><sp/><sp/>objTO-&gt;Set_Unique_ID(objFROM-&gt;Get_Unique_ID());</highlight></codeline>
<codeline lineno="50"><highlight class="normal"><sp/><sp/><sp/><sp/>objTO-&gt;Set_Version(objFROM-&gt;Get_Version());</highlight></codeline>
<codeline lineno="51"><highlight class="normal"><sp/><sp/><sp/><sp/></highlight></codeline>
<codeline lineno="52"><highlight class="normal"><sp/><sp/><sp/></highlight></codeline>
<codeline lineno="53"><highlight class="normal">}</highlight></codeline>
<codeline lineno="57"><highlight class="comment">//std::shared_ptr&lt;CARLOW_W&gt;<sp/>CARLOW_W::_cast(std::shared_ptr&lt;OSTM&gt;<sp/>_object){</highlight><highlight class="normal"></highlight></codeline>
<codeline lineno="58"><highlight class="normal"></highlight><highlight class="comment">//<sp/><sp/><sp/><sp/></highlight><highlight class="normal"></highlight></codeline>
<codeline lineno="59"><highlight class="normal"></highlight><highlight class="comment">//<sp/><sp/><sp/><sp/>return<sp/>std::static_pointer_cast&lt;CARLOW_W&gt;(_object);</highlight><highlight class="normal"></highlight></codeline>
<codeline lineno="60"><highlight class="normal"></highlight><highlight class="comment">//}</highlight></codeline>
<codeline lineno="64" refid="class_c_a_r_l_o_w___w_1a79e683650f861b59752fb027a5f16e5a" refkind="member"><highlight class="comment"></highlight><highlight class="keywordtype">void</highlight><highlight class="normal"><sp/><ref refid="class_c_a_r_l_o_w___w_1a79e683650f861b59752fb027a5f16e5a" kindref="member">CARLOW_W::toString</ref>()</highlight></codeline>
<codeline lineno="65"><highlight class="normal">{</highlight></codeline>
<codeline lineno="66"><highlight class="normal"><sp/><sp/><sp/>std::cout<sp/>&lt;&lt;<sp/></highlight><highlight class="stringliteral">&quot;\n&quot;</highlight><highlight class="normal"><sp/>&lt;&lt;<sp/><sp/>this-&gt;<ref refid="class_c_a_r_l_o_w___w_1a68235a63964645c525620053a33de863" kindref="member">GetShop_name</ref>()<sp/>&lt;&lt;<sp/></highlight><highlight class="stringliteral">&quot;\nUnique<sp/>ID<sp/>:<sp/>&quot;</highlight><highlight class="normal"><sp/>&lt;&lt;<sp/>this-&gt;<ref refid="class_o_s_t_m_1a5a01a8b98d16b1d1904ecf9356e7b71d" kindref="member">Get_Unique_ID</ref>()<sp/>&lt;&lt;<sp/></highlight><highlight class="stringliteral">&quot;\nShop<sp/>Name<sp/>:<sp/>&quot;</highlight><highlight class="normal"><sp/><sp/>&lt;&lt;<sp/>this-&gt;<ref refid="class_c_a_r_l_o_w___w_1a68235a63964645c525620053a33de863" kindref="member">GetShop_name</ref>()<sp/>&lt;&lt;<sp/></highlight><highlight class="stringliteral">&quot;\nShop<sp/>Address<sp/>:<sp/>&quot;</highlight><highlight class="normal"><sp/>&lt;&lt;<sp/>this-&gt;<ref refid="class_c_a_r_l_o_w___w_1af48a2f69706be684115758820ce79ddd" kindref="member">GetShop_address</ref>()<sp/>&lt;&lt;<sp/></highlight><highlight class="stringliteral">&quot;\nNo.<sp/>Iphones<sp/>:<sp/>&quot;</highlight><highlight class="normal"><sp/>&lt;&lt;<sp/>this-&gt;<ref refid="class_c_a_r_l_o_w___w_1a50395c707116ea1176743ed98c6b1f76" kindref="member">GetNumber_of_iphones</ref>()<sp/>&lt;&lt;<sp/></highlight><highlight class="stringliteral">&quot;\nNo.<sp/>Samsung<sp/>:<sp/>&quot;</highlight><highlight class="normal"><sp/>&lt;&lt;<sp/>this-&gt;<ref refid="class_c_a_r_l_o_w___w_1aecc697b6d017d88f2bdbe3cea2bf3496" kindref="member">GetNumber_of_samsung</ref>()<sp/>&lt;&lt;<sp/></highlight><highlight class="stringliteral">&quot;\nNo.<sp/>Sony<sp/>:<sp/>&quot;</highlight><highlight class="normal"><sp/>&lt;&lt;<sp/>this-&gt;<ref refid="class_c_a_r_l_o_w___w_1a6d31219dac9b4d8842e14b7414ed286e" kindref="member">GetNumber_of_sony</ref>()<sp/>&lt;&lt;<sp/></highlight><highlight class="stringliteral">&quot;\nNo.<sp/>Huawei<sp/>:<sp/>&quot;</highlight><highlight class="normal"><sp/>&lt;&lt;<sp/>this-&gt;<ref refid="class_c_a_r_l_o_w___w_1aea38b51a44cda35a01beb7d45fa7a2a4" kindref="member">GetNumber_of_huawei</ref>()<sp/>&lt;&lt;<sp/></highlight><highlight class="stringliteral">&quot;\nNo.<sp/>Nokia<sp/>:<sp/>&quot;</highlight><highlight class="normal"><sp/>&lt;&lt;<sp/>this-&gt;<ref refid="class_c_a_r_l_o_w___w_1a4e3a644ee69bc4bc4ab3feac1493192b" kindref="member">GetNumber_of_nokia</ref>()<sp/>&lt;&lt;<sp/></highlight><highlight class="stringliteral">&quot;\nNo.<sp/>Alcatel<sp/>:<sp/>&quot;</highlight><highlight class="normal"><sp/>&lt;&lt;<sp/>this-&gt;<ref refid="class_c_a_r_l_o_w___w_1ae7ab8852e5eeff1c2cd397126fbac0e7" kindref="member">GetNumber_of_alcatel</ref>()<sp/>&lt;&lt;<sp/></highlight><highlight class="stringliteral">&quot;\nVersion<sp/>number<sp/>:<sp/>&quot;</highlight><highlight class="normal"><sp/>&lt;&lt;<sp/>this-&gt;<ref refid="class_o_s_t_m_1a1f1db9d482f22c8e7caa17dfb340626b" kindref="member">Get_Version</ref>()<sp/>&lt;&lt;<sp/>std::endl;</highlight></codeline>
<codeline lineno="67"><highlight class="normal">}</highlight></codeline>
<codeline lineno="68"><highlight class="normal"></highlight></codeline>
<codeline lineno="69"><highlight class="normal"></highlight></codeline>
<codeline lineno="70"><highlight class="normal"></highlight></codeline>
<codeline lineno="71" refid="class_c_a_r_l_o_w___w_1ad264954806d7fd6c418650a5c7c7defb" refkind="member"><highlight class="normal"></highlight><highlight class="keywordtype">void</highlight><highlight class="normal"><sp/><ref refid="class_c_a_r_l_o_w___w_1ad264954806d7fd6c418650a5c7c7defb" kindref="member">CARLOW_W::SetNumber_of_alcatel</ref>(</highlight><highlight class="keywordtype">int</highlight><highlight class="normal"><sp/>_number_of_alcatel)<sp/>{</highlight></codeline>
<codeline lineno="72"><highlight class="normal"><sp/><sp/><sp/><sp/>this-&gt;_number_of_alcatel<sp/>=<sp/>_number_of_alcatel;</highlight></codeline>
<codeline lineno="73"><highlight class="normal">}</highlight></codeline>
<codeline lineno="74"><highlight class="normal"></highlight></codeline>
<codeline lineno="75" refid="class_c_a_r_l_o_w___w_1ae7ab8852e5eeff1c2cd397126fbac0e7" refkind="member"><highlight class="normal"></highlight><highlight class="keywordtype">int</highlight><highlight class="normal"><sp/><ref refid="class_c_a_r_l_o_w___w_1ae7ab8852e5eeff1c2cd397126fbac0e7" kindref="member">CARLOW_W::GetNumber_of_alcatel</ref>(){</highlight></codeline>
<codeline lineno="76"><highlight class="normal"><sp/><sp/><sp/><sp/></highlight><highlight class="keywordflow">return</highlight><highlight class="normal"><sp/>_number_of_alcatel;</highlight></codeline>
<codeline lineno="77"><highlight class="normal">}</highlight></codeline>
<codeline lineno="78"><highlight class="normal"></highlight></codeline>
<codeline lineno="79" refid="class_c_a_r_l_o_w___w_1af0f395409df02a42b3e9448d027d0776" refkind="member"><highlight class="normal"></highlight><highlight class="keywordtype">void</highlight><highlight class="normal"><sp/><ref refid="class_c_a_r_l_o_w___w_1af0f395409df02a42b3e9448d027d0776" kindref="member">CARLOW_W::SetNumber_of_nokia</ref>(</highlight><highlight class="keywordtype">int</highlight><highlight class="normal"><sp/>_number_of_nokia)<sp/>{</highlight></codeline>
<codeline lineno="80"><highlight class="normal"><sp/><sp/><sp/><sp/>this-&gt;_number_of_nokia<sp/>=<sp/>_number_of_nokia;</highlight></codeline>
<codeline lineno="81"><highlight class="normal">}</highlight></codeline>
<codeline lineno="82"><highlight class="normal"></highlight></codeline>
<codeline lineno="83" refid="class_c_a_r_l_o_w___w_1a4e3a644ee69bc4bc4ab3feac1493192b" refkind="member"><highlight class="normal"></highlight><highlight class="keywordtype">int</highlight><highlight class="normal"><sp/><ref refid="class_c_a_r_l_o_w___w_1a4e3a644ee69bc4bc4ab3feac1493192b" kindref="member">CARLOW_W::GetNumber_of_nokia</ref>(){</highlight></codeline>
<codeline lineno="84"><highlight class="normal"><sp/><sp/><sp/><sp/></highlight><highlight class="keywordflow">return</highlight><highlight class="normal"><sp/>_number_of_nokia;</highlight></codeline>
<codeline lineno="85"><highlight class="normal">}</highlight></codeline>
<codeline lineno="86"><highlight class="normal"></highlight></codeline>
<codeline lineno="87" refid="class_c_a_r_l_o_w___w_1a016d1d51b091fc1732c2923a3baa2f58" refkind="member"><highlight class="normal"></highlight><highlight class="keywordtype">void</highlight><highlight class="normal"><sp/><ref refid="class_c_a_r_l_o_w___w_1a016d1d51b091fc1732c2923a3baa2f58" kindref="member">CARLOW_W::SetNumber_of_huawei</ref>(</highlight><highlight class="keywordtype">int</highlight><highlight class="normal"><sp/>_number_of_huawei)<sp/>{</highlight></codeline>
<codeline lineno="88"><highlight class="normal"><sp/><sp/><sp/><sp/>this-&gt;_number_of_huawei<sp/>=<sp/>_number_of_huawei;</highlight></codeline>
<codeline lineno="89"><highlight class="normal">}</highlight></codeline>
<codeline lineno="90"><highlight class="normal"></highlight></codeline>
<codeline lineno="91" refid="class_c_a_r_l_o_w___w_1aea38b51a44cda35a01beb7d45fa7a2a4" refkind="member"><highlight class="normal"></highlight><highlight class="keywordtype">int</highlight><highlight class="normal"><sp/><ref refid="class_c_a_r_l_o_w___w_1aea38b51a44cda35a01beb7d45fa7a2a4" kindref="member">CARLOW_W::GetNumber_of_huawei</ref>(){</highlight></codeline>
<codeline lineno="92"><highlight class="normal"><sp/><sp/><sp/><sp/></highlight><highlight class="keywordflow">return</highlight><highlight class="normal"><sp/>_number_of_huawei;</highlight></codeline>
<codeline lineno="93"><highlight class="normal">}</highlight></codeline>
<codeline lineno="94"><highlight class="normal"></highlight></codeline>
<codeline lineno="95" refid="class_c_a_r_l_o_w___w_1ab255132fb2ef5678d00c74f90acdf2dd" refkind="member"><highlight class="normal"></highlight><highlight class="keywordtype">void</highlight><highlight class="normal"><sp/><ref refid="class_c_a_r_l_o_w___w_1ab255132fb2ef5678d00c74f90acdf2dd" kindref="member">CARLOW_W::SetNumber_of_sony</ref>(</highlight><highlight class="keywordtype">int</highlight><highlight class="normal"><sp/>_number_of_sony)<sp/>{</highlight></codeline>
<codeline lineno="96"><highlight class="normal"><sp/><sp/><sp/><sp/>this-&gt;_number_of_sony<sp/>=<sp/>_number_of_sony;</highlight></codeline>
<codeline lineno="97"><highlight class="normal">}</highlight></codeline>
<codeline lineno="98"><highlight class="normal"></highlight></codeline>
<codeline lineno="99" refid="class_c_a_r_l_o_w___w_1a6d31219dac9b4d8842e14b7414ed286e" refkind="member"><highlight class="normal"></highlight><highlight class="keywordtype">int</highlight><highlight class="normal"><sp/><ref refid="class_c_a_r_l_o_w___w_1a6d31219dac9b4d8842e14b7414ed286e" kindref="member">CARLOW_W::GetNumber_of_sony</ref>(){</highlight></codeline>
<codeline lineno="100"><highlight class="normal"><sp/><sp/><sp/><sp/></highlight><highlight class="keywordflow">return</highlight><highlight class="normal"><sp/>_number_of_sony;</highlight></codeline>
<codeline lineno="101"><highlight class="normal">}</highlight></codeline>
<codeline lineno="102"><highlight class="normal"></highlight></codeline>
<codeline lineno="103" refid="class_c_a_r_l_o_w___w_1a6e629d8043c4c4266ecafa9f6a3e6447" refkind="member"><highlight class="normal"></highlight><highlight class="keywordtype">void</highlight><highlight class="normal"><sp/><ref refid="class_c_a_r_l_o_w___w_1a6e629d8043c4c4266ecafa9f6a3e6447" kindref="member">CARLOW_W::SetNumber_of_samsung</ref>(</highlight><highlight class="keywordtype">int</highlight><highlight class="normal"><sp/>_number_of_samsung)<sp/>{</highlight></codeline>
<codeline lineno="104"><highlight class="normal"><sp/><sp/><sp/><sp/>this-&gt;_number_of_samsung<sp/>=<sp/>_number_of_samsung;</highlight></codeline>
<codeline lineno="105"><highlight class="normal">}</highlight></codeline>
<codeline lineno="106"><highlight class="normal"></highlight></codeline>
<codeline lineno="107" refid="class_c_a_r_l_o_w___w_1aecc697b6d017d88f2bdbe3cea2bf3496" refkind="member"><highlight class="normal"></highlight><highlight class="keywordtype">int</highlight><highlight class="normal"><sp/><ref refid="class_c_a_r_l_o_w___w_1aecc697b6d017d88f2bdbe3cea2bf3496" kindref="member">CARLOW_W::GetNumber_of_samsung</ref>(){</highlight></codeline>
<codeline lineno="108"><highlight class="normal"><sp/><sp/><sp/><sp/></highlight><highlight class="keywordflow">return</highlight><highlight class="normal"><sp/>_number_of_samsung;</highlight></codeline>
<codeline lineno="109"><highlight class="normal">}</highlight></codeline>
<codeline lineno="110"><highlight class="normal"></highlight></codeline>
<codeline lineno="111" refid="class_c_a_r_l_o_w___w_1ad58af9d68450f4fc70e0e1ecd4b1b498" refkind="member"><highlight class="normal"></highlight><highlight class="keywordtype">void</highlight><highlight class="normal"><sp/><ref refid="class_c_a_r_l_o_w___w_1ad58af9d68450f4fc70e0e1ecd4b1b498" kindref="member">CARLOW_W::SetNumber_of_iphones</ref>(</highlight><highlight class="keywordtype">int</highlight><highlight class="normal"><sp/>_number_of_iphones)<sp/>{</highlight></codeline>
<codeline lineno="112"><highlight class="normal"><sp/><sp/><sp/><sp/>this-&gt;_number_of_iphones<sp/>=<sp/>_number_of_iphones;</highlight></codeline>
<codeline lineno="113"><highlight class="normal">}</highlight></codeline>
<codeline lineno="114"><highlight class="normal"></highlight></codeline>
<codeline lineno="115" refid="class_c_a_r_l_o_w___w_1a50395c707116ea1176743ed98c6b1f76" refkind="member"><highlight class="normal"></highlight><highlight class="keywordtype">int</highlight><highlight class="normal"><sp/><ref refid="class_c_a_r_l_o_w___w_1a50395c707116ea1176743ed98c6b1f76" kindref="member">CARLOW_W::GetNumber_of_iphones</ref>(){</highlight></codeline>
<codeline lineno="116"><highlight class="normal"><sp/><sp/><sp/><sp/></highlight><highlight class="keywordflow">return</highlight><highlight class="normal"><sp/>_number_of_iphones;</highlight></codeline>
<codeline lineno="117"><highlight class="normal">}</highlight></codeline>
<codeline lineno="118"><highlight class="normal"></highlight></codeline>
<codeline lineno="119" refid="class_c_a_r_l_o_w___w_1a9d0dcf25c0a9eb8be530c27bd2cf8933" refkind="member"><highlight class="normal"></highlight><highlight class="keywordtype">void</highlight><highlight class="normal"><sp/><ref refid="class_c_a_r_l_o_w___w_1a9d0dcf25c0a9eb8be530c27bd2cf8933" kindref="member">CARLOW_W::SetShop_name</ref>(std::string<sp/>_shop_name)<sp/>{</highlight></codeline>
<codeline lineno="120"><highlight class="normal"><sp/><sp/><sp/><sp/>this-&gt;_shop_name<sp/>=<sp/>_shop_name;</highlight></codeline>
<codeline lineno="121"><highlight class="normal">}</highlight></codeline>
<codeline lineno="122"><highlight class="normal"></highlight></codeline>
<codeline lineno="123" refid="class_c_a_r_l_o_w___w_1a68235a63964645c525620053a33de863" refkind="member"><highlight class="normal">std::string<sp/><ref refid="class_c_a_r_l_o_w___w_1a68235a63964645c525620053a33de863" kindref="member">CARLOW_W::GetShop_name</ref>(){</highlight></codeline>
<codeline lineno="124"><highlight class="normal"><sp/><sp/><sp/><sp/></highlight><highlight class="keywordflow">return</highlight><highlight class="normal"><sp/>_shop_name;</highlight></codeline>
<codeline lineno="125"><highlight class="normal">}</highlight></codeline>
<codeline lineno="126"><highlight class="normal"></highlight></codeline>
<codeline lineno="127" refid="class_c_a_r_l_o_w___w_1a6f66cd4c060b2b1ac6640768ad5c56e4" refkind="member"><highlight class="normal"></highlight><highlight class="keywordtype">void</highlight><highlight class="normal"><sp/><ref refid="class_c_a_r_l_o_w___w_1a6f66cd4c060b2b1ac6640768ad5c56e4" kindref="member">CARLOW_W::SetShop_address</ref>(std::string<sp/>_shop_address)<sp/>{</highlight></codeline>
<codeline lineno="128"><highlight class="normal"><sp/><sp/><sp/><sp/>this-&gt;_shop_address<sp/>=<sp/>_shop_address;</highlight></codeline>
<codeline lineno="129"><highlight class="normal">}</highlight></codeline>
<codeline lineno="130"><highlight class="normal"></highlight></codeline>
<codeline lineno="131" refid="class_c_a_r_l_o_w___w_1af48a2f69706be684115758820ce79ddd" refkind="member"><highlight class="normal">std::string<sp/><ref refid="class_c_a_r_l_o_w___w_1af48a2f69706be684115758820ce79ddd" kindref="member">CARLOW_W::GetShop_address</ref>(){</highlight></codeline>
<codeline lineno="132"><highlight class="normal"><sp/><sp/><sp/><sp/></highlight><highlight class="keywordflow">return</highlight><highlight class="normal"><sp/>_shop_address;</highlight></codeline>
<codeline lineno="133"><highlight class="normal">}</highlight></codeline>
<codeline lineno="134"><highlight class="normal"></highlight></codeline>
<codeline lineno="135"><highlight class="normal"></highlight></codeline>
<codeline lineno="136"><highlight class="normal"></highlight></codeline>
    </programlisting>
    <location file="CARLOW_W.cpp"/>
  </compounddef>
</doxygen>
