<?xml version='1.0' encoding='UTF-8' standalone='no'?>
<doxygen xmlns:xsi="http://www.w3.org/2001/XMLSchema-instance" xsi:noNamespaceSchemaLocation="compound.xsd" version="1.8.11">
  <compounddef id="_k_i_l_k_e_n_n_y___w_8h" kind="file" language="C++">
    <compoundname>KILKENNY_W.h</compoundname>
    <includes refid="_w_a_r_e_h_o_u_s_e_8h" local="yes">WAREHOUSE.h</includes>
    <includes local="no">string</includes>
    <includes local="no">memory</includes>
    <includes local="no">iostream</includes>
    <includedby refid="_k_i_l_k_e_n_n_y___w_8cpp" local="yes">KILKENNY_W.cpp</includedby>
    <includedby refid="main_8cpp" local="yes">main.cpp</includedby>
    <incdepgraph>
      <node id="589">
        <label>string</label>
      </node>
      <node id="586">
        <label>OSTM.h</label>
        <link refid="_o_s_t_m_8h"/>
        <childnode refid="587" relation="include">
        </childnode>
        <childnode refid="588" relation="include">
        </childnode>
        <childnode refid="589" relation="include">
        </childnode>
        <childnode refid="590" relation="include">
        </childnode>
      </node>
      <node id="585">
        <label>WAREHOUSE.h</label>
        <link refid="_w_a_r_e_h_o_u_s_e_8h"/>
        <childnode refid="586" relation="include">
        </childnode>
      </node>
      <node id="590">
        <label>iostream</label>
      </node>
      <node id="587">
        <label>mutex</label>
      </node>
      <node id="584">
        <label>KILKENNY_W.h</label>
        <link refid="KILKENNY_W.h"/>
        <childnode refid="585" relation="include">
        </childnode>
        <childnode refid="589" relation="include">
        </childnode>
        <childnode refid="588" relation="include">
        </childnode>
        <childnode refid="590" relation="include">
        </childnode>
      </node>
      <node id="588">
        <label>memory</label>
      </node>
    </incdepgraph>
    <invincdepgraph>
      <node id="592">
        <label>KILKENNY_W.cpp</label>
        <link refid="_k_i_l_k_e_n_n_y___w_8cpp"/>
      </node>
      <node id="591">
        <label>KILKENNY_W.h</label>
        <link refid="KILKENNY_W.h"/>
        <childnode refid="592" relation="include">
        </childnode>
        <childnode refid="593" relation="include">
        </childnode>
      </node>
      <node id="593">
        <label>main.cpp</label>
        <link refid="main_8cpp"/>
      </node>
    </invincdepgraph>
    <innerclass refid="class_k_i_l_k_e_n_n_y___w" prot="public">KILKENNY_W</innerclass>
    <briefdescription>
    </briefdescription>
    <detaileddescription>
    </detaileddescription>
    <programlisting>
<codeline lineno="1"><highlight class="normal"></highlight></codeline>
<codeline lineno="2"><highlight class="normal"></highlight><highlight class="comment">/*<sp/></highlight></codeline>
<codeline lineno="3"><highlight class="comment"><sp/>*<sp/>File:<sp/><sp/><sp/>KILKENNY_W.h</highlight></codeline>
<codeline lineno="4"><highlight class="comment"><sp/>*<sp/>Author:<sp/>Zoltan<sp/>Fuzesi</highlight></codeline>
<codeline lineno="5"><highlight class="comment"><sp/>*<sp/>IT<sp/>Carlow<sp/>:<sp/>C00197361</highlight></codeline>
<codeline lineno="6"><highlight class="comment"><sp/>*</highlight></codeline>
<codeline lineno="7"><highlight class="comment"><sp/>*<sp/>Created<sp/>on<sp/>January<sp/>17,<sp/>2018,<sp/>8:02<sp/>PM</highlight></codeline>
<codeline lineno="8"><highlight class="comment"><sp/>*/</highlight><highlight class="normal"></highlight></codeline>
<codeline lineno="9"><highlight class="normal"></highlight></codeline>
<codeline lineno="10"><highlight class="normal"></highlight><highlight class="preprocessor">#ifndef<sp/>KILKENNY_W_H</highlight><highlight class="normal"></highlight></codeline>
<codeline lineno="11"><highlight class="normal"></highlight><highlight class="preprocessor">#define<sp/>KILKENNY_W_H</highlight><highlight class="normal"></highlight></codeline>
<codeline lineno="12"><highlight class="normal"></highlight><highlight class="preprocessor">#include<sp/>&quot;<ref refid="_w_a_r_e_h_o_u_s_e_8h" kindref="compound">WAREHOUSE.h</ref>&quot;</highlight><highlight class="normal"></highlight></codeline>
<codeline lineno="13"><highlight class="normal"></highlight><highlight class="preprocessor">#include<sp/>&lt;string&gt;</highlight><highlight class="normal"></highlight></codeline>
<codeline lineno="14"><highlight class="normal"></highlight><highlight class="preprocessor">#include<sp/>&lt;memory&gt;</highlight><highlight class="normal"></highlight></codeline>
<codeline lineno="15"><highlight class="normal"></highlight><highlight class="preprocessor">#include<sp/>&lt;iostream&gt;</highlight></codeline>
<codeline lineno="19" refid="class_k_i_l_k_e_n_n_y___w" refkind="compound"><highlight class="keyword">class<sp/></highlight><highlight class="normal"><ref refid="class_k_i_l_k_e_n_n_y___w" kindref="compound">KILKENNY_W</ref><sp/>:<sp/></highlight><highlight class="keyword">public</highlight><highlight class="normal"><sp/><ref refid="class_w_a_r_e_h_o_u_s_e" kindref="compound">WAREHOUSE</ref><sp/>{</highlight></codeline>
<codeline lineno="20"><highlight class="normal"></highlight><highlight class="keyword">public</highlight><highlight class="normal">:</highlight></codeline>
<codeline lineno="24" refid="class_k_i_l_k_e_n_n_y___w_1aee4c4b30bc934ff827f0851077b7fbab" refkind="member"><highlight class="normal"><sp/><sp/><sp/><sp/><ref refid="class_k_i_l_k_e_n_n_y___w_1aee4c4b30bc934ff827f0851077b7fbab" kindref="member">KILKENNY_W</ref>():<sp/><ref refid="class_w_a_r_e_h_o_u_s_e" kindref="compound">WAREHOUSE</ref>(){</highlight></codeline>
<codeline lineno="25"><highlight class="normal"><sp/><sp/><sp/><sp/><sp/><sp/><sp/><sp/></highlight></codeline>
<codeline lineno="26"><highlight class="normal"><sp/><sp/><sp/><sp/><sp/><sp/><sp/><sp/>this-&gt;_shop_address<sp/>=<sp/></highlight><highlight class="stringliteral">&quot;Kilkenny<sp/>High<sp/>Street&quot;</highlight><highlight class="normal">;</highlight></codeline>
<codeline lineno="27"><highlight class="normal"><sp/><sp/><sp/><sp/><sp/><sp/><sp/><sp/>this-&gt;_shop_name<sp/>=<sp/></highlight><highlight class="stringliteral">&quot;KILKENNY<sp/>K_WAREHOUSE&quot;</highlight><highlight class="normal">;</highlight></codeline>
<codeline lineno="28"><highlight class="normal"><sp/><sp/><sp/><sp/><sp/><sp/><sp/><sp/>this-&gt;_number_of_iphones<sp/>=<sp/>200;</highlight></codeline>
<codeline lineno="29"><highlight class="normal"><sp/><sp/><sp/><sp/><sp/><sp/><sp/><sp/>this-&gt;_number_of_samsung<sp/>=<sp/>200;</highlight></codeline>
<codeline lineno="30"><highlight class="normal"><sp/><sp/><sp/><sp/><sp/><sp/><sp/><sp/>this-&gt;_number_of_sony<sp/>=<sp/>200;</highlight></codeline>
<codeline lineno="31"><highlight class="normal"><sp/><sp/><sp/><sp/><sp/><sp/><sp/><sp/>this-&gt;_number_of_huawei<sp/>=<sp/>200;</highlight></codeline>
<codeline lineno="32"><highlight class="normal"><sp/><sp/><sp/><sp/><sp/><sp/><sp/><sp/>this-&gt;_number_of_nokia<sp/>=<sp/>200;</highlight></codeline>
<codeline lineno="33"><highlight class="normal"><sp/><sp/><sp/><sp/><sp/><sp/><sp/><sp/>this-&gt;_number_of_alcatel<sp/>=<sp/>200;</highlight></codeline>
<codeline lineno="34"><highlight class="normal"><sp/><sp/><sp/><sp/>};</highlight></codeline>
<codeline lineno="38" refid="class_k_i_l_k_e_n_n_y___w_1a292872c50225002759ebe70be3c96a72" refkind="member"><highlight class="normal"><sp/><sp/><sp/><sp/><ref refid="class_k_i_l_k_e_n_n_y___w_1a292872c50225002759ebe70be3c96a72" kindref="member">KILKENNY_W</ref>(std::string<sp/>address,<sp/>std::string<sp/>shop_name,<sp/></highlight><highlight class="keywordtype">int</highlight><highlight class="normal"><sp/>iphone,<sp/></highlight><highlight class="keywordtype">int</highlight><highlight class="normal"><sp/>samsung,<sp/></highlight><highlight class="keywordtype">int</highlight><highlight class="normal"><sp/>sony,<sp/></highlight><highlight class="keywordtype">int</highlight><highlight class="normal"><sp/>huawei,<sp/></highlight><highlight class="keywordtype">int</highlight><highlight class="normal"><sp/>nokia,<sp/></highlight><highlight class="keywordtype">int</highlight><highlight class="normal"><sp/>alcatel):<sp/><ref refid="class_w_a_r_e_h_o_u_s_e" kindref="compound">WAREHOUSE</ref>(){</highlight></codeline>
<codeline lineno="39"><highlight class="normal"><sp/><sp/><sp/><sp/><sp/><sp/><sp/><sp/></highlight><highlight class="comment">/*</highlight></codeline>
<codeline lineno="40"><highlight class="comment"><sp/><sp/><sp/><sp/><sp/><sp/><sp/><sp/><sp/>*<sp/>copy<sp/>over<sp/>values</highlight></codeline>
<codeline lineno="41"><highlight class="comment"><sp/><sp/><sp/><sp/><sp/><sp/><sp/><sp/><sp/>*/</highlight><highlight class="normal"></highlight></codeline>
<codeline lineno="42"><highlight class="normal"><sp/><sp/><sp/><sp/><sp/><sp/><sp/><sp/>this-&gt;_shop_address<sp/>=<sp/>address;</highlight></codeline>
<codeline lineno="43"><highlight class="normal"><sp/><sp/><sp/><sp/><sp/><sp/><sp/><sp/>this-&gt;_shop_name<sp/>=<sp/>shop_name;</highlight></codeline>
<codeline lineno="44"><highlight class="normal"><sp/><sp/><sp/><sp/><sp/><sp/><sp/><sp/>this-&gt;_number_of_iphones<sp/>=<sp/>iphone;</highlight></codeline>
<codeline lineno="45"><highlight class="normal"><sp/><sp/><sp/><sp/><sp/><sp/><sp/><sp/>this-&gt;_number_of_samsung<sp/>=<sp/>samsung;</highlight></codeline>
<codeline lineno="46"><highlight class="normal"><sp/><sp/><sp/><sp/><sp/><sp/><sp/><sp/>this-&gt;_number_of_sony<sp/>=<sp/>sony;</highlight></codeline>
<codeline lineno="47"><highlight class="normal"><sp/><sp/><sp/><sp/><sp/><sp/><sp/><sp/>this-&gt;_number_of_huawei<sp/>=<sp/>huawei;</highlight></codeline>
<codeline lineno="48"><highlight class="normal"><sp/><sp/><sp/><sp/><sp/><sp/><sp/><sp/>this-&gt;_number_of_nokia<sp/>=<sp/>nokia;</highlight></codeline>
<codeline lineno="49"><highlight class="normal"><sp/><sp/><sp/><sp/><sp/><sp/><sp/><sp/>this-&gt;_number_of_alcatel<sp/>=<sp/>alcatel;</highlight></codeline>
<codeline lineno="50"><highlight class="normal"><sp/><sp/><sp/><sp/><sp/><sp/><sp/><sp/></highlight></codeline>
<codeline lineno="51"><highlight class="normal"><sp/><sp/><sp/><sp/>};</highlight></codeline>
<codeline lineno="55" refid="class_k_i_l_k_e_n_n_y___w_1a6df9a34ae732b0196391aceecf865089" refkind="member"><highlight class="normal"><sp/><sp/><sp/><sp/><ref refid="class_k_i_l_k_e_n_n_y___w_1a6df9a34ae732b0196391aceecf865089" kindref="member">KILKENNY_W</ref>(std::shared_ptr&lt;WAREHOUSE&gt;<sp/>obj,<sp/></highlight><highlight class="keywordtype">int</highlight><highlight class="normal"><sp/>_version,<sp/></highlight><highlight class="keywordtype">int</highlight><highlight class="normal"><sp/>_unique_id):<sp/><ref refid="class_w_a_r_e_h_o_u_s_e" kindref="compound">WAREHOUSE</ref>(_version,<sp/>_unique_id){</highlight></codeline>
<codeline lineno="56"><highlight class="normal"><sp/><sp/><sp/><sp/><sp/><sp/><sp/><sp/></highlight><highlight class="comment">/*</highlight></codeline>
<codeline lineno="57"><highlight class="comment"><sp/><sp/><sp/><sp/><sp/><sp/><sp/><sp/><sp/>*<sp/>copy<sp/>over<sp/>values</highlight></codeline>
<codeline lineno="58"><highlight class="comment"><sp/><sp/><sp/><sp/><sp/><sp/><sp/><sp/><sp/>*/</highlight><highlight class="normal"></highlight></codeline>
<codeline lineno="59"><highlight class="normal"><sp/><sp/><sp/><sp/><sp/><sp/><sp/><sp/>this-&gt;_shop_address<sp/>=<sp/>obj-&gt;GetShop_address();</highlight></codeline>
<codeline lineno="60"><highlight class="normal"><sp/><sp/><sp/><sp/><sp/><sp/><sp/><sp/>this-&gt;_shop_name<sp/>=<sp/>obj-&gt;GetShop_name();</highlight></codeline>
<codeline lineno="61"><highlight class="normal"><sp/><sp/><sp/><sp/><sp/><sp/><sp/><sp/>this-&gt;_number_of_iphones<sp/>=<sp/>obj-&gt;GetNumber_of_iphones();</highlight></codeline>
<codeline lineno="62"><highlight class="normal"><sp/><sp/><sp/><sp/><sp/><sp/><sp/><sp/>this-&gt;_number_of_samsung<sp/>=<sp/>obj-&gt;GetNumber_of_samsung();</highlight></codeline>
<codeline lineno="63"><highlight class="normal"><sp/><sp/><sp/><sp/><sp/><sp/><sp/><sp/>this-&gt;_number_of_sony<sp/>=<sp/>obj-&gt;GetNumber_of_sony();</highlight></codeline>
<codeline lineno="64"><highlight class="normal"><sp/><sp/><sp/><sp/><sp/><sp/><sp/><sp/>this-&gt;_number_of_huawei<sp/>=<sp/>obj-&gt;GetNumber_of_huawei();</highlight></codeline>
<codeline lineno="65"><highlight class="normal"><sp/><sp/><sp/><sp/><sp/><sp/><sp/><sp/>this-&gt;_number_of_nokia<sp/>=<sp/>obj-&gt;GetNumber_of_nokia();</highlight></codeline>
<codeline lineno="66"><highlight class="normal"><sp/><sp/><sp/><sp/><sp/><sp/><sp/><sp/>this-&gt;_number_of_alcatel<sp/>=<sp/>obj-&gt;GetNumber_of_alcatel();</highlight></codeline>
<codeline lineno="67"><highlight class="normal"><sp/><sp/><sp/><sp/>}</highlight></codeline>
<codeline lineno="71"><highlight class="normal"><sp/><sp/><sp/><sp/><ref refid="class_k_i_l_k_e_n_n_y___w_1aee4c4b30bc934ff827f0851077b7fbab" kindref="member">KILKENNY_W</ref>(</highlight><highlight class="keyword">const</highlight><highlight class="normal"><sp/><ref refid="class_k_i_l_k_e_n_n_y___w" kindref="compound">KILKENNY_W</ref>&amp;<sp/>orig);</highlight></codeline>
<codeline lineno="75" refid="class_k_i_l_k_e_n_n_y___w_1acff3cfb6cc15b4c4bc0dbe5685406393" refkind="member"><highlight class="normal"><sp/><sp/><sp/><sp/><ref refid="class_k_i_l_k_e_n_n_y___w" kindref="compound">KILKENNY_W</ref><sp/><ref refid="class_k_i_l_k_e_n_n_y___w_1acff3cfb6cc15b4c4bc0dbe5685406393" kindref="member">operator=</ref>(</highlight><highlight class="keyword">const</highlight><highlight class="normal"><sp/><ref refid="class_k_i_l_k_e_n_n_y___w" kindref="compound">KILKENNY_W</ref>&amp;<sp/>orig){};</highlight></codeline>
<codeline lineno="79"><highlight class="normal"><sp/><sp/><sp/><sp/></highlight><highlight class="keyword">virtual</highlight><highlight class="normal"><sp/><ref refid="class_k_i_l_k_e_n_n_y___w_1a5b3f84f505c05449d9a7235f25ff3694" kindref="member">~KILKENNY_W</ref>();</highlight></codeline>
<codeline lineno="80"><highlight class="normal"><sp/><sp/><sp/><sp/></highlight><highlight class="comment">/*</highlight></codeline>
<codeline lineno="81"><highlight class="comment"><sp/><sp/><sp/><sp/><sp/>*<sp/>Implement<sp/>OSTM<sp/>virtual<sp/>methods</highlight></codeline>
<codeline lineno="82"><highlight class="comment"><sp/><sp/><sp/><sp/><sp/>*/</highlight><highlight class="normal"></highlight></codeline>
<codeline lineno="83"><highlight class="normal"><sp/><sp/><sp/><sp/></highlight><highlight class="comment">//virtual<sp/>std::shared_ptr&lt;KILKENNY_W&gt;<sp/>_cast(std::shared_ptr&lt;OSTM&gt;<sp/>_object);</highlight><highlight class="normal"></highlight></codeline>
<codeline lineno="84"><highlight class="normal"><sp/><sp/><sp/><sp/></highlight><highlight class="keyword">virtual</highlight><highlight class="normal"><sp/></highlight><highlight class="keywordtype">void</highlight><highlight class="normal"><sp/><ref refid="class_k_i_l_k_e_n_n_y___w_1a36a02e862f3563fbab3c94dfec4a0934" kindref="member">copy</ref>(std::shared_ptr&lt;OSTM&gt;<sp/>to,<sp/>std::shared_ptr&lt;OSTM&gt;<sp/>from);</highlight></codeline>
<codeline lineno="85"><highlight class="normal"><sp/><sp/><sp/><sp/></highlight><highlight class="keyword">virtual</highlight><highlight class="normal"><sp/>std::shared_ptr&lt;OSTM&gt;<sp/><ref refid="class_k_i_l_k_e_n_n_y___w_1ad8c5f7f6ac7689fa9acd6cafb0cb69a4" kindref="member">getBaseCopy</ref>(std::shared_ptr&lt;OSTM&gt;<sp/></highlight><highlight class="keywordtype">object</highlight><highlight class="normal">);</highlight></codeline>
<codeline lineno="86"><highlight class="normal"><sp/><sp/><sp/><sp/></highlight><highlight class="keyword">virtual</highlight><highlight class="normal"><sp/></highlight><highlight class="keywordtype">void</highlight><highlight class="normal"><sp/><ref refid="class_k_i_l_k_e_n_n_y___w_1aea627b4c0efd0f725363556afe1ad849" kindref="member">toString</ref>();</highlight></codeline>
<codeline lineno="87"><highlight class="normal"><sp/><sp/><sp/><sp/></highlight><highlight class="comment">/*</highlight></codeline>
<codeline lineno="88"><highlight class="comment"><sp/><sp/><sp/><sp/><sp/>*<sp/>Implement<sp/>Warehouse<sp/>methods</highlight></codeline>
<codeline lineno="89"><highlight class="comment"><sp/><sp/><sp/><sp/><sp/>*/</highlight><highlight class="normal"></highlight></codeline>
<codeline lineno="90"><highlight class="normal"><sp/><sp/><sp/><sp/></highlight><highlight class="keyword">virtual</highlight><highlight class="normal"><sp/></highlight><highlight class="keywordtype">void</highlight><highlight class="normal"><sp/><ref refid="class_k_i_l_k_e_n_n_y___w_1ac4c3dbc9e74a4ae6c0a7e88d7a8f80a2" kindref="member">SetNumber_of_alcatel</ref>(</highlight><highlight class="keywordtype">int</highlight><highlight class="normal"><sp/>_number_of_alcatel);</highlight></codeline>
<codeline lineno="91"><highlight class="normal"><sp/><sp/><sp/><sp/></highlight><highlight class="keyword">virtual</highlight><highlight class="normal"><sp/></highlight><highlight class="keywordtype">int</highlight><highlight class="normal"><sp/><ref refid="class_k_i_l_k_e_n_n_y___w_1a8f23cfd2feb57a5b67f16d49c137820f" kindref="member">GetNumber_of_alcatel</ref>();</highlight></codeline>
<codeline lineno="92"><highlight class="normal"><sp/><sp/><sp/><sp/></highlight><highlight class="keyword">virtual</highlight><highlight class="normal"><sp/></highlight><highlight class="keywordtype">void</highlight><highlight class="normal"><sp/><ref refid="class_k_i_l_k_e_n_n_y___w_1a3306af7f7a306f5198c6d78e6a54bf8f" kindref="member">SetNumber_of_nokia</ref>(</highlight><highlight class="keywordtype">int</highlight><highlight class="normal"><sp/>_number_of_nokia);</highlight></codeline>
<codeline lineno="93"><highlight class="normal"><sp/><sp/><sp/><sp/></highlight><highlight class="keyword">virtual</highlight><highlight class="normal"><sp/></highlight><highlight class="keywordtype">int</highlight><highlight class="normal"><sp/><ref refid="class_k_i_l_k_e_n_n_y___w_1ad1e54597be8ac03021520caf851981e4" kindref="member">GetNumber_of_nokia</ref>();</highlight></codeline>
<codeline lineno="94"><highlight class="normal"><sp/><sp/><sp/><sp/></highlight><highlight class="keyword">virtual</highlight><highlight class="normal"><sp/></highlight><highlight class="keywordtype">void</highlight><highlight class="normal"><sp/><ref refid="class_k_i_l_k_e_n_n_y___w_1a2b89e05ada24ce0b7055f2b7cfb76e52" kindref="member">SetNumber_of_huawei</ref>(</highlight><highlight class="keywordtype">int</highlight><highlight class="normal"><sp/>_number_of_huawei);</highlight></codeline>
<codeline lineno="95"><highlight class="normal"><sp/><sp/><sp/><sp/></highlight><highlight class="keyword">virtual</highlight><highlight class="normal"><sp/></highlight><highlight class="keywordtype">int</highlight><highlight class="normal"><sp/><ref refid="class_k_i_l_k_e_n_n_y___w_1a0b0689da37856045c9325e6723f78d4b" kindref="member">GetNumber_of_huawei</ref>();</highlight></codeline>
<codeline lineno="96"><highlight class="normal"><sp/><sp/><sp/><sp/></highlight><highlight class="keyword">virtual</highlight><highlight class="normal"><sp/></highlight><highlight class="keywordtype">void</highlight><highlight class="normal"><sp/><ref refid="class_k_i_l_k_e_n_n_y___w_1a6edadc355823944f30b94039abed1c9a" kindref="member">SetNumber_of_sony</ref>(</highlight><highlight class="keywordtype">int</highlight><highlight class="normal"><sp/>_number_of_sony);</highlight></codeline>
<codeline lineno="97"><highlight class="normal"><sp/><sp/><sp/><sp/></highlight><highlight class="keyword">virtual</highlight><highlight class="normal"><sp/></highlight><highlight class="keywordtype">int</highlight><highlight class="normal"><sp/><ref refid="class_k_i_l_k_e_n_n_y___w_1a804254083a84b05b320e5723c0568e6f" kindref="member">GetNumber_of_sony</ref>();</highlight></codeline>
<codeline lineno="98"><highlight class="normal"><sp/><sp/><sp/><sp/></highlight><highlight class="keyword">virtual</highlight><highlight class="normal"><sp/></highlight><highlight class="keywordtype">void</highlight><highlight class="normal"><sp/><ref refid="class_k_i_l_k_e_n_n_y___w_1ac9ba94018b97ae9be58bde2690965612" kindref="member">SetNumber_of_samsung</ref>(</highlight><highlight class="keywordtype">int</highlight><highlight class="normal"><sp/>_number_of_samsung);</highlight></codeline>
<codeline lineno="99"><highlight class="normal"><sp/><sp/><sp/><sp/></highlight><highlight class="keyword">virtual</highlight><highlight class="normal"><sp/></highlight><highlight class="keywordtype">int</highlight><highlight class="normal"><sp/><ref refid="class_k_i_l_k_e_n_n_y___w_1ac73e56bbdb3915546b8774f260edc30e" kindref="member">GetNumber_of_samsung</ref>();</highlight></codeline>
<codeline lineno="100"><highlight class="normal"><sp/><sp/><sp/><sp/></highlight><highlight class="keyword">virtual</highlight><highlight class="normal"><sp/></highlight><highlight class="keywordtype">void</highlight><highlight class="normal"><sp/><ref refid="class_k_i_l_k_e_n_n_y___w_1abdea4a1698ad841e4d758e6b3e3bef62" kindref="member">SetNumber_of_iphones</ref>(</highlight><highlight class="keywordtype">int</highlight><highlight class="normal"><sp/>_number_of_iphones);</highlight></codeline>
<codeline lineno="101"><highlight class="normal"><sp/><sp/><sp/><sp/></highlight><highlight class="keyword">virtual</highlight><highlight class="normal"><sp/></highlight><highlight class="keywordtype">int</highlight><highlight class="normal"><sp/><ref refid="class_k_i_l_k_e_n_n_y___w_1aa8eb9ca20372744a05ab64def268a940" kindref="member">GetNumber_of_iphones</ref>();</highlight></codeline>
<codeline lineno="102"><highlight class="normal"><sp/><sp/><sp/><sp/></highlight><highlight class="keyword">virtual</highlight><highlight class="normal"><sp/></highlight><highlight class="keywordtype">void</highlight><highlight class="normal"><sp/><ref refid="class_k_i_l_k_e_n_n_y___w_1a8670e50802ffeb6a8b4c148c4f5183aa" kindref="member">SetShop_name</ref>(std::string<sp/>_shop_name);</highlight></codeline>
<codeline lineno="103"><highlight class="normal"><sp/><sp/><sp/><sp/></highlight><highlight class="keyword">virtual</highlight><highlight class="normal"><sp/>std::string<sp/><ref refid="class_k_i_l_k_e_n_n_y___w_1a93dac05f03edc97797f89501aa2af73a" kindref="member">GetShop_name</ref>();</highlight></codeline>
<codeline lineno="104"><highlight class="normal"><sp/><sp/><sp/><sp/></highlight><highlight class="keyword">virtual</highlight><highlight class="normal"><sp/></highlight><highlight class="keywordtype">void</highlight><highlight class="normal"><sp/><ref refid="class_k_i_l_k_e_n_n_y___w_1ac4ec867027aed72ff28bfe667da084cd" kindref="member">SetShop_address</ref>(std::string<sp/>_shop_address);</highlight></codeline>
<codeline lineno="105"><highlight class="normal"><sp/><sp/><sp/><sp/></highlight><highlight class="keyword">virtual</highlight><highlight class="normal"><sp/>std::string<sp/><ref refid="class_k_i_l_k_e_n_n_y___w_1ad35a9d60fff2a3c1088f93ff04e6d9d4" kindref="member">GetShop_address</ref>();</highlight></codeline>
<codeline lineno="106"><highlight class="normal"><sp/><sp/><sp/><sp/></highlight></codeline>
<codeline lineno="107"><highlight class="normal"><sp/><sp/><sp/><sp/></highlight></codeline>
<codeline lineno="108"><highlight class="normal"></highlight><highlight class="keyword">private</highlight><highlight class="normal">:</highlight></codeline>
<codeline lineno="109"><highlight class="normal"><sp/><sp/><sp/><sp/>std::string<sp/>_shop_address;</highlight></codeline>
<codeline lineno="110"><highlight class="normal"><sp/><sp/><sp/><sp/>std::string<sp/>_shop_name;</highlight></codeline>
<codeline lineno="111"><highlight class="normal"><sp/><sp/><sp/><sp/></highlight><highlight class="keywordtype">int</highlight><highlight class="normal"><sp/>_number_of_iphones;</highlight></codeline>
<codeline lineno="112"><highlight class="normal"><sp/><sp/><sp/><sp/></highlight><highlight class="keywordtype">int</highlight><highlight class="normal"><sp/>_number_of_samsung;</highlight></codeline>
<codeline lineno="113"><highlight class="normal"><sp/><sp/><sp/><sp/></highlight><highlight class="keywordtype">int</highlight><highlight class="normal"><sp/>_number_of_sony;</highlight></codeline>
<codeline lineno="114"><highlight class="normal"><sp/><sp/><sp/><sp/></highlight><highlight class="keywordtype">int</highlight><highlight class="normal"><sp/>_number_of_huawei;</highlight></codeline>
<codeline lineno="115"><highlight class="normal"><sp/><sp/><sp/><sp/></highlight><highlight class="keywordtype">int</highlight><highlight class="normal"><sp/>_number_of_nokia;</highlight></codeline>
<codeline lineno="116"><highlight class="normal"><sp/><sp/><sp/><sp/></highlight><highlight class="keywordtype">int</highlight><highlight class="normal"><sp/>_number_of_alcatel;</highlight></codeline>
<codeline lineno="117"><highlight class="normal"></highlight></codeline>
<codeline lineno="118"><highlight class="normal">};</highlight></codeline>
<codeline lineno="119"><highlight class="normal"></highlight></codeline>
<codeline lineno="120"><highlight class="normal"></highlight><highlight class="preprocessor">#endif<sp/></highlight><highlight class="comment">/*<sp/>KILKENNY_W_H<sp/>*/</highlight><highlight class="preprocessor"></highlight><highlight class="normal"></highlight></codeline>
<codeline lineno="121"><highlight class="normal"></highlight></codeline>
    </programlisting>
    <location file="KILKENNY_W.h"/>
  </compounddef>
</doxygen>
