<?xml version='1.0' encoding='UTF-8' standalone='no'?>
<doxygen xmlns:xsi="http://www.w3.org/2001/XMLSchema-instance" xsi:noNamespaceSchemaLocation="compound.xsd" version="1.8.11">
  <compounddef id="_k_i_l_k_e_n_n_y___w_8cpp" kind="file" language="C++">
    <compoundname>KILKENNY_W.cpp</compoundname>
    <includes refid="_k_i_l_k_e_n_n_y___w_8h" local="yes">KILKENNY_W.h</includes>
    <incdepgraph>
      <node id="581">
        <label>string</label>
      </node>
      <node id="578">
        <label>OSTM.h</label>
        <link refid="_o_s_t_m_8h"/>
        <childnode refid="579" relation="include">
        </childnode>
        <childnode refid="580" relation="include">
        </childnode>
        <childnode refid="581" relation="include">
        </childnode>
        <childnode refid="582" relation="include">
        </childnode>
      </node>
      <node id="577">
        <label>WAREHOUSE.h</label>
        <link refid="_w_a_r_e_h_o_u_s_e_8h"/>
        <childnode refid="578" relation="include">
        </childnode>
      </node>
      <node id="575">
        <label>KILKENNY_W.cpp</label>
        <link refid="KILKENNY_W.cpp"/>
        <childnode refid="576" relation="include">
        </childnode>
      </node>
      <node id="582">
        <label>iostream</label>
      </node>
      <node id="579">
        <label>mutex</label>
      </node>
      <node id="576">
        <label>KILKENNY_W.h</label>
        <link refid="_k_i_l_k_e_n_n_y___w_8h"/>
        <childnode refid="577" relation="include">
        </childnode>
        <childnode refid="581" relation="include">
        </childnode>
        <childnode refid="580" relation="include">
        </childnode>
        <childnode refid="582" relation="include">
        </childnode>
      </node>
      <node id="580">
        <label>memory</label>
      </node>
    </incdepgraph>
    <briefdescription>
    </briefdescription>
    <detaileddescription>
    </detaileddescription>
    <programlisting>
<codeline lineno="1"><highlight class="normal"></highlight></codeline>
<codeline lineno="2"><highlight class="normal"></highlight><highlight class="comment">/*<sp/></highlight></codeline>
<codeline lineno="3"><highlight class="comment"><sp/>*<sp/>File:<sp/><sp/><sp/>KILKENNY_W.cpp</highlight></codeline>
<codeline lineno="4"><highlight class="comment"><sp/>*<sp/>Author:<sp/>Zoltan<sp/>Fuzesi</highlight></codeline>
<codeline lineno="5"><highlight class="comment"><sp/>*<sp/>IT<sp/>Carlow<sp/>:<sp/>C00197361</highlight></codeline>
<codeline lineno="6"><highlight class="comment"><sp/>*</highlight></codeline>
<codeline lineno="7"><highlight class="comment"><sp/>*<sp/>Created<sp/>on<sp/>January<sp/>17,<sp/>2018,<sp/>8:02<sp/>PM</highlight></codeline>
<codeline lineno="8"><highlight class="comment"><sp/>*/</highlight><highlight class="normal"></highlight></codeline>
<codeline lineno="9"><highlight class="normal"></highlight></codeline>
<codeline lineno="10"><highlight class="normal"></highlight><highlight class="preprocessor">#include<sp/>&quot;<ref refid="_k_i_l_k_e_n_n_y___w_8h" kindref="compound">KILKENNY_W.h</ref>&quot;</highlight><highlight class="normal"></highlight></codeline>
<codeline lineno="11"><highlight class="normal"></highlight></codeline>
<codeline lineno="12" refid="class_k_i_l_k_e_n_n_y___w_1a5b3f84f505c05449d9a7235f25ff3694" refkind="member"><highlight class="normal"><ref refid="class_k_i_l_k_e_n_n_y___w_1a5b3f84f505c05449d9a7235f25ff3694" kindref="member">KILKENNY_W::~KILKENNY_W</ref>()<sp/>{</highlight></codeline>
<codeline lineno="13"><highlight class="normal">}</highlight></codeline>
<codeline lineno="14"><highlight class="normal"></highlight></codeline>
<codeline lineno="15" refid="class_k_i_l_k_e_n_n_y___w_1a370a1fb0d26d2b80da6e1101921d1564" refkind="member"><highlight class="normal"><ref refid="class_k_i_l_k_e_n_n_y___w_1aee4c4b30bc934ff827f0851077b7fbab" kindref="member">KILKENNY_W::KILKENNY_W</ref>(</highlight><highlight class="keyword">const</highlight><highlight class="normal"><sp/><ref refid="class_k_i_l_k_e_n_n_y___w" kindref="compound">KILKENNY_W</ref>&amp;<sp/>orig)<sp/>{</highlight></codeline>
<codeline lineno="16"><highlight class="normal">}</highlight></codeline>
<codeline lineno="22" refid="class_k_i_l_k_e_n_n_y___w_1ad8c5f7f6ac7689fa9acd6cafb0cb69a4" refkind="member"><highlight class="normal">std::shared_ptr&lt;OSTM&gt;<sp/><ref refid="class_k_i_l_k_e_n_n_y___w_1ad8c5f7f6ac7689fa9acd6cafb0cb69a4" kindref="member">KILKENNY_W::getBaseCopy</ref>(std::shared_ptr&lt;OSTM&gt;<sp/></highlight><highlight class="keywordtype">object</highlight><highlight class="normal">)</highlight></codeline>
<codeline lineno="23"><highlight class="normal">{</highlight></codeline>
<codeline lineno="24"><highlight class="normal"></highlight></codeline>
<codeline lineno="25"><highlight class="normal"><sp/><sp/><sp/><sp/>std::shared_ptr&lt;WAREHOUSE&gt;<sp/>objTO<sp/>=<sp/>std::dynamic_pointer_cast&lt;<ref refid="class_w_a_r_e_h_o_u_s_e" kindref="compound">WAREHOUSE</ref>&gt;(object);</highlight></codeline>
<codeline lineno="26"><highlight class="normal"><sp/><sp/><sp/><sp/>std::shared_ptr&lt;WAREHOUSE&gt;<sp/>obj(</highlight><highlight class="keyword">new</highlight><highlight class="normal"><sp/><ref refid="class_k_i_l_k_e_n_n_y___w_1aee4c4b30bc934ff827f0851077b7fbab" kindref="member">KILKENNY_W</ref>(objTO,<sp/>object-&gt;Get_Version(),</highlight><highlight class="keywordtype">object</highlight><highlight class="normal">-&gt;Get_Unique_ID()));</highlight></codeline>
<codeline lineno="27"><highlight class="normal"><sp/><sp/><sp/><sp/>std::shared_ptr&lt;OSTM&gt;<sp/>ostm_obj<sp/>=<sp/>std::dynamic_pointer_cast&lt;<ref refid="class_o_s_t_m" kindref="compound">OSTM</ref>&gt;(obj);</highlight></codeline>
<codeline lineno="28"><highlight class="normal"><sp/><sp/><sp/><sp/></highlight><highlight class="keywordflow">return</highlight><highlight class="normal"><sp/>ostm_obj;</highlight></codeline>
<codeline lineno="29"><highlight class="normal">}</highlight></codeline>
<codeline lineno="35" refid="class_k_i_l_k_e_n_n_y___w_1a36a02e862f3563fbab3c94dfec4a0934" refkind="member"><highlight class="keywordtype">void</highlight><highlight class="normal"><sp/><ref refid="class_k_i_l_k_e_n_n_y___w_1a36a02e862f3563fbab3c94dfec4a0934" kindref="member">KILKENNY_W::copy</ref>(std::shared_ptr&lt;OSTM&gt;<sp/>to,<sp/>std::shared_ptr&lt;OSTM&gt;<sp/>from){</highlight></codeline>
<codeline lineno="36"><highlight class="normal"></highlight></codeline>
<codeline lineno="37"><highlight class="normal"><sp/><sp/><sp/><sp/>std::shared_ptr&lt;KILKENNY_W&gt;<sp/>objTO<sp/>=<sp/>std::dynamic_pointer_cast&lt;<ref refid="class_k_i_l_k_e_n_n_y___w" kindref="compound">KILKENNY_W</ref>&gt;(to);</highlight></codeline>
<codeline lineno="38"><highlight class="normal"><sp/><sp/><sp/><sp/>std::shared_ptr&lt;KILKENNY_W&gt;<sp/>objFROM<sp/>=<sp/>std::dynamic_pointer_cast&lt;<ref refid="class_k_i_l_k_e_n_n_y___w" kindref="compound">KILKENNY_W</ref>&gt;(from);</highlight></codeline>
<codeline lineno="39"><highlight class="normal"><sp/><sp/><sp/><sp/>objTO-&gt;_shop_address<sp/>=<sp/>objFROM-&gt;GetShop_address();</highlight></codeline>
<codeline lineno="40"><highlight class="normal"><sp/><sp/><sp/><sp/>objTO-&gt;_shop_name<sp/>=<sp/>objFROM-&gt;GetShop_name();</highlight></codeline>
<codeline lineno="41"><highlight class="normal"><sp/><sp/><sp/><sp/>objTO-&gt;_number_of_iphones<sp/>=<sp/>objFROM-&gt;GetNumber_of_iphones();</highlight></codeline>
<codeline lineno="42"><highlight class="normal"><sp/><sp/><sp/><sp/>objTO-&gt;_number_of_samsung<sp/>=<sp/>objFROM-&gt;GetNumber_of_samsung();</highlight></codeline>
<codeline lineno="43"><highlight class="normal"><sp/><sp/><sp/><sp/>objTO-&gt;_number_of_sony<sp/>=<sp/>objFROM-&gt;GetNumber_of_sony();</highlight></codeline>
<codeline lineno="44"><highlight class="normal"><sp/><sp/><sp/><sp/>objTO-&gt;_number_of_huawei<sp/>=<sp/>objFROM-&gt;GetNumber_of_huawei();</highlight></codeline>
<codeline lineno="45"><highlight class="normal"><sp/><sp/><sp/><sp/>objTO-&gt;_number_of_nokia<sp/>=<sp/>objFROM-&gt;GetNumber_of_nokia();</highlight></codeline>
<codeline lineno="46"><highlight class="normal"><sp/><sp/><sp/><sp/>objTO-&gt;_number_of_alcatel<sp/>=<sp/>objFROM-&gt;GetNumber_of_alcatel();</highlight></codeline>
<codeline lineno="47"><highlight class="normal"><sp/><sp/><sp/><sp/>objTO-&gt;Set_Unique_ID(objFROM-&gt;Get_Unique_ID());</highlight></codeline>
<codeline lineno="48"><highlight class="normal"><sp/><sp/><sp/><sp/>objTO-&gt;Set_Version(objFROM-&gt;Get_Version());</highlight></codeline>
<codeline lineno="49"><highlight class="normal"><sp/><sp/><sp/><sp/></highlight></codeline>
<codeline lineno="50"><highlight class="normal"><sp/><sp/><sp/></highlight></codeline>
<codeline lineno="51"><highlight class="normal">}</highlight></codeline>
<codeline lineno="55"><highlight class="comment">//std::shared_ptr&lt;KILKENNY_W&gt;<sp/>KILKENNY_W::_cast(std::shared_ptr&lt;OSTM&gt;<sp/>_object){</highlight><highlight class="normal"></highlight></codeline>
<codeline lineno="56"><highlight class="normal"></highlight><highlight class="comment">//<sp/><sp/><sp/><sp/></highlight><highlight class="normal"></highlight></codeline>
<codeline lineno="57"><highlight class="normal"></highlight><highlight class="comment">//<sp/><sp/><sp/><sp/>return<sp/>static_cast&lt;std::shared_ptr&lt;KILKENNY_W&gt;&gt;(_object);</highlight><highlight class="normal"></highlight></codeline>
<codeline lineno="58"><highlight class="normal"></highlight><highlight class="comment">//}</highlight></codeline>
<codeline lineno="62" refid="class_k_i_l_k_e_n_n_y___w_1aea627b4c0efd0f725363556afe1ad849" refkind="member"><highlight class="comment"></highlight><highlight class="keywordtype">void</highlight><highlight class="normal"><sp/><ref refid="class_k_i_l_k_e_n_n_y___w_1aea627b4c0efd0f725363556afe1ad849" kindref="member">KILKENNY_W::toString</ref>()</highlight></codeline>
<codeline lineno="63"><highlight class="normal">{</highlight></codeline>
<codeline lineno="64"><highlight class="normal"><sp/><sp/><sp/>std::cout<sp/>&lt;&lt;<sp/></highlight><highlight class="stringliteral">&quot;\n&quot;</highlight><highlight class="normal"><sp/>&lt;&lt;<sp/><sp/>this-&gt;<ref refid="class_k_i_l_k_e_n_n_y___w_1a93dac05f03edc97797f89501aa2af73a" kindref="member">GetShop_name</ref>()<sp/>&lt;&lt;<sp/></highlight><highlight class="stringliteral">&quot;\nUnique<sp/>ID<sp/>:<sp/>&quot;</highlight><highlight class="normal"><sp/>&lt;&lt;<sp/>this-&gt;<ref refid="class_o_s_t_m_1a5a01a8b98d16b1d1904ecf9356e7b71d" kindref="member">Get_Unique_ID</ref>()<sp/>&lt;&lt;<sp/></highlight><highlight class="stringliteral">&quot;\nShop<sp/>Name<sp/>:<sp/>&quot;</highlight><highlight class="normal"><sp/><sp/>&lt;&lt;<sp/>this-&gt;<ref refid="class_k_i_l_k_e_n_n_y___w_1a93dac05f03edc97797f89501aa2af73a" kindref="member">GetShop_name</ref>()<sp/>&lt;&lt;<sp/></highlight><highlight class="stringliteral">&quot;\nShop<sp/>Address<sp/>:<sp/>&quot;</highlight><highlight class="normal"><sp/>&lt;&lt;<sp/>this-&gt;<ref refid="class_k_i_l_k_e_n_n_y___w_1ad35a9d60fff2a3c1088f93ff04e6d9d4" kindref="member">GetShop_address</ref>()<sp/>&lt;&lt;<sp/></highlight><highlight class="stringliteral">&quot;\nNo.<sp/>Iphones<sp/>:<sp/>&quot;</highlight><highlight class="normal"><sp/>&lt;&lt;<sp/>this-&gt;<ref refid="class_k_i_l_k_e_n_n_y___w_1aa8eb9ca20372744a05ab64def268a940" kindref="member">GetNumber_of_iphones</ref>()<sp/>&lt;&lt;<sp/></highlight><highlight class="stringliteral">&quot;\nNo.<sp/>Samsung<sp/>:<sp/>&quot;</highlight><highlight class="normal"><sp/>&lt;&lt;<sp/>this-&gt;<ref refid="class_k_i_l_k_e_n_n_y___w_1ac73e56bbdb3915546b8774f260edc30e" kindref="member">GetNumber_of_samsung</ref>()<sp/>&lt;&lt;<sp/></highlight><highlight class="stringliteral">&quot;\nNo.<sp/>Sony<sp/>:<sp/>&quot;</highlight><highlight class="normal"><sp/>&lt;&lt;<sp/>this-&gt;<ref refid="class_k_i_l_k_e_n_n_y___w_1a804254083a84b05b320e5723c0568e6f" kindref="member">GetNumber_of_sony</ref>()<sp/>&lt;&lt;<sp/></highlight><highlight class="stringliteral">&quot;\nNo.<sp/>Huawei<sp/>:<sp/>&quot;</highlight><highlight class="normal"><sp/>&lt;&lt;<sp/>this-&gt;<ref refid="class_k_i_l_k_e_n_n_y___w_1a0b0689da37856045c9325e6723f78d4b" kindref="member">GetNumber_of_huawei</ref>()<sp/>&lt;&lt;<sp/></highlight><highlight class="stringliteral">&quot;\nNo.<sp/>Nokia<sp/>:<sp/>&quot;</highlight><highlight class="normal"><sp/>&lt;&lt;<sp/>this-&gt;<ref refid="class_k_i_l_k_e_n_n_y___w_1ad1e54597be8ac03021520caf851981e4" kindref="member">GetNumber_of_nokia</ref>()<sp/>&lt;&lt;<sp/></highlight><highlight class="stringliteral">&quot;\nNo.<sp/>Alcatel<sp/>:<sp/>&quot;</highlight><highlight class="normal"><sp/>&lt;&lt;<sp/>this-&gt;<ref refid="class_k_i_l_k_e_n_n_y___w_1a8f23cfd2feb57a5b67f16d49c137820f" kindref="member">GetNumber_of_alcatel</ref>()<sp/>&lt;&lt;<sp/></highlight><highlight class="stringliteral">&quot;\nVersion<sp/>number<sp/>:<sp/>&quot;</highlight><highlight class="normal"><sp/>&lt;&lt;<sp/>this-&gt;<ref refid="class_o_s_t_m_1a1f1db9d482f22c8e7caa17dfb340626b" kindref="member">Get_Version</ref>()<sp/>&lt;&lt;<sp/>std::endl;</highlight></codeline>
<codeline lineno="65"><highlight class="normal">}</highlight></codeline>
<codeline lineno="66"><highlight class="normal"></highlight></codeline>
<codeline lineno="67"><highlight class="normal"></highlight></codeline>
<codeline lineno="68"><highlight class="normal"></highlight></codeline>
<codeline lineno="69" refid="class_k_i_l_k_e_n_n_y___w_1ac4c3dbc9e74a4ae6c0a7e88d7a8f80a2" refkind="member"><highlight class="normal"></highlight><highlight class="keywordtype">void</highlight><highlight class="normal"><sp/><ref refid="class_k_i_l_k_e_n_n_y___w_1ac4c3dbc9e74a4ae6c0a7e88d7a8f80a2" kindref="member">KILKENNY_W::SetNumber_of_alcatel</ref>(</highlight><highlight class="keywordtype">int</highlight><highlight class="normal"><sp/>_number_of_alcatel)<sp/>{</highlight></codeline>
<codeline lineno="70"><highlight class="normal"><sp/><sp/><sp/><sp/>this-&gt;_number_of_alcatel<sp/>=<sp/>_number_of_alcatel;</highlight></codeline>
<codeline lineno="71"><highlight class="normal">}</highlight></codeline>
<codeline lineno="72"><highlight class="normal"></highlight></codeline>
<codeline lineno="73" refid="class_k_i_l_k_e_n_n_y___w_1a8f23cfd2feb57a5b67f16d49c137820f" refkind="member"><highlight class="normal"></highlight><highlight class="keywordtype">int</highlight><highlight class="normal"><sp/><ref refid="class_k_i_l_k_e_n_n_y___w_1a8f23cfd2feb57a5b67f16d49c137820f" kindref="member">KILKENNY_W::GetNumber_of_alcatel</ref>(){</highlight></codeline>
<codeline lineno="74"><highlight class="normal"><sp/><sp/><sp/><sp/></highlight><highlight class="keywordflow">return</highlight><highlight class="normal"><sp/>_number_of_alcatel;</highlight></codeline>
<codeline lineno="75"><highlight class="normal">}</highlight></codeline>
<codeline lineno="76"><highlight class="normal"></highlight></codeline>
<codeline lineno="77" refid="class_k_i_l_k_e_n_n_y___w_1a3306af7f7a306f5198c6d78e6a54bf8f" refkind="member"><highlight class="normal"></highlight><highlight class="keywordtype">void</highlight><highlight class="normal"><sp/><ref refid="class_k_i_l_k_e_n_n_y___w_1a3306af7f7a306f5198c6d78e6a54bf8f" kindref="member">KILKENNY_W::SetNumber_of_nokia</ref>(</highlight><highlight class="keywordtype">int</highlight><highlight class="normal"><sp/>_number_of_nokia)<sp/>{</highlight></codeline>
<codeline lineno="78"><highlight class="normal"><sp/><sp/><sp/><sp/>this-&gt;_number_of_nokia<sp/>=<sp/>_number_of_nokia;</highlight></codeline>
<codeline lineno="79"><highlight class="normal">}</highlight></codeline>
<codeline lineno="80"><highlight class="normal"></highlight></codeline>
<codeline lineno="81" refid="class_k_i_l_k_e_n_n_y___w_1ad1e54597be8ac03021520caf851981e4" refkind="member"><highlight class="normal"></highlight><highlight class="keywordtype">int</highlight><highlight class="normal"><sp/><ref refid="class_k_i_l_k_e_n_n_y___w_1ad1e54597be8ac03021520caf851981e4" kindref="member">KILKENNY_W::GetNumber_of_nokia</ref>(){</highlight></codeline>
<codeline lineno="82"><highlight class="normal"><sp/><sp/><sp/><sp/></highlight><highlight class="keywordflow">return</highlight><highlight class="normal"><sp/>_number_of_nokia;</highlight></codeline>
<codeline lineno="83"><highlight class="normal">}</highlight></codeline>
<codeline lineno="84"><highlight class="normal"></highlight></codeline>
<codeline lineno="85" refid="class_k_i_l_k_e_n_n_y___w_1a2b89e05ada24ce0b7055f2b7cfb76e52" refkind="member"><highlight class="normal"></highlight><highlight class="keywordtype">void</highlight><highlight class="normal"><sp/><ref refid="class_k_i_l_k_e_n_n_y___w_1a2b89e05ada24ce0b7055f2b7cfb76e52" kindref="member">KILKENNY_W::SetNumber_of_huawei</ref>(</highlight><highlight class="keywordtype">int</highlight><highlight class="normal"><sp/>_number_of_huawei)<sp/>{</highlight></codeline>
<codeline lineno="86"><highlight class="normal"><sp/><sp/><sp/><sp/>this-&gt;_number_of_huawei<sp/>=<sp/>_number_of_huawei;</highlight></codeline>
<codeline lineno="87"><highlight class="normal">}</highlight></codeline>
<codeline lineno="88"><highlight class="normal"></highlight></codeline>
<codeline lineno="89" refid="class_k_i_l_k_e_n_n_y___w_1a0b0689da37856045c9325e6723f78d4b" refkind="member"><highlight class="normal"></highlight><highlight class="keywordtype">int</highlight><highlight class="normal"><sp/><ref refid="class_k_i_l_k_e_n_n_y___w_1a0b0689da37856045c9325e6723f78d4b" kindref="member">KILKENNY_W::GetNumber_of_huawei</ref>(){</highlight></codeline>
<codeline lineno="90"><highlight class="normal"><sp/><sp/><sp/><sp/></highlight><highlight class="keywordflow">return</highlight><highlight class="normal"><sp/>_number_of_huawei;</highlight></codeline>
<codeline lineno="91"><highlight class="normal">}</highlight></codeline>
<codeline lineno="92"><highlight class="normal"></highlight></codeline>
<codeline lineno="93" refid="class_k_i_l_k_e_n_n_y___w_1a6edadc355823944f30b94039abed1c9a" refkind="member"><highlight class="normal"></highlight><highlight class="keywordtype">void</highlight><highlight class="normal"><sp/><ref refid="class_k_i_l_k_e_n_n_y___w_1a6edadc355823944f30b94039abed1c9a" kindref="member">KILKENNY_W::SetNumber_of_sony</ref>(</highlight><highlight class="keywordtype">int</highlight><highlight class="normal"><sp/>_number_of_sony)<sp/>{</highlight></codeline>
<codeline lineno="94"><highlight class="normal"><sp/><sp/><sp/><sp/>this-&gt;_number_of_sony<sp/>=<sp/>_number_of_sony;</highlight></codeline>
<codeline lineno="95"><highlight class="normal">}</highlight></codeline>
<codeline lineno="96"><highlight class="normal"></highlight></codeline>
<codeline lineno="97" refid="class_k_i_l_k_e_n_n_y___w_1a804254083a84b05b320e5723c0568e6f" refkind="member"><highlight class="normal"></highlight><highlight class="keywordtype">int</highlight><highlight class="normal"><sp/><ref refid="class_k_i_l_k_e_n_n_y___w_1a804254083a84b05b320e5723c0568e6f" kindref="member">KILKENNY_W::GetNumber_of_sony</ref>(){</highlight></codeline>
<codeline lineno="98"><highlight class="normal"><sp/><sp/><sp/><sp/></highlight><highlight class="keywordflow">return</highlight><highlight class="normal"><sp/>_number_of_sony;</highlight></codeline>
<codeline lineno="99"><highlight class="normal">}</highlight></codeline>
<codeline lineno="100"><highlight class="normal"></highlight></codeline>
<codeline lineno="101" refid="class_k_i_l_k_e_n_n_y___w_1ac9ba94018b97ae9be58bde2690965612" refkind="member"><highlight class="normal"></highlight><highlight class="keywordtype">void</highlight><highlight class="normal"><sp/><ref refid="class_k_i_l_k_e_n_n_y___w_1ac9ba94018b97ae9be58bde2690965612" kindref="member">KILKENNY_W::SetNumber_of_samsung</ref>(</highlight><highlight class="keywordtype">int</highlight><highlight class="normal"><sp/>_number_of_samsung)<sp/>{</highlight></codeline>
<codeline lineno="102"><highlight class="normal"><sp/><sp/><sp/><sp/>this-&gt;_number_of_samsung<sp/>=<sp/>_number_of_samsung;</highlight></codeline>
<codeline lineno="103"><highlight class="normal">}</highlight></codeline>
<codeline lineno="104"><highlight class="normal"></highlight></codeline>
<codeline lineno="105" refid="class_k_i_l_k_e_n_n_y___w_1ac73e56bbdb3915546b8774f260edc30e" refkind="member"><highlight class="normal"></highlight><highlight class="keywordtype">int</highlight><highlight class="normal"><sp/><ref refid="class_k_i_l_k_e_n_n_y___w_1ac73e56bbdb3915546b8774f260edc30e" kindref="member">KILKENNY_W::GetNumber_of_samsung</ref>(){</highlight></codeline>
<codeline lineno="106"><highlight class="normal"><sp/><sp/><sp/><sp/></highlight><highlight class="keywordflow">return</highlight><highlight class="normal"><sp/>_number_of_samsung;</highlight></codeline>
<codeline lineno="107"><highlight class="normal">}</highlight></codeline>
<codeline lineno="108"><highlight class="normal"></highlight></codeline>
<codeline lineno="109" refid="class_k_i_l_k_e_n_n_y___w_1abdea4a1698ad841e4d758e6b3e3bef62" refkind="member"><highlight class="normal"></highlight><highlight class="keywordtype">void</highlight><highlight class="normal"><sp/><ref refid="class_k_i_l_k_e_n_n_y___w_1abdea4a1698ad841e4d758e6b3e3bef62" kindref="member">KILKENNY_W::SetNumber_of_iphones</ref>(</highlight><highlight class="keywordtype">int</highlight><highlight class="normal"><sp/>_number_of_iphones)<sp/>{</highlight></codeline>
<codeline lineno="110"><highlight class="normal"><sp/><sp/><sp/><sp/>this-&gt;_number_of_iphones<sp/>=<sp/>_number_of_iphones;</highlight></codeline>
<codeline lineno="111"><highlight class="normal">}</highlight></codeline>
<codeline lineno="112"><highlight class="normal"></highlight></codeline>
<codeline lineno="113" refid="class_k_i_l_k_e_n_n_y___w_1aa8eb9ca20372744a05ab64def268a940" refkind="member"><highlight class="normal"></highlight><highlight class="keywordtype">int</highlight><highlight class="normal"><sp/><ref refid="class_k_i_l_k_e_n_n_y___w_1aa8eb9ca20372744a05ab64def268a940" kindref="member">KILKENNY_W::GetNumber_of_iphones</ref>(){</highlight></codeline>
<codeline lineno="114"><highlight class="normal"><sp/><sp/><sp/><sp/></highlight><highlight class="keywordflow">return</highlight><highlight class="normal"><sp/>_number_of_iphones;</highlight></codeline>
<codeline lineno="115"><highlight class="normal">}</highlight></codeline>
<codeline lineno="116"><highlight class="normal"></highlight></codeline>
<codeline lineno="117" refid="class_k_i_l_k_e_n_n_y___w_1a8670e50802ffeb6a8b4c148c4f5183aa" refkind="member"><highlight class="normal"></highlight><highlight class="keywordtype">void</highlight><highlight class="normal"><sp/><ref refid="class_k_i_l_k_e_n_n_y___w_1a8670e50802ffeb6a8b4c148c4f5183aa" kindref="member">KILKENNY_W::SetShop_name</ref>(std::string<sp/>_shop_name)<sp/>{</highlight></codeline>
<codeline lineno="118"><highlight class="normal"><sp/><sp/><sp/><sp/>this-&gt;_shop_name<sp/>=<sp/>_shop_name;</highlight></codeline>
<codeline lineno="119"><highlight class="normal">}</highlight></codeline>
<codeline lineno="120"><highlight class="normal"></highlight></codeline>
<codeline lineno="121" refid="class_k_i_l_k_e_n_n_y___w_1a93dac05f03edc97797f89501aa2af73a" refkind="member"><highlight class="normal">std::string<sp/><ref refid="class_k_i_l_k_e_n_n_y___w_1a93dac05f03edc97797f89501aa2af73a" kindref="member">KILKENNY_W::GetShop_name</ref>(){</highlight></codeline>
<codeline lineno="122"><highlight class="normal"><sp/><sp/><sp/><sp/></highlight><highlight class="keywordflow">return</highlight><highlight class="normal"><sp/>_shop_name;</highlight></codeline>
<codeline lineno="123"><highlight class="normal">}</highlight></codeline>
<codeline lineno="124"><highlight class="normal"></highlight></codeline>
<codeline lineno="125" refid="class_k_i_l_k_e_n_n_y___w_1ac4ec867027aed72ff28bfe667da084cd" refkind="member"><highlight class="normal"></highlight><highlight class="keywordtype">void</highlight><highlight class="normal"><sp/><ref refid="class_k_i_l_k_e_n_n_y___w_1ac4ec867027aed72ff28bfe667da084cd" kindref="member">KILKENNY_W::SetShop_address</ref>(std::string<sp/>_shop_address)<sp/>{</highlight></codeline>
<codeline lineno="126"><highlight class="normal"><sp/><sp/><sp/><sp/>this-&gt;_shop_address<sp/>=<sp/>_shop_address;</highlight></codeline>
<codeline lineno="127"><highlight class="normal">}</highlight></codeline>
<codeline lineno="128"><highlight class="normal"></highlight></codeline>
<codeline lineno="129" refid="class_k_i_l_k_e_n_n_y___w_1ad35a9d60fff2a3c1088f93ff04e6d9d4" refkind="member"><highlight class="normal">std::string<sp/><ref refid="class_k_i_l_k_e_n_n_y___w_1ad35a9d60fff2a3c1088f93ff04e6d9d4" kindref="member">KILKENNY_W::GetShop_address</ref>(){</highlight></codeline>
<codeline lineno="130"><highlight class="normal"><sp/><sp/><sp/><sp/></highlight><highlight class="keywordflow">return</highlight><highlight class="normal"><sp/>_shop_address;</highlight></codeline>
<codeline lineno="131"><highlight class="normal">}</highlight></codeline>
<codeline lineno="132"><highlight class="normal"></highlight></codeline>
    </programlisting>
    <location file="KILKENNY_W.cpp"/>
  </compounddef>
</doxygen>
