<?xml version='1.0' encoding='UTF-8' standalone='no'?>
<doxygen xmlns:xsi="http://www.w3.org/2001/XMLSchema-instance" xsi:noNamespaceSchemaLocation="compound.xsd" version="1.8.11">
  <compounddef id="_s_l_i_g_o___w_8h" kind="file" language="C++">
    <compoundname>SLIGO_W.h</compoundname>
    <includes refid="_w_a_r_e_h_o_u_s_e_8h" local="yes">WAREHOUSE.h</includes>
    <includes local="no">string</includes>
    <includes local="no">memory</includes>
    <includes local="no">iostream</includes>
    <includedby refid="main_8cpp" local="yes">main.cpp</includedby>
    <includedby refid="_s_l_i_g_o___w_8cpp" local="yes">SLIGO_W.cpp</includedby>
    <incdepgraph>
      <node id="687">
        <label>string</label>
      </node>
      <node id="684">
        <label>OSTM.h</label>
        <link refid="_o_s_t_m_8h"/>
        <childnode refid="685" relation="include">
        </childnode>
        <childnode refid="686" relation="include">
        </childnode>
        <childnode refid="687" relation="include">
        </childnode>
        <childnode refid="688" relation="include">
        </childnode>
      </node>
      <node id="682">
        <label>SLIGO_W.h</label>
        <link refid="SLIGO_W.h"/>
        <childnode refid="683" relation="include">
        </childnode>
        <childnode refid="687" relation="include">
        </childnode>
        <childnode refid="686" relation="include">
        </childnode>
        <childnode refid="688" relation="include">
        </childnode>
      </node>
      <node id="683">
        <label>WAREHOUSE.h</label>
        <link refid="_w_a_r_e_h_o_u_s_e_8h"/>
        <childnode refid="684" relation="include">
        </childnode>
      </node>
      <node id="688">
        <label>iostream</label>
      </node>
      <node id="685">
        <label>mutex</label>
      </node>
      <node id="686">
        <label>memory</label>
      </node>
    </incdepgraph>
    <invincdepgraph>
      <node id="691">
        <label>SLIGO_W.cpp</label>
        <link refid="_s_l_i_g_o___w_8cpp"/>
      </node>
      <node id="689">
        <label>SLIGO_W.h</label>
        <link refid="SLIGO_W.h"/>
        <childnode refid="690" relation="include">
        </childnode>
        <childnode refid="691" relation="include">
        </childnode>
      </node>
      <node id="690">
        <label>main.cpp</label>
        <link refid="main_8cpp"/>
      </node>
    </invincdepgraph>
    <innerclass refid="class_s_l_i_g_o___w" prot="public">SLIGO_W</innerclass>
    <briefdescription>
    </briefdescription>
    <detaileddescription>
    </detaileddescription>
    <programlisting>
<codeline lineno="1"><highlight class="normal"></highlight></codeline>
<codeline lineno="2"><highlight class="normal"></highlight><highlight class="comment">/*<sp/></highlight></codeline>
<codeline lineno="3"><highlight class="comment"><sp/>*<sp/>File:<sp/><sp/><sp/>SLIGO_W.h</highlight></codeline>
<codeline lineno="4"><highlight class="comment"><sp/>*<sp/>Author:<sp/>Zoltan<sp/>Fuzesi</highlight></codeline>
<codeline lineno="5"><highlight class="comment"><sp/>*<sp/>IT<sp/>Carlow<sp/>:<sp/>C00197361</highlight></codeline>
<codeline lineno="6"><highlight class="comment"><sp/>*</highlight></codeline>
<codeline lineno="7"><highlight class="comment"><sp/>*<sp/>Created<sp/>on<sp/>January<sp/>17,<sp/>2018,<sp/>8:02<sp/>PM</highlight></codeline>
<codeline lineno="8"><highlight class="comment"><sp/>*/</highlight><highlight class="normal"></highlight></codeline>
<codeline lineno="9"><highlight class="normal"></highlight></codeline>
<codeline lineno="10"><highlight class="normal"></highlight><highlight class="preprocessor">#ifndef<sp/>SLIGO_W_H</highlight><highlight class="normal"></highlight></codeline>
<codeline lineno="11"><highlight class="normal"></highlight><highlight class="preprocessor">#define<sp/>SLIGO_W_H</highlight><highlight class="normal"></highlight></codeline>
<codeline lineno="12"><highlight class="normal"></highlight><highlight class="preprocessor">#include<sp/>&quot;<ref refid="_w_a_r_e_h_o_u_s_e_8h" kindref="compound">WAREHOUSE.h</ref>&quot;</highlight><highlight class="normal"></highlight></codeline>
<codeline lineno="13"><highlight class="normal"></highlight><highlight class="preprocessor">#include<sp/>&lt;string&gt;</highlight><highlight class="normal"></highlight></codeline>
<codeline lineno="14"><highlight class="normal"></highlight><highlight class="preprocessor">#include<sp/>&lt;memory&gt;</highlight><highlight class="normal"></highlight></codeline>
<codeline lineno="15"><highlight class="normal"></highlight><highlight class="preprocessor">#include<sp/>&lt;iostream&gt;</highlight></codeline>
<codeline lineno="19" refid="class_s_l_i_g_o___w" refkind="compound"><highlight class="keyword">class<sp/></highlight><highlight class="normal"><ref refid="class_s_l_i_g_o___w" kindref="compound">SLIGO_W</ref><sp/>:</highlight><highlight class="keyword">public</highlight><highlight class="normal"><sp/><ref refid="class_w_a_r_e_h_o_u_s_e" kindref="compound">WAREHOUSE</ref><sp/>{</highlight></codeline>
<codeline lineno="20"><highlight class="normal"></highlight><highlight class="keyword">public</highlight><highlight class="normal">:</highlight></codeline>
<codeline lineno="24" refid="class_s_l_i_g_o___w_1a9b669809dc7cf8d9982181ac7997b0da" refkind="member"><highlight class="normal"><sp/><sp/><sp/><sp/><ref refid="class_s_l_i_g_o___w_1a9b669809dc7cf8d9982181ac7997b0da" kindref="member">SLIGO_W</ref>()<sp/>:<sp/><ref refid="class_w_a_r_e_h_o_u_s_e" kindref="compound">WAREHOUSE</ref>(){</highlight></codeline>
<codeline lineno="25"><highlight class="normal"><sp/><sp/><sp/><sp/><sp/><sp/><sp/><sp/></highlight></codeline>
<codeline lineno="26"><highlight class="normal"><sp/><sp/><sp/><sp/><sp/><sp/><sp/><sp/>this-&gt;_shop_address<sp/>=<sp/></highlight><highlight class="stringliteral">&quot;Sligo<sp/>River<sp/>Street&quot;</highlight><highlight class="normal">;</highlight></codeline>
<codeline lineno="27"><highlight class="normal"><sp/><sp/><sp/><sp/><sp/><sp/><sp/><sp/>this-&gt;_shop_name<sp/>=<sp/></highlight><highlight class="stringliteral">&quot;SLIGO<sp/>S_WAREHOUSE&quot;</highlight><highlight class="normal">;</highlight></codeline>
<codeline lineno="28"><highlight class="normal"><sp/><sp/><sp/><sp/><sp/><sp/><sp/><sp/>this-&gt;_number_of_iphones<sp/>=<sp/>200;</highlight></codeline>
<codeline lineno="29"><highlight class="normal"><sp/><sp/><sp/><sp/><sp/><sp/><sp/><sp/>this-&gt;_number_of_samsung<sp/>=<sp/>200;</highlight></codeline>
<codeline lineno="30"><highlight class="normal"><sp/><sp/><sp/><sp/><sp/><sp/><sp/><sp/>this-&gt;_number_of_sony<sp/>=<sp/>200;</highlight></codeline>
<codeline lineno="31"><highlight class="normal"><sp/><sp/><sp/><sp/><sp/><sp/><sp/><sp/>this-&gt;_number_of_huawei<sp/>=<sp/>200;</highlight></codeline>
<codeline lineno="32"><highlight class="normal"><sp/><sp/><sp/><sp/><sp/><sp/><sp/><sp/>this-&gt;_number_of_nokia<sp/>=<sp/>200;</highlight></codeline>
<codeline lineno="33"><highlight class="normal"><sp/><sp/><sp/><sp/><sp/><sp/><sp/><sp/>this-&gt;_number_of_alcatel<sp/>=<sp/>200;</highlight></codeline>
<codeline lineno="34"><highlight class="normal"><sp/><sp/><sp/><sp/>};</highlight></codeline>
<codeline lineno="38" refid="class_s_l_i_g_o___w_1aced291d99970ff1c2f2146256f400788" refkind="member"><highlight class="normal"><sp/><sp/><sp/><sp/><ref refid="class_s_l_i_g_o___w_1aced291d99970ff1c2f2146256f400788" kindref="member">SLIGO_W</ref>(std::string<sp/>address,<sp/>std::string<sp/>shop_name,<sp/></highlight><highlight class="keywordtype">int</highlight><highlight class="normal"><sp/>iphone,<sp/></highlight><highlight class="keywordtype">int</highlight><highlight class="normal"><sp/>samsung,<sp/></highlight><highlight class="keywordtype">int</highlight><highlight class="normal"><sp/>sony,<sp/></highlight><highlight class="keywordtype">int</highlight><highlight class="normal"><sp/>huawei,<sp/></highlight><highlight class="keywordtype">int</highlight><highlight class="normal"><sp/>nokia,<sp/></highlight><highlight class="keywordtype">int</highlight><highlight class="normal"><sp/>alcatel):<sp/><ref refid="class_w_a_r_e_h_o_u_s_e" kindref="compound">WAREHOUSE</ref>(){</highlight></codeline>
<codeline lineno="39"><highlight class="normal"><sp/><sp/><sp/><sp/><sp/><sp/><sp/><sp/></highlight><highlight class="comment">/*</highlight></codeline>
<codeline lineno="40"><highlight class="comment"><sp/><sp/><sp/><sp/><sp/><sp/><sp/><sp/><sp/>*<sp/>copy<sp/>over<sp/>values</highlight></codeline>
<codeline lineno="41"><highlight class="comment"><sp/><sp/><sp/><sp/><sp/><sp/><sp/><sp/><sp/>*/</highlight><highlight class="normal"></highlight></codeline>
<codeline lineno="42"><highlight class="normal"><sp/><sp/><sp/><sp/><sp/><sp/><sp/><sp/>this-&gt;_shop_address<sp/>=<sp/>address;</highlight></codeline>
<codeline lineno="43"><highlight class="normal"><sp/><sp/><sp/><sp/><sp/><sp/><sp/><sp/>this-&gt;_shop_name<sp/>=<sp/>shop_name;</highlight></codeline>
<codeline lineno="44"><highlight class="normal"><sp/><sp/><sp/><sp/><sp/><sp/><sp/><sp/>this-&gt;_number_of_iphones<sp/>=<sp/>iphone;</highlight></codeline>
<codeline lineno="45"><highlight class="normal"><sp/><sp/><sp/><sp/><sp/><sp/><sp/><sp/>this-&gt;_number_of_samsung<sp/>=<sp/>samsung;</highlight></codeline>
<codeline lineno="46"><highlight class="normal"><sp/><sp/><sp/><sp/><sp/><sp/><sp/><sp/>this-&gt;_number_of_sony<sp/>=<sp/>sony;</highlight></codeline>
<codeline lineno="47"><highlight class="normal"><sp/><sp/><sp/><sp/><sp/><sp/><sp/><sp/>this-&gt;_number_of_huawei<sp/>=<sp/>huawei;</highlight></codeline>
<codeline lineno="48"><highlight class="normal"><sp/><sp/><sp/><sp/><sp/><sp/><sp/><sp/>this-&gt;_number_of_nokia<sp/>=<sp/>nokia;</highlight></codeline>
<codeline lineno="49"><highlight class="normal"><sp/><sp/><sp/><sp/><sp/><sp/><sp/><sp/>this-&gt;_number_of_alcatel<sp/>=<sp/>alcatel;</highlight></codeline>
<codeline lineno="50"><highlight class="normal"><sp/><sp/><sp/><sp/><sp/><sp/><sp/><sp/></highlight></codeline>
<codeline lineno="51"><highlight class="normal"><sp/><sp/><sp/><sp/>};</highlight></codeline>
<codeline lineno="55" refid="class_s_l_i_g_o___w_1a5a969bbfbb08f8a5d29f766288f2f7e6" refkind="member"><highlight class="normal"><sp/><sp/><sp/><sp/><ref refid="class_s_l_i_g_o___w_1a5a969bbfbb08f8a5d29f766288f2f7e6" kindref="member">SLIGO_W</ref>(std::shared_ptr&lt;WAREHOUSE&gt;<sp/>obj,<sp/></highlight><highlight class="keywordtype">int</highlight><highlight class="normal"><sp/>_version,<sp/></highlight><highlight class="keywordtype">int</highlight><highlight class="normal"><sp/>_unique_id):<sp/><ref refid="class_w_a_r_e_h_o_u_s_e" kindref="compound">WAREHOUSE</ref>(_version,<sp/>_unique_id){</highlight></codeline>
<codeline lineno="56"><highlight class="normal"><sp/><sp/><sp/><sp/><sp/><sp/><sp/><sp/></highlight><highlight class="comment">/*</highlight></codeline>
<codeline lineno="57"><highlight class="comment"><sp/><sp/><sp/><sp/><sp/><sp/><sp/><sp/><sp/>*<sp/>copy<sp/>over<sp/>values</highlight></codeline>
<codeline lineno="58"><highlight class="comment"><sp/><sp/><sp/><sp/><sp/><sp/><sp/><sp/><sp/>*/</highlight><highlight class="normal"></highlight></codeline>
<codeline lineno="59"><highlight class="normal"><sp/><sp/><sp/><sp/><sp/><sp/><sp/><sp/>this-&gt;_shop_address<sp/>=<sp/>obj-&gt;GetShop_address();</highlight></codeline>
<codeline lineno="60"><highlight class="normal"><sp/><sp/><sp/><sp/><sp/><sp/><sp/><sp/>this-&gt;_shop_name<sp/>=<sp/>obj-&gt;GetShop_name();</highlight></codeline>
<codeline lineno="61"><highlight class="normal"><sp/><sp/><sp/><sp/><sp/><sp/><sp/><sp/>this-&gt;_number_of_iphones<sp/>=<sp/>obj-&gt;GetNumber_of_iphones();</highlight></codeline>
<codeline lineno="62"><highlight class="normal"><sp/><sp/><sp/><sp/><sp/><sp/><sp/><sp/>this-&gt;_number_of_samsung<sp/>=<sp/>obj-&gt;GetNumber_of_samsung();</highlight></codeline>
<codeline lineno="63"><highlight class="normal"><sp/><sp/><sp/><sp/><sp/><sp/><sp/><sp/>this-&gt;_number_of_sony<sp/>=<sp/>obj-&gt;GetNumber_of_sony();</highlight></codeline>
<codeline lineno="64"><highlight class="normal"><sp/><sp/><sp/><sp/><sp/><sp/><sp/><sp/>this-&gt;_number_of_huawei<sp/>=<sp/>obj-&gt;GetNumber_of_huawei();</highlight></codeline>
<codeline lineno="65"><highlight class="normal"><sp/><sp/><sp/><sp/><sp/><sp/><sp/><sp/>this-&gt;_number_of_nokia<sp/>=<sp/>obj-&gt;GetNumber_of_nokia();</highlight></codeline>
<codeline lineno="66"><highlight class="normal"><sp/><sp/><sp/><sp/><sp/><sp/><sp/><sp/>this-&gt;_number_of_alcatel<sp/>=<sp/>obj-&gt;GetNumber_of_alcatel();</highlight></codeline>
<codeline lineno="67"><highlight class="normal"><sp/><sp/><sp/><sp/>}</highlight></codeline>
<codeline lineno="71"><highlight class="normal"><sp/><sp/><sp/><sp/><ref refid="class_s_l_i_g_o___w_1a9b669809dc7cf8d9982181ac7997b0da" kindref="member">SLIGO_W</ref>(</highlight><highlight class="keyword">const</highlight><highlight class="normal"><sp/><ref refid="class_s_l_i_g_o___w" kindref="compound">SLIGO_W</ref>&amp;<sp/>orig);</highlight></codeline>
<codeline lineno="75" refid="class_s_l_i_g_o___w_1a64051fdd5b3ebc47b0a74b42eb092c1b" refkind="member"><highlight class="normal"><sp/><sp/><sp/><sp/><ref refid="class_s_l_i_g_o___w" kindref="compound">SLIGO_W</ref><sp/><ref refid="class_s_l_i_g_o___w_1a64051fdd5b3ebc47b0a74b42eb092c1b" kindref="member">operator=</ref>(</highlight><highlight class="keyword">const</highlight><highlight class="normal"><sp/><ref refid="class_s_l_i_g_o___w" kindref="compound">SLIGO_W</ref>&amp;<sp/>orig){};</highlight></codeline>
<codeline lineno="79"><highlight class="normal"><sp/><sp/><sp/><sp/></highlight><highlight class="keyword">virtual</highlight><highlight class="normal"><sp/><ref refid="class_s_l_i_g_o___w_1aa6cc833af07309dee5eb2493cddf443c" kindref="member">~SLIGO_W</ref>();</highlight></codeline>
<codeline lineno="80"><highlight class="normal"><sp/><sp/><sp/><sp/></highlight></codeline>
<codeline lineno="81"><highlight class="normal"><sp/><sp/><sp/><sp/></highlight><highlight class="comment">/*</highlight></codeline>
<codeline lineno="82"><highlight class="comment"><sp/><sp/><sp/><sp/><sp/>*<sp/>Implement<sp/>OSTM<sp/>virtual<sp/>methods</highlight></codeline>
<codeline lineno="83"><highlight class="comment"><sp/><sp/><sp/><sp/><sp/>*/</highlight><highlight class="normal"></highlight></codeline>
<codeline lineno="84"><highlight class="normal"><sp/><sp/><sp/></highlight><highlight class="comment">//<sp/>virtual<sp/>std::shared_ptr&lt;SLIGO_W&gt;<sp/>_cast(std::shared_ptr&lt;OSTM&gt;<sp/>_object);</highlight><highlight class="normal"></highlight></codeline>
<codeline lineno="85"><highlight class="normal"><sp/><sp/><sp/><sp/></highlight><highlight class="keyword">virtual</highlight><highlight class="normal"><sp/></highlight><highlight class="keywordtype">void</highlight><highlight class="normal"><sp/><ref refid="class_s_l_i_g_o___w_1acd5ae7347e6ca94c52eb013e07a66116" kindref="member">copy</ref>(std::shared_ptr&lt;OSTM&gt;<sp/>to,<sp/>std::shared_ptr&lt;OSTM&gt;<sp/>from);</highlight></codeline>
<codeline lineno="86"><highlight class="normal"><sp/><sp/><sp/><sp/></highlight><highlight class="keyword">virtual</highlight><highlight class="normal"><sp/>std::shared_ptr&lt;OSTM&gt;<sp/><ref refid="class_s_l_i_g_o___w_1a37ead49afd27bfe7e404d1d7626f09fe" kindref="member">getBaseCopy</ref>(std::shared_ptr&lt;OSTM&gt;<sp/></highlight><highlight class="keywordtype">object</highlight><highlight class="normal">);</highlight></codeline>
<codeline lineno="87"><highlight class="normal"><sp/><sp/><sp/><sp/></highlight><highlight class="keyword">virtual</highlight><highlight class="normal"><sp/></highlight><highlight class="keywordtype">void</highlight><highlight class="normal"><sp/><ref refid="class_s_l_i_g_o___w_1a8f49deaa85f48ff29dd8cdeb7c9dda56" kindref="member">toString</ref>();</highlight></codeline>
<codeline lineno="88"><highlight class="normal"><sp/><sp/><sp/><sp/></highlight><highlight class="comment">/*</highlight></codeline>
<codeline lineno="89"><highlight class="comment"><sp/><sp/><sp/><sp/><sp/>*<sp/>Implement<sp/>Warehouse<sp/>methods</highlight></codeline>
<codeline lineno="90"><highlight class="comment"><sp/><sp/><sp/><sp/><sp/>*/</highlight><highlight class="normal"></highlight></codeline>
<codeline lineno="91"><highlight class="normal"><sp/><sp/><sp/><sp/></highlight><highlight class="keyword">virtual</highlight><highlight class="normal"><sp/></highlight><highlight class="keywordtype">void</highlight><highlight class="normal"><sp/><ref refid="class_s_l_i_g_o___w_1abbd14fe78b2f5881020630842194aa5b" kindref="member">SetNumber_of_alcatel</ref>(</highlight><highlight class="keywordtype">int</highlight><highlight class="normal"><sp/>_number_of_alcatel);</highlight></codeline>
<codeline lineno="92"><highlight class="normal"><sp/><sp/><sp/><sp/></highlight><highlight class="keyword">virtual</highlight><highlight class="normal"><sp/></highlight><highlight class="keywordtype">int</highlight><highlight class="normal"><sp/><ref refid="class_s_l_i_g_o___w_1a5afed1018d0629a1e08fc266d05a94d9" kindref="member">GetNumber_of_alcatel</ref>();</highlight></codeline>
<codeline lineno="93"><highlight class="normal"><sp/><sp/><sp/><sp/></highlight><highlight class="keyword">virtual</highlight><highlight class="normal"><sp/></highlight><highlight class="keywordtype">void</highlight><highlight class="normal"><sp/><ref refid="class_s_l_i_g_o___w_1a2b748e4d815e0f2bdb8fb1b0e85b2636" kindref="member">SetNumber_of_nokia</ref>(</highlight><highlight class="keywordtype">int</highlight><highlight class="normal"><sp/>_number_of_nokia);</highlight></codeline>
<codeline lineno="94"><highlight class="normal"><sp/><sp/><sp/><sp/></highlight><highlight class="keyword">virtual</highlight><highlight class="normal"><sp/></highlight><highlight class="keywordtype">int</highlight><highlight class="normal"><sp/><ref refid="class_s_l_i_g_o___w_1a1aa9c9f001b37f3fdcdffae009319298" kindref="member">GetNumber_of_nokia</ref>();</highlight></codeline>
<codeline lineno="95"><highlight class="normal"><sp/><sp/><sp/><sp/></highlight><highlight class="keyword">virtual</highlight><highlight class="normal"><sp/></highlight><highlight class="keywordtype">void</highlight><highlight class="normal"><sp/><ref refid="class_s_l_i_g_o___w_1a3f770536e7ae43cba203b36b452bca76" kindref="member">SetNumber_of_huawei</ref>(</highlight><highlight class="keywordtype">int</highlight><highlight class="normal"><sp/>_number_of_huawei);</highlight></codeline>
<codeline lineno="96"><highlight class="normal"><sp/><sp/><sp/><sp/></highlight><highlight class="keyword">virtual</highlight><highlight class="normal"><sp/></highlight><highlight class="keywordtype">int</highlight><highlight class="normal"><sp/><ref refid="class_s_l_i_g_o___w_1a5804f623f4eb290df4f6b3aba59230d6" kindref="member">GetNumber_of_huawei</ref>();</highlight></codeline>
<codeline lineno="97"><highlight class="normal"><sp/><sp/><sp/><sp/></highlight><highlight class="keyword">virtual</highlight><highlight class="normal"><sp/></highlight><highlight class="keywordtype">void</highlight><highlight class="normal"><sp/><ref refid="class_s_l_i_g_o___w_1abbfe7001333b8c0b57a22f09ec4c3c1d" kindref="member">SetNumber_of_sony</ref>(</highlight><highlight class="keywordtype">int</highlight><highlight class="normal"><sp/>_number_of_sony);</highlight></codeline>
<codeline lineno="98"><highlight class="normal"><sp/><sp/><sp/><sp/></highlight><highlight class="keyword">virtual</highlight><highlight class="normal"><sp/></highlight><highlight class="keywordtype">int</highlight><highlight class="normal"><sp/><ref refid="class_s_l_i_g_o___w_1a62822c4fb80f739bee61767238a29e14" kindref="member">GetNumber_of_sony</ref>();</highlight></codeline>
<codeline lineno="99"><highlight class="normal"><sp/><sp/><sp/><sp/></highlight><highlight class="keyword">virtual</highlight><highlight class="normal"><sp/></highlight><highlight class="keywordtype">void</highlight><highlight class="normal"><sp/><ref refid="class_s_l_i_g_o___w_1ace5a2d4fae4c84710a648062e60022d2" kindref="member">SetNumber_of_samsung</ref>(</highlight><highlight class="keywordtype">int</highlight><highlight class="normal"><sp/>_number_of_samsung);</highlight></codeline>
<codeline lineno="100"><highlight class="normal"><sp/><sp/><sp/><sp/></highlight><highlight class="keyword">virtual</highlight><highlight class="normal"><sp/></highlight><highlight class="keywordtype">int</highlight><highlight class="normal"><sp/><ref refid="class_s_l_i_g_o___w_1aa4b6200a00c2a14924b7ff1ae3896b61" kindref="member">GetNumber_of_samsung</ref>();</highlight></codeline>
<codeline lineno="101"><highlight class="normal"><sp/><sp/><sp/><sp/></highlight><highlight class="keyword">virtual</highlight><highlight class="normal"><sp/></highlight><highlight class="keywordtype">void</highlight><highlight class="normal"><sp/><ref refid="class_s_l_i_g_o___w_1ad2f09386c9305c63a94ab171861eb3a9" kindref="member">SetNumber_of_iphones</ref>(</highlight><highlight class="keywordtype">int</highlight><highlight class="normal"><sp/>_number_of_iphones);</highlight></codeline>
<codeline lineno="102"><highlight class="normal"><sp/><sp/><sp/><sp/></highlight><highlight class="keyword">virtual</highlight><highlight class="normal"><sp/></highlight><highlight class="keywordtype">int</highlight><highlight class="normal"><sp/><ref refid="class_s_l_i_g_o___w_1a780b3a690f5cbbf7593ffc6612b3d743" kindref="member">GetNumber_of_iphones</ref>();</highlight></codeline>
<codeline lineno="103"><highlight class="normal"><sp/><sp/><sp/><sp/></highlight><highlight class="keyword">virtual</highlight><highlight class="normal"><sp/></highlight><highlight class="keywordtype">void</highlight><highlight class="normal"><sp/><ref refid="class_s_l_i_g_o___w_1ad2a9668f07e63bed2bb5da576cbb55b7" kindref="member">SetShop_name</ref>(std::string<sp/>_shop_name);</highlight></codeline>
<codeline lineno="104"><highlight class="normal"><sp/><sp/><sp/><sp/></highlight><highlight class="keyword">virtual</highlight><highlight class="normal"><sp/>std::string<sp/><ref refid="class_s_l_i_g_o___w_1ae788518e30d9d311eb28f37da932367a" kindref="member">GetShop_name</ref>();</highlight></codeline>
<codeline lineno="105"><highlight class="normal"><sp/><sp/><sp/><sp/></highlight><highlight class="keyword">virtual</highlight><highlight class="normal"><sp/></highlight><highlight class="keywordtype">void</highlight><highlight class="normal"><sp/><ref refid="class_s_l_i_g_o___w_1af442340c69e1f50622014d459320f003" kindref="member">SetShop_address</ref>(std::string<sp/>_shop_address);</highlight></codeline>
<codeline lineno="106"><highlight class="normal"><sp/><sp/><sp/><sp/></highlight><highlight class="keyword">virtual</highlight><highlight class="normal"><sp/>std::string<sp/><ref refid="class_s_l_i_g_o___w_1a66a2315d531231e34c5056e9bc917797" kindref="member">GetShop_address</ref>();</highlight></codeline>
<codeline lineno="107"><highlight class="normal"><sp/><sp/><sp/><sp/></highlight></codeline>
<codeline lineno="108"><highlight class="normal"><sp/><sp/><sp/><sp/></highlight></codeline>
<codeline lineno="109"><highlight class="normal"></highlight><highlight class="keyword">private</highlight><highlight class="normal">:</highlight></codeline>
<codeline lineno="110"><highlight class="normal"><sp/><sp/><sp/><sp/>std::string<sp/>_shop_address;</highlight></codeline>
<codeline lineno="111"><highlight class="normal"><sp/><sp/><sp/><sp/>std::string<sp/>_shop_name;</highlight></codeline>
<codeline lineno="112"><highlight class="normal"><sp/><sp/><sp/><sp/></highlight><highlight class="keywordtype">int</highlight><highlight class="normal"><sp/>_number_of_iphones;</highlight></codeline>
<codeline lineno="113"><highlight class="normal"><sp/><sp/><sp/><sp/></highlight><highlight class="keywordtype">int</highlight><highlight class="normal"><sp/>_number_of_samsung;</highlight></codeline>
<codeline lineno="114"><highlight class="normal"><sp/><sp/><sp/><sp/></highlight><highlight class="keywordtype">int</highlight><highlight class="normal"><sp/>_number_of_sony;</highlight></codeline>
<codeline lineno="115"><highlight class="normal"><sp/><sp/><sp/><sp/></highlight><highlight class="keywordtype">int</highlight><highlight class="normal"><sp/>_number_of_huawei;</highlight></codeline>
<codeline lineno="116"><highlight class="normal"><sp/><sp/><sp/><sp/></highlight><highlight class="keywordtype">int</highlight><highlight class="normal"><sp/>_number_of_nokia;</highlight></codeline>
<codeline lineno="117"><highlight class="normal"><sp/><sp/><sp/><sp/></highlight><highlight class="keywordtype">int</highlight><highlight class="normal"><sp/>_number_of_alcatel;</highlight></codeline>
<codeline lineno="118"><highlight class="normal"></highlight></codeline>
<codeline lineno="119"><highlight class="normal">};</highlight></codeline>
<codeline lineno="120"><highlight class="normal"></highlight></codeline>
<codeline lineno="121"><highlight class="normal"></highlight><highlight class="preprocessor">#endif<sp/></highlight><highlight class="comment">/*<sp/>SLIGO_W_H<sp/>*/</highlight><highlight class="preprocessor"></highlight><highlight class="normal"></highlight></codeline>
<codeline lineno="122"><highlight class="normal"></highlight></codeline>
    </programlisting>
    <location file="SLIGO_W.h"/>
  </compounddef>
</doxygen>
