<?xml version='1.0' encoding='UTF-8' standalone='no'?>
<doxygen xmlns:xsi="http://www.w3.org/2001/XMLSchema-instance" xsi:noNamespaceSchemaLocation="compound.xsd" version="1.8.11">
  <compounddef id="_s_w_b_p_l_c_8h" kind="file" language="C++">
    <compoundname>SWBPLC.h</compoundname>
    <includes refid="_b_a_n_k_8h" local="yes">BANK.h</includes>
    <includes local="no">string</includes>
    <includes local="no">memory</includes>
    <includes local="no">iostream</includes>
    <includedby refid="main_8cpp" local="yes">main.cpp</includedby>
    <includedby refid="_s_w_b_p_l_c_8cpp" local="yes">SWBPLC.cpp</includedby>
    <incdepgraph>
      <node id="701">
        <label>SWBPLC.h</label>
        <link refid="SWBPLC.h"/>
        <childnode refid="702" relation="include">
        </childnode>
        <childnode refid="706" relation="include">
        </childnode>
        <childnode refid="705" relation="include">
        </childnode>
        <childnode refid="707" relation="include">
        </childnode>
      </node>
      <node id="706">
        <label>string</label>
      </node>
      <node id="703">
        <label>OSTM.h</label>
        <link refid="_o_s_t_m_8h"/>
        <childnode refid="704" relation="include">
        </childnode>
        <childnode refid="705" relation="include">
        </childnode>
        <childnode refid="706" relation="include">
        </childnode>
        <childnode refid="707" relation="include">
        </childnode>
      </node>
      <node id="707">
        <label>iostream</label>
      </node>
      <node id="704">
        <label>mutex</label>
      </node>
      <node id="702">
        <label>BANK.h</label>
        <link refid="_b_a_n_k_8h"/>
        <childnode refid="703" relation="include">
        </childnode>
      </node>
      <node id="705">
        <label>memory</label>
      </node>
    </incdepgraph>
    <invincdepgraph>
      <node id="708">
        <label>SWBPLC.h</label>
        <link refid="SWBPLC.h"/>
        <childnode refid="709" relation="include">
        </childnode>
        <childnode refid="710" relation="include">
        </childnode>
      </node>
      <node id="710">
        <label>SWBPLC.cpp</label>
        <link refid="_s_w_b_p_l_c_8cpp"/>
      </node>
      <node id="709">
        <label>main.cpp</label>
        <link refid="main_8cpp"/>
      </node>
    </invincdepgraph>
    <innerclass refid="class_s_w_b_p_l_c" prot="public">SWBPLC</innerclass>
    <briefdescription>
    </briefdescription>
    <detaileddescription>
    </detaileddescription>
    <programlisting>
<codeline lineno="1"><highlight class="normal"></highlight></codeline>
<codeline lineno="2"><highlight class="normal"></highlight><highlight class="comment">/*<sp/></highlight></codeline>
<codeline lineno="3"><highlight class="comment"><sp/>*<sp/>File:<sp/><sp/><sp/>SWBPLC.h</highlight></codeline>
<codeline lineno="4"><highlight class="comment"><sp/>*<sp/>Author:<sp/>Zoltan<sp/>Fuzesi</highlight></codeline>
<codeline lineno="5"><highlight class="comment"><sp/>*<sp/>IT<sp/>Carlow<sp/>:<sp/>C00197361</highlight></codeline>
<codeline lineno="6"><highlight class="comment"><sp/>*</highlight></codeline>
<codeline lineno="7"><highlight class="comment"><sp/>*<sp/>Created<sp/>on<sp/>January<sp/>17,<sp/>2018,<sp/>8:02<sp/>PM</highlight></codeline>
<codeline lineno="8"><highlight class="comment"><sp/>*/</highlight><highlight class="normal"></highlight></codeline>
<codeline lineno="9"><highlight class="normal"></highlight></codeline>
<codeline lineno="10"><highlight class="normal"></highlight><highlight class="preprocessor">#ifndef<sp/>SWBPLC_H</highlight><highlight class="normal"></highlight></codeline>
<codeline lineno="11"><highlight class="normal"></highlight><highlight class="preprocessor">#define<sp/>SWBPLC_H</highlight><highlight class="normal"></highlight></codeline>
<codeline lineno="12"><highlight class="normal"></highlight><highlight class="preprocessor">#include<sp/>&quot;<ref refid="_b_a_n_k_8h" kindref="compound">BANK.h</ref>&quot;</highlight><highlight class="normal"></highlight></codeline>
<codeline lineno="13"><highlight class="normal"></highlight><highlight class="preprocessor">#include<sp/>&lt;string&gt;</highlight><highlight class="normal"></highlight></codeline>
<codeline lineno="14"><highlight class="normal"></highlight><highlight class="preprocessor">#include<sp/>&lt;memory&gt;</highlight><highlight class="normal"></highlight></codeline>
<codeline lineno="15"><highlight class="normal"></highlight><highlight class="preprocessor">#include<sp/>&lt;iostream&gt;</highlight></codeline>
<codeline lineno="19" refid="class_s_w_b_p_l_c" refkind="compound"><highlight class="keyword">class<sp/></highlight><highlight class="normal"><ref refid="class_s_w_b_p_l_c" kindref="compound">SWBPLC</ref><sp/>:<sp/></highlight><highlight class="keyword">public</highlight><highlight class="normal"><sp/><ref refid="class_b_a_n_k" kindref="compound">BANK</ref><sp/>{</highlight></codeline>
<codeline lineno="20"><highlight class="normal"></highlight><highlight class="keyword">public</highlight><highlight class="normal">:</highlight></codeline>
<codeline lineno="24" refid="class_s_w_b_p_l_c_1a320f4e2b023038668d941ce5d0c46aeb" refkind="member"><highlight class="normal"><sp/><sp/><sp/><sp/><ref refid="class_s_w_b_p_l_c_1a320f4e2b023038668d941ce5d0c46aeb" kindref="member">SWBPLC</ref>()<sp/>:<sp/><ref refid="class_b_a_n_k" kindref="compound">BANK</ref>()<sp/>{</highlight></codeline>
<codeline lineno="25"><highlight class="normal"><sp/><sp/><sp/><sp/><sp/><sp/><sp/><sp/>this-&gt;accountNumber<sp/>=<sp/>0;</highlight></codeline>
<codeline lineno="26"><highlight class="normal"><sp/><sp/><sp/><sp/><sp/><sp/><sp/><sp/>this-&gt;balance<sp/>=<sp/>50;</highlight></codeline>
<codeline lineno="27"><highlight class="normal"><sp/><sp/><sp/><sp/><sp/><sp/><sp/><sp/>this-&gt;firstName<sp/>=<sp/></highlight><highlight class="stringliteral">&quot;Joe&quot;</highlight><highlight class="normal">;</highlight></codeline>
<codeline lineno="28"><highlight class="normal"><sp/><sp/><sp/><sp/><sp/><sp/><sp/><sp/>this-&gt;lastName<sp/>=<sp/></highlight><highlight class="stringliteral">&quot;Blog&quot;</highlight><highlight class="normal">;</highlight></codeline>
<codeline lineno="29"><highlight class="normal"><sp/><sp/><sp/><sp/><sp/><sp/><sp/><sp/>this-&gt;address<sp/>=<sp/></highlight><highlight class="stringliteral">&quot;High<sp/>street,<sp/>Carlow&quot;</highlight><highlight class="normal">;</highlight></codeline>
<codeline lineno="30"><highlight class="normal"><sp/><sp/><sp/><sp/><sp/><sp/><sp/><sp/>this-&gt;fullname<sp/>=<sp/>firstName<sp/>+<sp/></highlight><highlight class="stringliteral">&quot;<sp/>&quot;</highlight><highlight class="normal"><sp/>+<sp/>lastName;</highlight></codeline>
<codeline lineno="31"><highlight class="normal"><sp/><sp/><sp/><sp/>};</highlight></codeline>
<codeline lineno="35" refid="class_s_w_b_p_l_c_1a29c408f7ccb7c5962dab8ac858758a89" refkind="member"><highlight class="normal"><sp/><sp/><sp/><sp/><ref refid="class_s_w_b_p_l_c_1a29c408f7ccb7c5962dab8ac858758a89" kindref="member">SWBPLC</ref>(</highlight><highlight class="keywordtype">int</highlight><highlight class="normal"><sp/>accountNumber,<sp/></highlight><highlight class="keywordtype">double</highlight><highlight class="normal"><sp/>balance,<sp/>std::string<sp/>firstName,<sp/>std::string<sp/>lastName,<sp/>std::string<sp/>address)<sp/>:<sp/><ref refid="class_b_a_n_k" kindref="compound">BANK</ref>()<sp/>{</highlight></codeline>
<codeline lineno="36"><highlight class="normal"><sp/><sp/><sp/><sp/><sp/><sp/><sp/><sp/>this-&gt;accountNumber<sp/>=<sp/>accountNumber;</highlight></codeline>
<codeline lineno="37"><highlight class="normal"><sp/><sp/><sp/><sp/><sp/><sp/><sp/><sp/>this-&gt;balance<sp/>=<sp/>balance;</highlight></codeline>
<codeline lineno="38"><highlight class="normal"><sp/><sp/><sp/><sp/><sp/><sp/><sp/><sp/>this-&gt;firstName<sp/>=<sp/>firstName;</highlight></codeline>
<codeline lineno="39"><highlight class="normal"><sp/><sp/><sp/><sp/><sp/><sp/><sp/><sp/>this-&gt;lastName<sp/>=<sp/>lastName;</highlight></codeline>
<codeline lineno="40"><highlight class="normal"><sp/><sp/><sp/><sp/><sp/><sp/><sp/><sp/>this-&gt;address<sp/>=<sp/>address;</highlight></codeline>
<codeline lineno="41"><highlight class="normal"><sp/><sp/><sp/><sp/><sp/><sp/><sp/><sp/>this-&gt;fullname<sp/>=<sp/>firstName<sp/>+<sp/></highlight><highlight class="stringliteral">&quot;<sp/>&quot;</highlight><highlight class="normal"><sp/>+<sp/>lastName;</highlight></codeline>
<codeline lineno="42"><highlight class="normal"><sp/><sp/><sp/><sp/>};</highlight></codeline>
<codeline lineno="46" refid="class_s_w_b_p_l_c_1a33e460bff6f51b30209a6f5a25a24d7d" refkind="member"><highlight class="normal"><sp/><sp/><sp/><sp/><ref refid="class_s_w_b_p_l_c_1a33e460bff6f51b30209a6f5a25a24d7d" kindref="member">SWBPLC</ref>(std::shared_ptr&lt;BANK&gt;<sp/>obj,<sp/></highlight><highlight class="keywordtype">int</highlight><highlight class="normal"><sp/>_version,<sp/></highlight><highlight class="keywordtype">int</highlight><highlight class="normal"><sp/>_unique_id)<sp/>:<sp/><ref refid="class_b_a_n_k" kindref="compound">BANK</ref>(_version,<sp/>_unique_id)<sp/>{</highlight></codeline>
<codeline lineno="47"><highlight class="normal"></highlight></codeline>
<codeline lineno="48"><highlight class="normal"><sp/><sp/><sp/><sp/><sp/><sp/><sp/><sp/>this-&gt;accountNumber<sp/>=<sp/>obj-&gt;GetAccountNumber();</highlight></codeline>
<codeline lineno="49"><highlight class="normal"><sp/><sp/><sp/><sp/><sp/><sp/><sp/><sp/>this-&gt;balance<sp/>=<sp/>obj-&gt;GetBalance();</highlight></codeline>
<codeline lineno="50"><highlight class="normal"><sp/><sp/><sp/><sp/><sp/><sp/><sp/><sp/>this-&gt;firstName<sp/>=<sp/>obj-&gt;GetFirstName();</highlight></codeline>
<codeline lineno="51"><highlight class="normal"><sp/><sp/><sp/><sp/><sp/><sp/><sp/><sp/>this-&gt;lastName<sp/>=<sp/>obj-&gt;GetLastName();</highlight></codeline>
<codeline lineno="52"><highlight class="normal"><sp/><sp/><sp/><sp/><sp/><sp/><sp/><sp/>this-&gt;address<sp/>=<sp/>obj-&gt;GetAddress();</highlight></codeline>
<codeline lineno="53"><highlight class="normal"><sp/><sp/><sp/><sp/><sp/><sp/><sp/><sp/>this-&gt;fullname<sp/>=<sp/>obj-&gt;GetFirstName()<sp/>+<sp/></highlight><highlight class="stringliteral">&quot;<sp/>&quot;</highlight><highlight class="normal"><sp/>+<sp/>obj-&gt;GetLastName();</highlight></codeline>
<codeline lineno="54"><highlight class="normal"><sp/><sp/><sp/><sp/><sp/><sp/><sp/><sp/></highlight></codeline>
<codeline lineno="55"><highlight class="normal"><sp/><sp/><sp/><sp/>};</highlight></codeline>
<codeline lineno="59"><highlight class="normal"><sp/><sp/><sp/><sp/><ref refid="class_s_w_b_p_l_c_1a320f4e2b023038668d941ce5d0c46aeb" kindref="member">SWBPLC</ref>(</highlight><highlight class="keyword">const</highlight><highlight class="normal"><sp/><ref refid="class_s_w_b_p_l_c" kindref="compound">SWBPLC</ref>&amp;<sp/>orig);</highlight></codeline>
<codeline lineno="63" refid="class_s_w_b_p_l_c_1a1e4b8f85d4e8e29429d691e258fea2e7" refkind="member"><highlight class="normal"><sp/><sp/><sp/><sp/><ref refid="class_s_w_b_p_l_c" kindref="compound">SWBPLC</ref><sp/><ref refid="class_s_w_b_p_l_c_1a1e4b8f85d4e8e29429d691e258fea2e7" kindref="member">operator=</ref>(</highlight><highlight class="keyword">const</highlight><highlight class="normal"><sp/><ref refid="class_s_w_b_p_l_c" kindref="compound">SWBPLC</ref>&amp;<sp/>orig)<sp/>{};</highlight></codeline>
<codeline lineno="67"><highlight class="normal"><sp/><sp/><sp/><sp/></highlight><highlight class="keyword">virtual</highlight><highlight class="normal"><sp/><ref refid="class_s_w_b_p_l_c_1a5d6f00a76145f32424ff6db9ac23c6fe" kindref="member">~SWBPLC</ref>();</highlight></codeline>
<codeline lineno="68"><highlight class="normal"><sp/><sp/><sp/><sp/></highlight></codeline>
<codeline lineno="69"><highlight class="normal"><sp/><sp/><sp/><sp/></highlight><highlight class="comment">/*</highlight></codeline>
<codeline lineno="70"><highlight class="comment"><sp/><sp/><sp/><sp/><sp/>*<sp/>Implement<sp/>OSTM<sp/>virtual<sp/>methods</highlight></codeline>
<codeline lineno="71"><highlight class="comment"><sp/><sp/><sp/><sp/><sp/>*/</highlight><highlight class="normal"></highlight></codeline>
<codeline lineno="72"><highlight class="normal"><sp/><sp/><sp/><sp/></highlight><highlight class="comment">//virtual<sp/>std::shared_ptr&lt;SWBPLC&gt;<sp/>_cast(std::shared_ptr&lt;OSTM&gt;<sp/>_object);</highlight><highlight class="normal"></highlight></codeline>
<codeline lineno="73"><highlight class="normal"><sp/><sp/><sp/><sp/></highlight><highlight class="keyword">virtual</highlight><highlight class="normal"><sp/></highlight><highlight class="keywordtype">void</highlight><highlight class="normal"><sp/><ref refid="class_s_w_b_p_l_c_1a9468640482a6cfb9bfb4115fc59191d5" kindref="member">copy</ref>(std::shared_ptr&lt;OSTM&gt;<sp/>to,<sp/>std::shared_ptr&lt;OSTM&gt;<sp/>from);</highlight></codeline>
<codeline lineno="74"><highlight class="normal"><sp/><sp/><sp/><sp/></highlight><highlight class="keyword">virtual</highlight><highlight class="normal"><sp/>std::shared_ptr&lt;OSTM&gt;<sp/><ref refid="class_s_w_b_p_l_c_1a77f0e0d6c08a95066d277bf6b2073a5c" kindref="member">getBaseCopy</ref>(std::shared_ptr&lt;OSTM&gt;<sp/></highlight><highlight class="keywordtype">object</highlight><highlight class="normal">);</highlight></codeline>
<codeline lineno="75"><highlight class="normal"><sp/><sp/><sp/><sp/></highlight><highlight class="keyword">virtual</highlight><highlight class="normal"><sp/></highlight><highlight class="keywordtype">void</highlight><highlight class="normal"><sp/><ref refid="class_s_w_b_p_l_c_1a761c77b5a204b4ae05ffb01bd602c3c2" kindref="member">toString</ref>();</highlight></codeline>
<codeline lineno="76"><highlight class="normal"><sp/><sp/><sp/><sp/></highlight></codeline>
<codeline lineno="77"><highlight class="normal"><sp/><sp/><sp/><sp/></highlight><highlight class="comment">/*</highlight></codeline>
<codeline lineno="78"><highlight class="comment"><sp/><sp/><sp/><sp/><sp/>*<sp/>Implement<sp/>BANK<sp/>virtual<sp/>methods</highlight></codeline>
<codeline lineno="79"><highlight class="comment"><sp/><sp/><sp/><sp/><sp/>*/</highlight><highlight class="normal"></highlight></codeline>
<codeline lineno="80"><highlight class="normal"><sp/><sp/><sp/><sp/></highlight><highlight class="keyword">virtual</highlight><highlight class="normal"><sp/></highlight><highlight class="keywordtype">void</highlight><highlight class="normal"><sp/><ref refid="class_s_w_b_p_l_c_1a99590e47dda8361b2d5869fd315f92f8" kindref="member">SetAddress</ref>(std::string<sp/>address);</highlight></codeline>
<codeline lineno="81"><highlight class="normal"><sp/><sp/><sp/><sp/></highlight><highlight class="keyword">virtual</highlight><highlight class="normal"><sp/>std::string<sp/><ref refid="class_s_w_b_p_l_c_1a3a62a57b3ecdd06ed977ef372dab89ad" kindref="member">GetAddress</ref>()<sp/></highlight><highlight class="keyword">const</highlight><highlight class="normal">;</highlight></codeline>
<codeline lineno="82"><highlight class="normal"><sp/><sp/><sp/><sp/></highlight><highlight class="keyword">virtual</highlight><highlight class="normal"><sp/></highlight><highlight class="keywordtype">void</highlight><highlight class="normal"><sp/><ref refid="class_s_w_b_p_l_c_1a9a0d94da8922f00ca4a3e5fa774e8b3f" kindref="member">SetBalance</ref>(</highlight><highlight class="keywordtype">double</highlight><highlight class="normal"><sp/>balance);</highlight></codeline>
<codeline lineno="83"><highlight class="normal"><sp/><sp/><sp/><sp/></highlight><highlight class="keyword">virtual</highlight><highlight class="normal"><sp/></highlight><highlight class="keywordtype">double</highlight><highlight class="normal"><sp/><ref refid="class_s_w_b_p_l_c_1af7f5f662ab926bfb9c0c1c7156cde24c" kindref="member">GetBalance</ref>()<sp/></highlight><highlight class="keyword">const</highlight><highlight class="normal">;</highlight></codeline>
<codeline lineno="84"><highlight class="normal"><sp/><sp/><sp/><sp/></highlight><highlight class="keyword">virtual</highlight><highlight class="normal"><sp/></highlight><highlight class="keywordtype">void</highlight><highlight class="normal"><sp/><ref refid="class_s_w_b_p_l_c_1a45eb1e6a73fde0dc00824319d4e0b81a" kindref="member">SetAccountNumber</ref>(</highlight><highlight class="keywordtype">int</highlight><highlight class="normal"><sp/>accountNumber);</highlight></codeline>
<codeline lineno="85"><highlight class="normal"><sp/><sp/><sp/><sp/></highlight><highlight class="keyword">virtual</highlight><highlight class="normal"><sp/></highlight><highlight class="keywordtype">int</highlight><highlight class="normal"><sp/><ref refid="class_s_w_b_p_l_c_1a1a997f6d333e5021970e50605431d7df" kindref="member">GetAccountNumber</ref>()<sp/></highlight><highlight class="keyword">const</highlight><highlight class="normal">;</highlight></codeline>
<codeline lineno="86"><highlight class="normal"><sp/><sp/><sp/><sp/></highlight><highlight class="keyword">virtual</highlight><highlight class="normal"><sp/></highlight><highlight class="keywordtype">void</highlight><highlight class="normal"><sp/><ref refid="class_s_w_b_p_l_c_1aa5581ea5d2e0315b816876737e887f09" kindref="member">SetLastName</ref>(std::string<sp/>lastName);</highlight></codeline>
<codeline lineno="87"><highlight class="normal"><sp/><sp/><sp/><sp/></highlight><highlight class="keyword">virtual</highlight><highlight class="normal"><sp/>std::string<sp/><ref refid="class_s_w_b_p_l_c_1a72b2595acea28dae9e4f5816dd3c4652" kindref="member">GetLastName</ref>()<sp/></highlight><highlight class="keyword">const</highlight><highlight class="normal">;</highlight></codeline>
<codeline lineno="88"><highlight class="normal"><sp/><sp/><sp/><sp/></highlight><highlight class="keyword">virtual</highlight><highlight class="normal"><sp/></highlight><highlight class="keywordtype">void</highlight><highlight class="normal"><sp/><ref refid="class_s_w_b_p_l_c_1a8146eabca4648ef679188904f677df9d" kindref="member">SetFirstName</ref>(std::string<sp/>firstName);</highlight></codeline>
<codeline lineno="89"><highlight class="normal"><sp/><sp/><sp/><sp/></highlight><highlight class="keyword">virtual</highlight><highlight class="normal"><sp/>std::string<sp/><ref refid="class_s_w_b_p_l_c_1ace6bbcd6546896e581e3a2ee9504d090" kindref="member">GetFirstName</ref>()<sp/></highlight><highlight class="keyword">const</highlight><highlight class="normal">;</highlight></codeline>
<codeline lineno="90"><highlight class="normal"><sp/><sp/><sp/><sp/></highlight><highlight class="keyword">virtual</highlight><highlight class="normal"><sp/></highlight><highlight class="keywordtype">void</highlight><highlight class="normal"><sp/><ref refid="class_s_w_b_p_l_c_1a09376d46475bbceda897948714ff1e72" kindref="member">SetFullname</ref>(std::string<sp/>fullname);</highlight></codeline>
<codeline lineno="91"><highlight class="normal"><sp/><sp/><sp/><sp/></highlight><highlight class="keyword">virtual</highlight><highlight class="normal"><sp/>std::string<sp/><ref refid="class_s_w_b_p_l_c_1adb74b3cbc40a401bf7ca4dfb5269c336" kindref="member">GetFullname</ref>()<sp/></highlight><highlight class="keyword">const</highlight><highlight class="normal">;</highlight></codeline>
<codeline lineno="92"><highlight class="normal"></highlight><highlight class="keyword">private</highlight><highlight class="normal">:</highlight></codeline>
<codeline lineno="93"><highlight class="normal"><sp/><sp/><sp/><sp/>std::string<sp/>fullname;</highlight></codeline>
<codeline lineno="94"><highlight class="normal"><sp/><sp/><sp/><sp/>std::string<sp/>firstName;</highlight></codeline>
<codeline lineno="95"><highlight class="normal"><sp/><sp/><sp/><sp/>std::string<sp/>lastName;</highlight></codeline>
<codeline lineno="96"><highlight class="normal"><sp/><sp/><sp/><sp/></highlight><highlight class="keywordtype">int</highlight><highlight class="normal"><sp/>accountNumber;</highlight></codeline>
<codeline lineno="97"><highlight class="normal"><sp/><sp/><sp/><sp/></highlight><highlight class="keywordtype">double</highlight><highlight class="normal"><sp/>balance;</highlight></codeline>
<codeline lineno="98"><highlight class="normal"><sp/><sp/><sp/><sp/>std::string<sp/>address;</highlight></codeline>
<codeline lineno="99"><highlight class="normal"></highlight></codeline>
<codeline lineno="100"><highlight class="normal">};</highlight></codeline>
<codeline lineno="101"><highlight class="normal"></highlight></codeline>
<codeline lineno="102"><highlight class="normal"></highlight><highlight class="preprocessor">#endif<sp/></highlight><highlight class="comment">/*<sp/>SWBPLC_H<sp/>*/</highlight><highlight class="preprocessor"></highlight><highlight class="normal"></highlight></codeline>
<codeline lineno="103"><highlight class="normal"></highlight></codeline>
    </programlisting>
    <location file="SWBPLC.h"/>
  </compounddef>
</doxygen>
