<?xml version='1.0' encoding='UTF-8' standalone='no'?>
<doxygen xmlns:xsi="http://www.w3.org/2001/XMLSchema-instance" xsi:noNamespaceSchemaLocation="compound.xsd" version="1.8.11">
  <compounddef id="_t_a_l_l_a_g_h___w_8h" kind="file" language="C++">
    <compoundname>TALLAGH_W.h</compoundname>
    <includes refid="_w_a_r_e_h_o_u_s_e_8h" local="yes">WAREHOUSE.h</includes>
    <includes local="no">string</includes>
    <includes local="no">memory</includes>
    <includes local="no">iostream</includes>
    <includedby refid="main_8cpp" local="yes">main.cpp</includedby>
    <includedby refid="_t_a_l_l_a_g_h___w_8cpp" local="yes">TALLAGH_W.cpp</includedby>
    <incdepgraph>
      <node id="725">
        <label>string</label>
      </node>
      <node id="722">
        <label>OSTM.h</label>
        <link refid="_o_s_t_m_8h"/>
        <childnode refid="723" relation="include">
        </childnode>
        <childnode refid="724" relation="include">
        </childnode>
        <childnode refid="725" relation="include">
        </childnode>
        <childnode refid="726" relation="include">
        </childnode>
      </node>
      <node id="720">
        <label>TALLAGH_W.h</label>
        <link refid="TALLAGH_W.h"/>
        <childnode refid="721" relation="include">
        </childnode>
        <childnode refid="725" relation="include">
        </childnode>
        <childnode refid="724" relation="include">
        </childnode>
        <childnode refid="726" relation="include">
        </childnode>
      </node>
      <node id="721">
        <label>WAREHOUSE.h</label>
        <link refid="_w_a_r_e_h_o_u_s_e_8h"/>
        <childnode refid="722" relation="include">
        </childnode>
      </node>
      <node id="726">
        <label>iostream</label>
      </node>
      <node id="723">
        <label>mutex</label>
      </node>
      <node id="724">
        <label>memory</label>
      </node>
    </incdepgraph>
    <invincdepgraph>
      <node id="727">
        <label>TALLAGH_W.h</label>
        <link refid="TALLAGH_W.h"/>
        <childnode refid="728" relation="include">
        </childnode>
        <childnode refid="729" relation="include">
        </childnode>
      </node>
      <node id="729">
        <label>TALLAGH_W.cpp</label>
        <link refid="_t_a_l_l_a_g_h___w_8cpp"/>
      </node>
      <node id="728">
        <label>main.cpp</label>
        <link refid="main_8cpp"/>
      </node>
    </invincdepgraph>
    <innerclass refid="class_t_a_l_l_a_g_h___w" prot="public">TALLAGH_W</innerclass>
    <briefdescription>
    </briefdescription>
    <detaileddescription>
    </detaileddescription>
    <programlisting>
<codeline lineno="1"><highlight class="normal"></highlight></codeline>
<codeline lineno="2"><highlight class="normal"></highlight><highlight class="comment">/*<sp/></highlight></codeline>
<codeline lineno="3"><highlight class="comment"><sp/>*<sp/>File:<sp/><sp/><sp/>TALLAGH_W.h</highlight></codeline>
<codeline lineno="4"><highlight class="comment"><sp/>*<sp/>Author:<sp/>Zoltan<sp/>Fuzesi</highlight></codeline>
<codeline lineno="5"><highlight class="comment"><sp/>*<sp/>IT<sp/>Carlow<sp/>:<sp/>C00197361</highlight></codeline>
<codeline lineno="6"><highlight class="comment"><sp/>*</highlight></codeline>
<codeline lineno="7"><highlight class="comment"><sp/>*<sp/>Created<sp/>on<sp/>January<sp/>17,<sp/>2018,<sp/>8:02<sp/>PM</highlight></codeline>
<codeline lineno="8"><highlight class="comment"><sp/>*/</highlight><highlight class="normal"></highlight></codeline>
<codeline lineno="9"><highlight class="normal"></highlight></codeline>
<codeline lineno="10"><highlight class="normal"></highlight><highlight class="preprocessor">#ifndef<sp/>TALLAGH_W_H</highlight><highlight class="normal"></highlight></codeline>
<codeline lineno="11"><highlight class="normal"></highlight><highlight class="preprocessor">#define<sp/>TALLAGH_W_H</highlight><highlight class="normal"></highlight></codeline>
<codeline lineno="12"><highlight class="normal"></highlight><highlight class="preprocessor">#include<sp/>&quot;<ref refid="_w_a_r_e_h_o_u_s_e_8h" kindref="compound">WAREHOUSE.h</ref>&quot;</highlight><highlight class="normal"></highlight></codeline>
<codeline lineno="13"><highlight class="normal"></highlight><highlight class="preprocessor">#include<sp/>&lt;string&gt;</highlight><highlight class="normal"></highlight></codeline>
<codeline lineno="14"><highlight class="normal"></highlight><highlight class="preprocessor">#include<sp/>&lt;memory&gt;</highlight><highlight class="normal"></highlight></codeline>
<codeline lineno="15"><highlight class="normal"></highlight><highlight class="preprocessor">#include<sp/>&lt;iostream&gt;</highlight></codeline>
<codeline lineno="19" refid="class_t_a_l_l_a_g_h___w" refkind="compound"><highlight class="keyword">class<sp/></highlight><highlight class="normal"><ref refid="class_t_a_l_l_a_g_h___w" kindref="compound">TALLAGH_W</ref><sp/>:</highlight><highlight class="keyword">public</highlight><highlight class="normal"><sp/><ref refid="class_w_a_r_e_h_o_u_s_e" kindref="compound">WAREHOUSE</ref><sp/>{</highlight></codeline>
<codeline lineno="20"><highlight class="normal"></highlight><highlight class="keyword">public</highlight><highlight class="normal">:</highlight></codeline>
<codeline lineno="24" refid="class_t_a_l_l_a_g_h___w_1aeafc411edee7a3e8bfcc54fa478e2104" refkind="member"><highlight class="normal"><sp/><sp/><sp/><sp/><ref refid="class_t_a_l_l_a_g_h___w_1aeafc411edee7a3e8bfcc54fa478e2104" kindref="member">TALLAGH_W</ref>()<sp/>:<sp/><ref refid="class_w_a_r_e_h_o_u_s_e" kindref="compound">WAREHOUSE</ref>(){</highlight></codeline>
<codeline lineno="25"><highlight class="normal"><sp/><sp/><sp/><sp/><sp/><sp/><sp/><sp/></highlight></codeline>
<codeline lineno="26"><highlight class="normal"><sp/><sp/><sp/><sp/><sp/><sp/><sp/><sp/>this-&gt;_shop_address<sp/>=<sp/></highlight><highlight class="stringliteral">&quot;Tallagh<sp/>Low<sp/>street&quot;</highlight><highlight class="normal">;</highlight></codeline>
<codeline lineno="27"><highlight class="normal"><sp/><sp/><sp/><sp/><sp/><sp/><sp/><sp/>this-&gt;_shop_name<sp/>=<sp/></highlight><highlight class="stringliteral">&quot;TALLAGH<sp/>T_WAREHOUSE&quot;</highlight><highlight class="normal">;</highlight></codeline>
<codeline lineno="28"><highlight class="normal"><sp/><sp/><sp/><sp/><sp/><sp/><sp/><sp/>this-&gt;_number_of_iphones<sp/>=<sp/>200;</highlight></codeline>
<codeline lineno="29"><highlight class="normal"><sp/><sp/><sp/><sp/><sp/><sp/><sp/><sp/>this-&gt;_number_of_samsung<sp/>=<sp/>200;</highlight></codeline>
<codeline lineno="30"><highlight class="normal"><sp/><sp/><sp/><sp/><sp/><sp/><sp/><sp/>this-&gt;_number_of_sony<sp/>=<sp/>200;</highlight></codeline>
<codeline lineno="31"><highlight class="normal"><sp/><sp/><sp/><sp/><sp/><sp/><sp/><sp/>this-&gt;_number_of_huawei<sp/>=<sp/>200;</highlight></codeline>
<codeline lineno="32"><highlight class="normal"><sp/><sp/><sp/><sp/><sp/><sp/><sp/><sp/>this-&gt;_number_of_nokia<sp/>=<sp/>200;</highlight></codeline>
<codeline lineno="33"><highlight class="normal"><sp/><sp/><sp/><sp/><sp/><sp/><sp/><sp/>this-&gt;_number_of_alcatel<sp/>=<sp/>200;</highlight></codeline>
<codeline lineno="34"><highlight class="normal"><sp/><sp/><sp/><sp/>};</highlight></codeline>
<codeline lineno="38" refid="class_t_a_l_l_a_g_h___w_1a2d61c90d6ff2f1b50f81a3ce6506e285" refkind="member"><highlight class="normal"><sp/><sp/><sp/><sp/><ref refid="class_t_a_l_l_a_g_h___w_1a2d61c90d6ff2f1b50f81a3ce6506e285" kindref="member">TALLAGH_W</ref>(std::string<sp/>address,<sp/>std::string<sp/>shop_name,<sp/></highlight><highlight class="keywordtype">int</highlight><highlight class="normal"><sp/>iphone,<sp/></highlight><highlight class="keywordtype">int</highlight><highlight class="normal"><sp/>samsung,<sp/></highlight><highlight class="keywordtype">int</highlight><highlight class="normal"><sp/>sony,<sp/></highlight><highlight class="keywordtype">int</highlight><highlight class="normal"><sp/>huawei,<sp/></highlight><highlight class="keywordtype">int</highlight><highlight class="normal"><sp/>nokia,<sp/></highlight><highlight class="keywordtype">int</highlight><highlight class="normal"><sp/>alcatel):<sp/><ref refid="class_w_a_r_e_h_o_u_s_e" kindref="compound">WAREHOUSE</ref>(){</highlight></codeline>
<codeline lineno="39"><highlight class="normal"><sp/><sp/><sp/><sp/><sp/><sp/><sp/><sp/></highlight><highlight class="comment">/*</highlight></codeline>
<codeline lineno="40"><highlight class="comment"><sp/><sp/><sp/><sp/><sp/><sp/><sp/><sp/><sp/>*<sp/>copy<sp/>over<sp/>values</highlight></codeline>
<codeline lineno="41"><highlight class="comment"><sp/><sp/><sp/><sp/><sp/><sp/><sp/><sp/><sp/>*/</highlight><highlight class="normal"></highlight></codeline>
<codeline lineno="42"><highlight class="normal"><sp/><sp/><sp/><sp/><sp/><sp/><sp/><sp/>this-&gt;_shop_address<sp/>=<sp/>address;</highlight></codeline>
<codeline lineno="43"><highlight class="normal"><sp/><sp/><sp/><sp/><sp/><sp/><sp/><sp/>this-&gt;_shop_name<sp/>=<sp/>shop_name;</highlight></codeline>
<codeline lineno="44"><highlight class="normal"><sp/><sp/><sp/><sp/><sp/><sp/><sp/><sp/>this-&gt;_number_of_iphones<sp/>=<sp/>iphone;</highlight></codeline>
<codeline lineno="45"><highlight class="normal"><sp/><sp/><sp/><sp/><sp/><sp/><sp/><sp/>this-&gt;_number_of_samsung<sp/>=<sp/>samsung;</highlight></codeline>
<codeline lineno="46"><highlight class="normal"><sp/><sp/><sp/><sp/><sp/><sp/><sp/><sp/>this-&gt;_number_of_sony<sp/>=<sp/>sony;</highlight></codeline>
<codeline lineno="47"><highlight class="normal"><sp/><sp/><sp/><sp/><sp/><sp/><sp/><sp/>this-&gt;_number_of_huawei<sp/>=<sp/>huawei;</highlight></codeline>
<codeline lineno="48"><highlight class="normal"><sp/><sp/><sp/><sp/><sp/><sp/><sp/><sp/>this-&gt;_number_of_nokia<sp/>=<sp/>nokia;</highlight></codeline>
<codeline lineno="49"><highlight class="normal"><sp/><sp/><sp/><sp/><sp/><sp/><sp/><sp/>this-&gt;_number_of_alcatel<sp/>=<sp/>alcatel;</highlight></codeline>
<codeline lineno="50"><highlight class="normal"><sp/><sp/><sp/><sp/><sp/><sp/><sp/><sp/></highlight></codeline>
<codeline lineno="51"><highlight class="normal"><sp/><sp/><sp/><sp/>};</highlight></codeline>
<codeline lineno="55" refid="class_t_a_l_l_a_g_h___w_1a34d0767d7e66f28b1e9725c27f964a9c" refkind="member"><highlight class="normal"><sp/><sp/><sp/><sp/><ref refid="class_t_a_l_l_a_g_h___w_1a34d0767d7e66f28b1e9725c27f964a9c" kindref="member">TALLAGH_W</ref>(std::shared_ptr&lt;WAREHOUSE&gt;<sp/>obj,<sp/></highlight><highlight class="keywordtype">int</highlight><highlight class="normal"><sp/>_version,<sp/></highlight><highlight class="keywordtype">int</highlight><highlight class="normal"><sp/>_unique_id):<sp/><ref refid="class_w_a_r_e_h_o_u_s_e" kindref="compound">WAREHOUSE</ref>(_version,<sp/>_unique_id){</highlight></codeline>
<codeline lineno="56"><highlight class="normal"><sp/><sp/><sp/><sp/><sp/><sp/><sp/><sp/></highlight><highlight class="comment">/*</highlight></codeline>
<codeline lineno="57"><highlight class="comment"><sp/><sp/><sp/><sp/><sp/><sp/><sp/><sp/><sp/>*<sp/>copy<sp/>over<sp/>values</highlight></codeline>
<codeline lineno="58"><highlight class="comment"><sp/><sp/><sp/><sp/><sp/><sp/><sp/><sp/><sp/>*/</highlight><highlight class="normal"></highlight></codeline>
<codeline lineno="59"><highlight class="normal"><sp/><sp/><sp/><sp/><sp/><sp/><sp/><sp/>this-&gt;_shop_address<sp/>=<sp/>obj-&gt;GetShop_address();</highlight></codeline>
<codeline lineno="60"><highlight class="normal"><sp/><sp/><sp/><sp/><sp/><sp/><sp/><sp/>this-&gt;_shop_name<sp/>=<sp/>obj-&gt;GetShop_name();</highlight></codeline>
<codeline lineno="61"><highlight class="normal"><sp/><sp/><sp/><sp/><sp/><sp/><sp/><sp/>this-&gt;_number_of_iphones<sp/>=<sp/>obj-&gt;GetNumber_of_iphones();</highlight></codeline>
<codeline lineno="62"><highlight class="normal"><sp/><sp/><sp/><sp/><sp/><sp/><sp/><sp/>this-&gt;_number_of_samsung<sp/>=<sp/>obj-&gt;GetNumber_of_samsung();</highlight></codeline>
<codeline lineno="63"><highlight class="normal"><sp/><sp/><sp/><sp/><sp/><sp/><sp/><sp/>this-&gt;_number_of_sony<sp/>=<sp/>obj-&gt;GetNumber_of_sony();</highlight></codeline>
<codeline lineno="64"><highlight class="normal"><sp/><sp/><sp/><sp/><sp/><sp/><sp/><sp/>this-&gt;_number_of_huawei<sp/>=<sp/>obj-&gt;GetNumber_of_huawei();</highlight></codeline>
<codeline lineno="65"><highlight class="normal"><sp/><sp/><sp/><sp/><sp/><sp/><sp/><sp/>this-&gt;_number_of_nokia<sp/>=<sp/>obj-&gt;GetNumber_of_nokia();</highlight></codeline>
<codeline lineno="66"><highlight class="normal"><sp/><sp/><sp/><sp/><sp/><sp/><sp/><sp/>this-&gt;_number_of_alcatel<sp/>=<sp/>obj-&gt;GetNumber_of_alcatel();</highlight></codeline>
<codeline lineno="67"><highlight class="normal"><sp/><sp/><sp/><sp/>}</highlight></codeline>
<codeline lineno="71"><highlight class="normal"><sp/><sp/><sp/><sp/><ref refid="class_t_a_l_l_a_g_h___w_1aeafc411edee7a3e8bfcc54fa478e2104" kindref="member">TALLAGH_W</ref>(</highlight><highlight class="keyword">const</highlight><highlight class="normal"><sp/><ref refid="class_t_a_l_l_a_g_h___w" kindref="compound">TALLAGH_W</ref>&amp;<sp/>orig);</highlight></codeline>
<codeline lineno="75" refid="class_t_a_l_l_a_g_h___w_1a0ac3db0bae78cc4e59f175e90374ed50" refkind="member"><highlight class="normal"><sp/><sp/><sp/><sp/><ref refid="class_t_a_l_l_a_g_h___w" kindref="compound">TALLAGH_W</ref><sp/><ref refid="class_t_a_l_l_a_g_h___w_1a0ac3db0bae78cc4e59f175e90374ed50" kindref="member">operator=</ref>(</highlight><highlight class="keyword">const</highlight><highlight class="normal"><sp/><ref refid="class_t_a_l_l_a_g_h___w" kindref="compound">TALLAGH_W</ref>&amp;<sp/>orig){};</highlight></codeline>
<codeline lineno="79"><highlight class="normal"><sp/><sp/><sp/><sp/></highlight><highlight class="keyword">virtual</highlight><highlight class="normal"><sp/><ref refid="class_t_a_l_l_a_g_h___w_1aad3a2ca2d942a0629716b1c9f446931f" kindref="member">~TALLAGH_W</ref>();</highlight></codeline>
<codeline lineno="80"><highlight class="normal"><sp/><sp/><sp/><sp/></highlight></codeline>
<codeline lineno="81"><highlight class="normal"><sp/><sp/><sp/><sp/></highlight><highlight class="comment">/*</highlight></codeline>
<codeline lineno="82"><highlight class="comment"><sp/><sp/><sp/><sp/><sp/>*<sp/>Implement<sp/>OSTM<sp/>virtual<sp/>methods</highlight></codeline>
<codeline lineno="83"><highlight class="comment"><sp/><sp/><sp/><sp/><sp/>*/</highlight><highlight class="normal"></highlight></codeline>
<codeline lineno="84"><highlight class="normal"><sp/><sp/><sp/><sp/></highlight><highlight class="comment">//virtual<sp/>std::shared_ptr&lt;TALLAGH_W&gt;<sp/>_cast(std::shared_ptr&lt;OSTM&gt;<sp/>_object);</highlight><highlight class="normal"></highlight></codeline>
<codeline lineno="85"><highlight class="normal"><sp/><sp/><sp/><sp/></highlight><highlight class="keyword">virtual</highlight><highlight class="normal"><sp/></highlight><highlight class="keywordtype">void</highlight><highlight class="normal"><sp/><ref refid="class_t_a_l_l_a_g_h___w_1a7cd62cf694fbe8c6242916f26df8f6ca" kindref="member">copy</ref>(std::shared_ptr&lt;OSTM&gt;<sp/>to,<sp/>std::shared_ptr&lt;OSTM&gt;<sp/>from);</highlight></codeline>
<codeline lineno="86"><highlight class="normal"><sp/><sp/><sp/><sp/></highlight><highlight class="keyword">virtual</highlight><highlight class="normal"><sp/>std::shared_ptr&lt;OSTM&gt;<sp/><ref refid="class_t_a_l_l_a_g_h___w_1a51957c778c31d56f98febdf294f88a4c" kindref="member">getBaseCopy</ref>(std::shared_ptr&lt;OSTM&gt;<sp/></highlight><highlight class="keywordtype">object</highlight><highlight class="normal">);</highlight></codeline>
<codeline lineno="87"><highlight class="normal"><sp/><sp/><sp/><sp/></highlight><highlight class="keyword">virtual</highlight><highlight class="normal"><sp/></highlight><highlight class="keywordtype">void</highlight><highlight class="normal"><sp/><ref refid="class_t_a_l_l_a_g_h___w_1ac7a438b7511cf2931490e6b44eff4a49" kindref="member">toString</ref>();</highlight></codeline>
<codeline lineno="88"><highlight class="normal"><sp/><sp/><sp/><sp/></highlight><highlight class="comment">/*</highlight></codeline>
<codeline lineno="89"><highlight class="comment"><sp/><sp/><sp/><sp/><sp/>*<sp/>Implement<sp/>Warehouse<sp/>methods</highlight></codeline>
<codeline lineno="90"><highlight class="comment"><sp/><sp/><sp/><sp/><sp/>*/</highlight><highlight class="normal"></highlight></codeline>
<codeline lineno="91"><highlight class="normal"><sp/><sp/><sp/><sp/></highlight><highlight class="keyword">virtual</highlight><highlight class="normal"><sp/></highlight><highlight class="keywordtype">void</highlight><highlight class="normal"><sp/><ref refid="class_t_a_l_l_a_g_h___w_1ad4a8e9cab71ab1b742298e630b6c32da" kindref="member">SetNumber_of_alcatel</ref>(</highlight><highlight class="keywordtype">int</highlight><highlight class="normal"><sp/>_number_of_alcatel);</highlight></codeline>
<codeline lineno="92"><highlight class="normal"><sp/><sp/><sp/><sp/></highlight><highlight class="keyword">virtual</highlight><highlight class="normal"><sp/></highlight><highlight class="keywordtype">int</highlight><highlight class="normal"><sp/><ref refid="class_t_a_l_l_a_g_h___w_1a548597d48b3bbb35ffa2035eee3b645d" kindref="member">GetNumber_of_alcatel</ref>();</highlight></codeline>
<codeline lineno="93"><highlight class="normal"><sp/><sp/><sp/><sp/></highlight><highlight class="keyword">virtual</highlight><highlight class="normal"><sp/></highlight><highlight class="keywordtype">void</highlight><highlight class="normal"><sp/><ref refid="class_t_a_l_l_a_g_h___w_1ae60d0ca1392d87afa206f98d5f1c59d1" kindref="member">SetNumber_of_nokia</ref>(</highlight><highlight class="keywordtype">int</highlight><highlight class="normal"><sp/>_number_of_nokia);</highlight></codeline>
<codeline lineno="94"><highlight class="normal"><sp/><sp/><sp/><sp/></highlight><highlight class="keyword">virtual</highlight><highlight class="normal"><sp/></highlight><highlight class="keywordtype">int</highlight><highlight class="normal"><sp/><ref refid="class_t_a_l_l_a_g_h___w_1a20a127a379a2ebed2bd7ee89ca5661fb" kindref="member">GetNumber_of_nokia</ref>();</highlight></codeline>
<codeline lineno="95"><highlight class="normal"><sp/><sp/><sp/><sp/></highlight><highlight class="keyword">virtual</highlight><highlight class="normal"><sp/></highlight><highlight class="keywordtype">void</highlight><highlight class="normal"><sp/><ref refid="class_t_a_l_l_a_g_h___w_1a94b6a0ce95c1edc5cd0bc195cbedc74f" kindref="member">SetNumber_of_huawei</ref>(</highlight><highlight class="keywordtype">int</highlight><highlight class="normal"><sp/>_number_of_huawei);</highlight></codeline>
<codeline lineno="96"><highlight class="normal"><sp/><sp/><sp/><sp/></highlight><highlight class="keyword">virtual</highlight><highlight class="normal"><sp/></highlight><highlight class="keywordtype">int</highlight><highlight class="normal"><sp/><ref refid="class_t_a_l_l_a_g_h___w_1a0ac4137af5b2aa2e4157c7e85629f064" kindref="member">GetNumber_of_huawei</ref>();</highlight></codeline>
<codeline lineno="97"><highlight class="normal"><sp/><sp/><sp/><sp/></highlight><highlight class="keyword">virtual</highlight><highlight class="normal"><sp/></highlight><highlight class="keywordtype">void</highlight><highlight class="normal"><sp/><ref refid="class_t_a_l_l_a_g_h___w_1a700cbcd6355556eeaa33955e50010641" kindref="member">SetNumber_of_sony</ref>(</highlight><highlight class="keywordtype">int</highlight><highlight class="normal"><sp/>_number_of_sony);</highlight></codeline>
<codeline lineno="98"><highlight class="normal"><sp/><sp/><sp/><sp/></highlight><highlight class="keyword">virtual</highlight><highlight class="normal"><sp/></highlight><highlight class="keywordtype">int</highlight><highlight class="normal"><sp/><ref refid="class_t_a_l_l_a_g_h___w_1a161417e8ef4952c560182735de51a44f" kindref="member">GetNumber_of_sony</ref>();</highlight></codeline>
<codeline lineno="99"><highlight class="normal"><sp/><sp/><sp/><sp/></highlight><highlight class="keyword">virtual</highlight><highlight class="normal"><sp/></highlight><highlight class="keywordtype">void</highlight><highlight class="normal"><sp/><ref refid="class_t_a_l_l_a_g_h___w_1aec915c88a9cce504e58bf9481d897e7e" kindref="member">SetNumber_of_samsung</ref>(</highlight><highlight class="keywordtype">int</highlight><highlight class="normal"><sp/>_number_of_samsung);</highlight></codeline>
<codeline lineno="100"><highlight class="normal"><sp/><sp/><sp/><sp/></highlight><highlight class="keyword">virtual</highlight><highlight class="normal"><sp/></highlight><highlight class="keywordtype">int</highlight><highlight class="normal"><sp/><ref refid="class_t_a_l_l_a_g_h___w_1ad400c7b40f8605f5419b09e946677bbb" kindref="member">GetNumber_of_samsung</ref>();</highlight></codeline>
<codeline lineno="101"><highlight class="normal"><sp/><sp/><sp/><sp/></highlight><highlight class="keyword">virtual</highlight><highlight class="normal"><sp/></highlight><highlight class="keywordtype">void</highlight><highlight class="normal"><sp/><ref refid="class_t_a_l_l_a_g_h___w_1aba9c1573606adb336fd5e94969f2f8e8" kindref="member">SetNumber_of_iphones</ref>(</highlight><highlight class="keywordtype">int</highlight><highlight class="normal"><sp/>_number_of_iphones);</highlight></codeline>
<codeline lineno="102"><highlight class="normal"><sp/><sp/><sp/><sp/></highlight><highlight class="keyword">virtual</highlight><highlight class="normal"><sp/></highlight><highlight class="keywordtype">int</highlight><highlight class="normal"><sp/><ref refid="class_t_a_l_l_a_g_h___w_1ad82b0c59cba2cb442520e35ab6011d17" kindref="member">GetNumber_of_iphones</ref>();</highlight></codeline>
<codeline lineno="103"><highlight class="normal"><sp/><sp/><sp/><sp/></highlight><highlight class="keyword">virtual</highlight><highlight class="normal"><sp/></highlight><highlight class="keywordtype">void</highlight><highlight class="normal"><sp/><ref refid="class_t_a_l_l_a_g_h___w_1a3ab6212769f348c15cd2d242af70ea02" kindref="member">SetShop_name</ref>(std::string<sp/>_shop_name);</highlight></codeline>
<codeline lineno="104"><highlight class="normal"><sp/><sp/><sp/><sp/></highlight><highlight class="keyword">virtual</highlight><highlight class="normal"><sp/>std::string<sp/><ref refid="class_t_a_l_l_a_g_h___w_1a3baca7e101bfde39d7a1bf91d99c4f51" kindref="member">GetShop_name</ref>();</highlight></codeline>
<codeline lineno="105"><highlight class="normal"><sp/><sp/><sp/><sp/></highlight><highlight class="keyword">virtual</highlight><highlight class="normal"><sp/></highlight><highlight class="keywordtype">void</highlight><highlight class="normal"><sp/><ref refid="class_t_a_l_l_a_g_h___w_1a45bd91f41ac4d384b4281e6572bc2f8a" kindref="member">SetShop_address</ref>(std::string<sp/>_shop_address);</highlight></codeline>
<codeline lineno="106"><highlight class="normal"><sp/><sp/><sp/><sp/></highlight><highlight class="keyword">virtual</highlight><highlight class="normal"><sp/>std::string<sp/><ref refid="class_t_a_l_l_a_g_h___w_1a591b5f445be4f3b636b415e7b614b82c" kindref="member">GetShop_address</ref>();</highlight></codeline>
<codeline lineno="107"><highlight class="normal"><sp/><sp/><sp/><sp/></highlight></codeline>
<codeline lineno="108"><highlight class="normal"><sp/><sp/><sp/><sp/></highlight></codeline>
<codeline lineno="109"><highlight class="normal"></highlight><highlight class="keyword">private</highlight><highlight class="normal">:</highlight></codeline>
<codeline lineno="110"><highlight class="normal"><sp/><sp/><sp/><sp/>std::string<sp/>_shop_address;</highlight></codeline>
<codeline lineno="111"><highlight class="normal"><sp/><sp/><sp/><sp/>std::string<sp/>_shop_name;</highlight></codeline>
<codeline lineno="112"><highlight class="normal"><sp/><sp/><sp/><sp/></highlight><highlight class="keywordtype">int</highlight><highlight class="normal"><sp/>_number_of_iphones;</highlight></codeline>
<codeline lineno="113"><highlight class="normal"><sp/><sp/><sp/><sp/></highlight><highlight class="keywordtype">int</highlight><highlight class="normal"><sp/>_number_of_samsung;</highlight></codeline>
<codeline lineno="114"><highlight class="normal"><sp/><sp/><sp/><sp/></highlight><highlight class="keywordtype">int</highlight><highlight class="normal"><sp/>_number_of_sony;</highlight></codeline>
<codeline lineno="115"><highlight class="normal"><sp/><sp/><sp/><sp/></highlight><highlight class="keywordtype">int</highlight><highlight class="normal"><sp/>_number_of_huawei;</highlight></codeline>
<codeline lineno="116"><highlight class="normal"><sp/><sp/><sp/><sp/></highlight><highlight class="keywordtype">int</highlight><highlight class="normal"><sp/>_number_of_nokia;</highlight></codeline>
<codeline lineno="117"><highlight class="normal"><sp/><sp/><sp/><sp/></highlight><highlight class="keywordtype">int</highlight><highlight class="normal"><sp/>_number_of_alcatel;</highlight></codeline>
<codeline lineno="118"><highlight class="normal"></highlight></codeline>
<codeline lineno="119"><highlight class="normal">};</highlight></codeline>
<codeline lineno="120"><highlight class="normal"></highlight></codeline>
<codeline lineno="121"><highlight class="normal"></highlight><highlight class="preprocessor">#endif<sp/></highlight><highlight class="comment">/*<sp/>TALLAGH_W_H<sp/>*/</highlight><highlight class="preprocessor"></highlight><highlight class="normal"></highlight></codeline>
<codeline lineno="122"><highlight class="normal"></highlight></codeline>
    </programlisting>
    <location file="TALLAGH_W.h"/>
  </compounddef>
</doxygen>
