<?xml version='1.0' encoding='UTF-8' standalone='no'?>
<doxygen xmlns:xsi="http://www.w3.org/2001/XMLSchema-instance" xsi:noNamespaceSchemaLocation="compound.xsd" version="1.8.11">
  <compounddef id="_t_x_8h" kind="file" language="C++">
    <compoundname>TX.h</compoundname>
    <includes local="no">cstdlib</includes>
    <includes local="no">utility</includes>
    <includes local="no">map</includes>
    <includes local="no">iostream</includes>
    <includes local="no">mutex</includes>
    <includes local="no">unistd.h</includes>
    <includes local="no">memory</includes>
    <includes local="no">stdio.h</includes>
    <includes local="no">thread</includes>
    <includes refid="_o_s_t_m_8h" local="yes">OSTM.h</includes>
    <includedby refid="_t_m_8h" local="yes">TM.h</includedby>
    <includedby refid="_t_x_8cpp" local="yes">TX.cpp</includedby>
    <incdepgraph>
      <node id="778">
        <label>TX.h</label>
        <link refid="TX.h"/>
        <childnode refid="779" relation="include">
        </childnode>
        <childnode refid="780" relation="include">
        </childnode>
        <childnode refid="781" relation="include">
        </childnode>
        <childnode refid="782" relation="include">
        </childnode>
        <childnode refid="783" relation="include">
        </childnode>
        <childnode refid="784" relation="include">
        </childnode>
        <childnode refid="785" relation="include">
        </childnode>
        <childnode refid="786" relation="include">
        </childnode>
        <childnode refid="787" relation="include">
        </childnode>
        <childnode refid="788" relation="include">
        </childnode>
      </node>
      <node id="789">
        <label>string</label>
      </node>
      <node id="781">
        <label>map</label>
      </node>
      <node id="788">
        <label>OSTM.h</label>
        <link refid="_o_s_t_m_8h"/>
        <childnode refid="783" relation="include">
        </childnode>
        <childnode refid="785" relation="include">
        </childnode>
        <childnode refid="789" relation="include">
        </childnode>
        <childnode refid="782" relation="include">
        </childnode>
      </node>
      <node id="784">
        <label>unistd.h</label>
      </node>
      <node id="780">
        <label>utility</label>
      </node>
      <node id="779">
        <label>cstdlib</label>
      </node>
      <node id="782">
        <label>iostream</label>
      </node>
      <node id="783">
        <label>mutex</label>
      </node>
      <node id="787">
        <label>thread</label>
      </node>
      <node id="786">
        <label>stdio.h</label>
      </node>
      <node id="785">
        <label>memory</label>
      </node>
    </incdepgraph>
    <invincdepgraph>
      <node id="790">
        <label>TX.h</label>
        <link refid="TX.h"/>
        <childnode refid="791" relation="include">
        </childnode>
        <childnode refid="794" relation="include">
        </childnode>
      </node>
      <node id="791">
        <label>TM.h</label>
        <link refid="_t_m_8h"/>
        <childnode refid="792" relation="include">
        </childnode>
        <childnode refid="793" relation="include">
        </childnode>
      </node>
      <node id="793">
        <label>TM.cpp</label>
        <link refid="_t_m_8cpp"/>
      </node>
      <node id="794">
        <label>TX.cpp</label>
        <link refid="_t_x_8cpp"/>
      </node>
      <node id="792">
        <label>main.cpp</label>
        <link refid="main_8cpp"/>
      </node>
    </invincdepgraph>
    <innerclass refid="class_t_x" prot="public">TX</innerclass>
    <briefdescription>
    </briefdescription>
    <detaileddescription>
    </detaileddescription>
    <programlisting>
<codeline lineno="1"><highlight class="comment">/*<sp/></highlight></codeline>
<codeline lineno="2"><highlight class="comment"><sp/>*<sp/>File:<sp/><sp/><sp/>TX.h</highlight></codeline>
<codeline lineno="3"><highlight class="comment"><sp/>*<sp/>Author:<sp/>Zoltan<sp/>Fuzesi</highlight></codeline>
<codeline lineno="4"><highlight class="comment"><sp/>*<sp/></highlight></codeline>
<codeline lineno="5"><highlight class="comment"><sp/>*<sp/>Created<sp/>on<sp/>December<sp/>18,<sp/>2017,<sp/>2:09<sp/>PM</highlight></codeline>
<codeline lineno="6"><highlight class="comment"><sp/>*<sp/>Transaction<sp/>class<sp/>fields<sp/>and<sp/>methods<sp/>declarations</highlight></codeline>
<codeline lineno="7"><highlight class="comment"><sp/>*/</highlight><highlight class="normal"></highlight></codeline>
<codeline lineno="8"><highlight class="normal"></highlight></codeline>
<codeline lineno="9"><highlight class="normal"></highlight><highlight class="preprocessor">#ifndef<sp/>TX_H</highlight><highlight class="normal"></highlight></codeline>
<codeline lineno="10"><highlight class="normal"></highlight><highlight class="preprocessor">#define<sp/>TX_H</highlight><highlight class="normal"></highlight></codeline>
<codeline lineno="11"><highlight class="normal"></highlight><highlight class="preprocessor">#include<sp/>&lt;cstdlib&gt;</highlight><highlight class="normal"></highlight></codeline>
<codeline lineno="12"><highlight class="normal"></highlight><highlight class="preprocessor">#include<sp/>&lt;utility&gt;</highlight><highlight class="normal"></highlight></codeline>
<codeline lineno="13"><highlight class="normal"></highlight><highlight class="preprocessor">#include<sp/>&lt;map&gt;</highlight><highlight class="normal"></highlight></codeline>
<codeline lineno="14"><highlight class="normal"></highlight><highlight class="preprocessor">#include<sp/>&lt;iostream&gt;</highlight><highlight class="normal"></highlight></codeline>
<codeline lineno="15"><highlight class="normal"></highlight><highlight class="preprocessor">#include<sp/>&lt;mutex&gt;</highlight><highlight class="normal"></highlight></codeline>
<codeline lineno="16"><highlight class="normal"></highlight><highlight class="preprocessor">#include<sp/>&lt;unistd.h&gt;</highlight><highlight class="normal"></highlight></codeline>
<codeline lineno="17"><highlight class="normal"></highlight><highlight class="comment">//#include<sp/>&lt;io.h&gt;</highlight><highlight class="normal"></highlight></codeline>
<codeline lineno="18"><highlight class="normal"></highlight><highlight class="preprocessor">#include<sp/>&lt;memory&gt;</highlight><highlight class="normal"></highlight></codeline>
<codeline lineno="19"><highlight class="normal"></highlight><highlight class="comment">//#include<sp/>&lt;process.h&gt;</highlight><highlight class="normal"></highlight></codeline>
<codeline lineno="20"><highlight class="normal"></highlight><highlight class="preprocessor">#include<sp/>&lt;stdio.h&gt;</highlight><highlight class="normal"></highlight></codeline>
<codeline lineno="21"><highlight class="normal"></highlight><highlight class="preprocessor">#include<sp/>&lt;thread&gt;</highlight><highlight class="normal"></highlight></codeline>
<codeline lineno="22"><highlight class="normal"></highlight><highlight class="preprocessor">#include<sp/>&quot;<ref refid="_o_s_t_m_8h" kindref="compound">OSTM.h</ref>&quot;</highlight><highlight class="normal"></highlight></codeline>
<codeline lineno="23"><highlight class="normal"></highlight></codeline>
<codeline lineno="24"><highlight class="normal"></highlight><highlight class="keyword">class<sp/></highlight><highlight class="normal"><ref refid="class_t_m" kindref="compound">TM</ref>;</highlight></codeline>
<codeline lineno="25"><highlight class="normal"></highlight></codeline>
<codeline lineno="26" refid="class_t_x" refkind="compound"><highlight class="normal"></highlight><highlight class="keyword">class<sp/></highlight><highlight class="normal"><ref refid="class_t_x" kindref="compound">TX</ref><sp/>{</highlight></codeline>
<codeline lineno="27"><highlight class="normal"></highlight><highlight class="keyword">public</highlight><highlight class="normal">:</highlight></codeline>
<codeline lineno="31"><highlight class="normal"><sp/><sp/><sp/><sp/><ref refid="class_t_x_1a8a4b83eab0171ae834bfa92bbced1094" kindref="member">TX</ref>(std::thread::id<sp/></highlight><highlight class="keywordtype">id</highlight><highlight class="normal">);</highlight></codeline>
<codeline lineno="35"><highlight class="normal"><sp/><sp/><sp/><sp/><ref refid="class_t_x_1abecf854cc3228ab6dd51175b3cd1c70a" kindref="member">~TX</ref>();</highlight></codeline>
<codeline lineno="39"><highlight class="normal"><sp/><sp/><sp/><sp/><ref refid="class_t_x_1a8a4b83eab0171ae834bfa92bbced1094" kindref="member">TX</ref>(</highlight><highlight class="keyword">const</highlight><highlight class="normal"><sp/><ref refid="class_t_x" kindref="compound">TX</ref>&amp;<sp/>orig);</highlight></codeline>
<codeline lineno="43"><highlight class="normal"><sp/><sp/><sp/><sp/></highlight><highlight class="keywordtype">void</highlight><highlight class="normal"><sp/><ref refid="class_t_x_1aa9739c5c2077454c779098db7baefc2b" kindref="member">ostm_exit</ref>();</highlight></codeline>
<codeline lineno="44"><highlight class="normal"><sp/><sp/><sp/><sp/></highlight></codeline>
<codeline lineno="48"><highlight class="normal"><sp/><sp/><sp/><sp/></highlight><highlight class="keywordtype">void</highlight><highlight class="normal"><sp/><ref refid="class_t_x_1abc32af2f51df97ac483e5bfe7db6ca6e" kindref="member">_register</ref>(std::shared_ptr&lt;OSTM&gt;<sp/><sp/></highlight><highlight class="keywordtype">object</highlight><highlight class="normal">);</highlight></codeline>
<codeline lineno="52"><highlight class="normal"><sp/><sp/><sp/><sp/>std::shared_ptr&lt;OSTM&gt;<sp/><sp/><ref refid="class_t_x_1a1d78262b8831ddd042ed491f2e600e24" kindref="member">load</ref>(std::shared_ptr&lt;OSTM&gt;<sp/><sp/></highlight><highlight class="keywordtype">object</highlight><highlight class="normal">);</highlight></codeline>
<codeline lineno="56"><highlight class="normal"><sp/><sp/><sp/><sp/></highlight><highlight class="keywordtype">void</highlight><highlight class="normal"><sp/><ref refid="class_t_x_1a7dbcb369aa4a3370b6c6829d278ece5d" kindref="member">store</ref>(std::shared_ptr&lt;OSTM&gt;<sp/><sp/></highlight><highlight class="keywordtype">object</highlight><highlight class="normal">);</highlight></codeline>
<codeline lineno="60"><highlight class="normal"><sp/><sp/><sp/><sp/></highlight><highlight class="keywordtype">bool</highlight><highlight class="normal"><sp/><ref refid="class_t_x_1a9dde5d356b35e557448e58d260087356" kindref="member">commit</ref>();</highlight></codeline>
<codeline lineno="64"><highlight class="normal"><sp/><sp/><sp/><sp/></highlight><highlight class="keywordtype">void</highlight><highlight class="normal"><sp/><ref refid="class_t_x_1a1384bdf12d795854b5d32e7f61ffbdb8" kindref="member">_increase_tx_nesting</ref>();</highlight></codeline>
<codeline lineno="68"><highlight class="normal"><sp/><sp/><sp/><sp/></highlight><highlight class="keywordtype">void</highlight><highlight class="normal"><sp/><ref refid="class_t_x_1aa3ac499f576326588628ade96b27b4b1" kindref="member">_decrease_tx_nesting</ref>();</highlight></codeline>
<codeline lineno="72" refid="class_t_x_1adf1ccda799ef5c419cb43b8ae55eb45c" refkind="member"><highlight class="normal"><sp/><sp/><sp/><sp/></highlight><highlight class="keyword">friend</highlight><highlight class="normal"><sp/></highlight><highlight class="keyword">class<sp/></highlight><highlight class="normal"><ref refid="class_t_m" kindref="compound">TM</ref>;</highlight></codeline>
<codeline lineno="73"><highlight class="normal"><sp/><sp/><sp/><sp/></highlight><highlight class="comment">/*</highlight></codeline>
<codeline lineno="74"><highlight class="comment"><sp/><sp/><sp/><sp/><sp/>*<sp/>\brief<sp/>ONLY<sp/>FOR<sp/>TESTING!!!<sp/>returning<sp/>the<sp/>number<sp/>of<sp/>rollback<sp/>happened<sp/>during<sp/>transactions</highlight></codeline>
<codeline lineno="75"><highlight class="comment"><sp/><sp/><sp/><sp/><sp/>*/</highlight><highlight class="normal"></highlight></codeline>
<codeline lineno="76"><highlight class="normal"><sp/><sp/><sp/><sp/></highlight><highlight class="keywordtype">int</highlight><highlight class="normal"><sp/><ref refid="class_t_x_1ae9bf97930c4670f59d334b345353a71e" kindref="member">getTest_counter</ref>();</highlight></codeline>
<codeline lineno="80" refid="class_t_x_1a25838234aab99ae891a90eb8623a8b3c" refkind="member"><highlight class="normal"><sp/><sp/><sp/><sp/></highlight><highlight class="keyword">static</highlight><highlight class="normal"><sp/></highlight><highlight class="keywordtype">int</highlight><highlight class="normal"><sp/><ref refid="class_t_x_1a25838234aab99ae891a90eb8623a8b3c" kindref="member">test_counter</ref>;</highlight></codeline>
<codeline lineno="81"><highlight class="normal"><sp/><sp/><sp/><sp/></highlight><highlight class="comment">/*</highlight></codeline>
<codeline lineno="82"><highlight class="comment"><sp/><sp/><sp/><sp/><sp/>*<sp/>TESTING<sp/>ONLY</highlight></codeline>
<codeline lineno="83"><highlight class="comment"><sp/><sp/><sp/><sp/><sp/>*/</highlight><highlight class="normal"></highlight></codeline>
<codeline lineno="84"><highlight class="normal"><sp/><sp/><sp/><sp/></highlight><highlight class="keywordtype">void</highlight><highlight class="normal"><sp/><ref refid="class_t_x_1a3d96ed91eb9ec73e16589f705661c5a7" kindref="member">_print_all_tx</ref>()<sp/>;</highlight></codeline>
<codeline lineno="85"><highlight class="normal"></highlight></codeline>
<codeline lineno="86"><highlight class="normal"></highlight></codeline>
<codeline lineno="87"><highlight class="normal"></highlight><highlight class="keyword">private</highlight><highlight class="normal">:</highlight></codeline>
<codeline lineno="92"><highlight class="normal"><sp/><sp/><sp/><sp/>std::map&lt;<sp/>int,<sp/>std::shared_ptr&lt;OSTM&gt;<sp/><sp/>&gt;<sp/>working_Map_collection;</highlight></codeline>
<codeline lineno="98"><highlight class="normal"><sp/><sp/><sp/><sp/>std::thread::id<sp/>transaction_Number;</highlight></codeline>
<codeline lineno="102"><highlight class="normal"><sp/><sp/><sp/><sp/></highlight><highlight class="keywordtype">int</highlight><highlight class="normal"><sp/>_tx_nesting_level;</highlight></codeline>
<codeline lineno="103"><highlight class="normal"><sp/><sp/><sp/><sp/></highlight></codeline>
<codeline lineno="108"><highlight class="normal"><sp/><sp/><sp/><sp/></highlight><highlight class="keyword">static</highlight><highlight class="normal"><sp/>std::map&lt;int,<sp/>std::shared_ptr&lt;OSTM&gt;<sp/><sp/>&gt;main_Process_Map_collection;</highlight></codeline>
<codeline lineno="113"><highlight class="normal"><sp/><sp/><sp/><sp/></highlight><highlight class="keyword">static</highlight><highlight class="normal"><sp/>std::map&lt;int,<sp/>std::map&lt;<sp/>int,<sp/>int<sp/>&gt;&gt;<sp/>process_map_collection;</highlight></codeline>
<codeline lineno="114"><highlight class="normal"><sp/><sp/><sp/><sp/></highlight><highlight class="comment">//static<sp/>std::map&lt;pid_t,<sp/>std::map&lt;<sp/>int,<sp/>std::pair&lt;ppid,<sp/>int&gt;<sp/><sp/>&gt;&gt;<sp/>process_map_collection;</highlight></codeline>
<codeline lineno="118"><highlight class="comment"></highlight><highlight class="normal"><sp/><sp/><sp/><sp/>std::map&lt;<sp/>int<sp/>,<sp/>int<sp/>&gt;<sp/>get_thread_Map();</highlight></codeline>
<codeline lineno="122"><highlight class="normal"><sp/><sp/><sp/><sp/></highlight><highlight class="keyword">static</highlight><highlight class="normal"><sp/>std::mutex<sp/>register_Lock;</highlight></codeline>
<codeline lineno="126"><highlight class="normal"><sp/><sp/><sp/><sp/></highlight><highlight class="keyword">const</highlight><highlight class="normal"><sp/>std::thread::id<sp/>_get_tx_number()<sp/></highlight><highlight class="keyword">const</highlight><highlight class="normal">;</highlight></codeline>
<codeline lineno="127"><highlight class="normal"><sp/><sp/><sp/></highlight></codeline>
<codeline lineno="131"><highlight class="normal"><sp/><sp/><sp/><sp/></highlight><highlight class="keywordtype">void</highlight><highlight class="normal"><sp/>_release_object_lock();</highlight></codeline>
<codeline lineno="135"><highlight class="normal"><sp/><sp/><sp/><sp/></highlight><highlight class="keywordtype">void</highlight><highlight class="normal"><sp/>th_exit();</highlight></codeline>
<codeline lineno="136"><highlight class="normal"><sp/><sp/><sp/><sp/></highlight></codeline>
<codeline lineno="137"><highlight class="normal"><sp/><sp/><sp/><sp/></highlight></codeline>
<codeline lineno="138"><highlight class="normal"></highlight></codeline>
<codeline lineno="139"><highlight class="normal">};</highlight></codeline>
<codeline lineno="140"><highlight class="normal"></highlight><highlight class="preprocessor">#endif<sp/>//<sp/>_TX_H_</highlight></codeline>
    </programlisting>
    <location file="TX.h"/>
  </compounddef>
</doxygen>
