<?xml version='1.0' encoding='UTF-8' standalone='no'?>
<doxygen xmlns:xsi="http://www.w3.org/2001/XMLSchema-instance" xsi:noNamespaceSchemaLocation="compound.xsd" version="1.8.11">
  <compounddef id="_u_l_s_t_e_r_8cpp" kind="file" language="C++">
    <compoundname>ULSTER.cpp</compoundname>
    <includes refid="_u_l_s_t_e_r_8h" local="yes">ULSTER.h</includes>
    <incdepgraph>
      <node id="801">
        <label>string</label>
      </node>
      <node id="798">
        <label>OSTM.h</label>
        <link refid="_o_s_t_m_8h"/>
        <childnode refid="799" relation="include">
        </childnode>
        <childnode refid="800" relation="include">
        </childnode>
        <childnode refid="801" relation="include">
        </childnode>
        <childnode refid="802" relation="include">
        </childnode>
      </node>
      <node id="795">
        <label>ULSTER.cpp</label>
        <link refid="ULSTER.cpp"/>
        <childnode refid="796" relation="include">
        </childnode>
      </node>
      <node id="802">
        <label>iostream</label>
      </node>
      <node id="796">
        <label>ULSTER.h</label>
        <link refid="_u_l_s_t_e_r_8h"/>
        <childnode refid="797" relation="include">
        </childnode>
        <childnode refid="801" relation="include">
        </childnode>
        <childnode refid="800" relation="include">
        </childnode>
        <childnode refid="802" relation="include">
        </childnode>
      </node>
      <node id="799">
        <label>mutex</label>
      </node>
      <node id="797">
        <label>BANK.h</label>
        <link refid="_b_a_n_k_8h"/>
        <childnode refid="798" relation="include">
        </childnode>
      </node>
      <node id="800">
        <label>memory</label>
      </node>
    </incdepgraph>
    <briefdescription>
    </briefdescription>
    <detaileddescription>
    </detaileddescription>
    <programlisting>
<codeline lineno="1"><highlight class="normal"></highlight></codeline>
<codeline lineno="2"><highlight class="normal"></highlight><highlight class="comment">/*<sp/></highlight></codeline>
<codeline lineno="3"><highlight class="comment"><sp/>*<sp/>File:<sp/><sp/><sp/>ULSTER.cpp</highlight></codeline>
<codeline lineno="4"><highlight class="comment"><sp/>*<sp/>Author:<sp/>Zoltan<sp/>Fuzesi</highlight></codeline>
<codeline lineno="5"><highlight class="comment"><sp/>*<sp/>IT<sp/>Carlow<sp/>:<sp/>C00197361</highlight></codeline>
<codeline lineno="6"><highlight class="comment"><sp/>*</highlight></codeline>
<codeline lineno="7"><highlight class="comment"><sp/>*<sp/>Created<sp/>on<sp/>January<sp/>17,<sp/>2018,<sp/>8:02<sp/>PM</highlight></codeline>
<codeline lineno="8"><highlight class="comment"><sp/>*/</highlight><highlight class="normal"></highlight></codeline>
<codeline lineno="9"><highlight class="normal"></highlight></codeline>
<codeline lineno="10"><highlight class="normal"></highlight><highlight class="preprocessor">#include<sp/>&quot;<ref refid="_u_l_s_t_e_r_8h" kindref="compound">ULSTER.h</ref>&quot;</highlight><highlight class="normal"></highlight></codeline>
<codeline lineno="11"><highlight class="normal"></highlight></codeline>
<codeline lineno="12"><highlight class="normal"></highlight><highlight class="comment">//ULSTER::ULSTER()<sp/>{</highlight><highlight class="normal"></highlight></codeline>
<codeline lineno="13"><highlight class="normal"></highlight><highlight class="comment">//}</highlight><highlight class="normal"></highlight></codeline>
<codeline lineno="14"><highlight class="normal"></highlight></codeline>
<codeline lineno="15" refid="class_u_l_s_t_e_r_1ad8847497742850609cd4748bbb6d0a8e" refkind="member"><highlight class="normal"><ref refid="class_u_l_s_t_e_r_1a637ad8cb5537167ab51cd079637a8323" kindref="member">ULSTER::ULSTER</ref>(</highlight><highlight class="keyword">const</highlight><highlight class="normal"><sp/><ref refid="class_u_l_s_t_e_r" kindref="compound">ULSTER</ref>&amp;<sp/>orig)<sp/>{</highlight></codeline>
<codeline lineno="16"><highlight class="normal">}</highlight></codeline>
<codeline lineno="17"><highlight class="normal"></highlight></codeline>
<codeline lineno="18" refid="class_u_l_s_t_e_r_1a4ceb68bdbc806f74f9e55096f8223453" refkind="member"><highlight class="normal"><ref refid="class_u_l_s_t_e_r_1a4ceb68bdbc806f74f9e55096f8223453" kindref="member">ULSTER::~ULSTER</ref>()<sp/>{</highlight></codeline>
<codeline lineno="19"><highlight class="normal">}</highlight></codeline>
<codeline lineno="25" refid="class_u_l_s_t_e_r_1ad0c05e562b0c67283edfa4940c9aa728" refkind="member"><highlight class="normal">std::shared_ptr&lt;OSTM&gt;<sp/><ref refid="class_u_l_s_t_e_r_1ad0c05e562b0c67283edfa4940c9aa728" kindref="member">ULSTER::getBaseCopy</ref>(std::shared_ptr&lt;OSTM&gt;<sp/></highlight><highlight class="keywordtype">object</highlight><highlight class="normal">)</highlight></codeline>
<codeline lineno="26"><highlight class="normal">{</highlight></codeline>
<codeline lineno="27"><highlight class="normal"><sp/><sp/><sp/><sp/>std::shared_ptr&lt;BANK&gt;<sp/>objTO<sp/>=<sp/>std::dynamic_pointer_cast&lt;<ref refid="class_b_a_n_k" kindref="compound">BANK</ref>&gt;(object);</highlight></codeline>
<codeline lineno="28"><highlight class="normal"><sp/><sp/><sp/><sp/>std::shared_ptr&lt;BANK&gt;<sp/>obj(</highlight><highlight class="keyword">new</highlight><highlight class="normal"><sp/><ref refid="class_u_l_s_t_e_r_1a637ad8cb5537167ab51cd079637a8323" kindref="member">ULSTER</ref>(objTO,object-&gt;Get_Version(),</highlight><highlight class="keywordtype">object</highlight><highlight class="normal">-&gt;Get_Unique_ID()));<sp/></highlight></codeline>
<codeline lineno="29"><highlight class="normal"><sp/><sp/><sp/><sp/>std::shared_ptr&lt;OSTM&gt;<sp/>ostm_obj<sp/>=<sp/>std::dynamic_pointer_cast&lt;<ref refid="class_o_s_t_m" kindref="compound">OSTM</ref>&gt;(obj);<sp/><sp/><sp/><sp/><sp/><sp/><sp/><sp/><sp/><sp/><sp/><sp/><sp/><sp/><sp/><sp/><sp/><sp/><sp/><sp/><sp/><sp/><sp/><sp/><sp/><sp/><sp/><sp/><sp/><sp/><sp/><sp/><sp/><sp/></highlight></codeline>
<codeline lineno="30"><highlight class="normal"><sp/><sp/><sp/><sp/></highlight><highlight class="keywordflow">return</highlight><highlight class="normal"><sp/>ostm_obj;</highlight></codeline>
<codeline lineno="31"><highlight class="normal">}</highlight></codeline>
<codeline lineno="37" refid="class_u_l_s_t_e_r_1aeef5c3e20f2a82344b4b83e5ccf4cc40" refkind="member"><highlight class="keywordtype">void</highlight><highlight class="normal"><sp/><ref refid="class_u_l_s_t_e_r_1aeef5c3e20f2a82344b4b83e5ccf4cc40" kindref="member">ULSTER::copy</ref>(std::shared_ptr&lt;OSTM&gt;<sp/>to,<sp/>std::shared_ptr&lt;OSTM&gt;<sp/>from){</highlight></codeline>
<codeline lineno="38"><highlight class="normal"></highlight></codeline>
<codeline lineno="39"><highlight class="normal"><sp/><sp/><sp/><sp/>std::shared_ptr&lt;ULSTER&gt;<sp/>objTO<sp/>=<sp/>std::dynamic_pointer_cast&lt;<ref refid="class_u_l_s_t_e_r" kindref="compound">ULSTER</ref>&gt;(to);</highlight></codeline>
<codeline lineno="40"><highlight class="normal"><sp/><sp/><sp/><sp/>std::shared_ptr&lt;ULSTER&gt;<sp/>objFROM<sp/>=<sp/>std::dynamic_pointer_cast&lt;<ref refid="class_u_l_s_t_e_r" kindref="compound">ULSTER</ref>&gt;(from);</highlight></codeline>
<codeline lineno="41"><highlight class="normal"><sp/><sp/><sp/><sp/>objTO-&gt;<ref refid="class_o_s_t_m_1ab5019a32185631c08abbf826422f2d93" kindref="member">Set_Unique_ID</ref>(objFROM-&gt;Get_Unique_ID());</highlight></codeline>
<codeline lineno="42"><highlight class="normal"><sp/><sp/><sp/><sp/>objTO-&gt;Set_Version(objFROM-&gt;Get_Version());</highlight></codeline>
<codeline lineno="43"><highlight class="normal"><sp/><sp/><sp/><sp/>objTO-&gt;SetAccountNumber(objFROM-&gt;GetAccountNumber());</highlight></codeline>
<codeline lineno="44"><highlight class="normal"><sp/><sp/><sp/><sp/>objTO-&gt;SetBalance(objFROM-&gt;GetBalance());</highlight></codeline>
<codeline lineno="45"><highlight class="normal"></highlight></codeline>
<codeline lineno="46"><highlight class="normal"><sp/><sp/><sp/><sp/></highlight></codeline>
<codeline lineno="47"><highlight class="normal">}</highlight></codeline>
<codeline lineno="51"><highlight class="comment">//std::shared_ptr&lt;ULSTER&gt;<sp/>ULSTER::_cast(std::shared_ptr&lt;OSTM&gt;<sp/>_object){</highlight><highlight class="normal"></highlight></codeline>
<codeline lineno="52"><highlight class="normal"></highlight><highlight class="comment">//</highlight><highlight class="normal"></highlight></codeline>
<codeline lineno="53"><highlight class="normal"></highlight><highlight class="comment">//<sp/><sp/><sp/><sp/>return<sp/>static_cast&lt;std::shared_ptr&lt;ULSTER&gt;&gt;(_object);</highlight><highlight class="normal"></highlight></codeline>
<codeline lineno="54"><highlight class="normal"></highlight><highlight class="comment">//}</highlight></codeline>
<codeline lineno="58" refid="class_u_l_s_t_e_r_1a341bbcb3f7d6ef10f30d4734ceed10ee" refkind="member"><highlight class="comment"></highlight><highlight class="keywordtype">void</highlight><highlight class="normal"><sp/><ref refid="class_u_l_s_t_e_r_1a341bbcb3f7d6ef10f30d4734ceed10ee" kindref="member">ULSTER::toString</ref>()</highlight></codeline>
<codeline lineno="59"><highlight class="normal">{</highlight></codeline>
<codeline lineno="60"><highlight class="normal"><sp/><sp/><sp/>std::cout<sp/>&lt;&lt;<sp/></highlight><highlight class="stringliteral">&quot;\nULSTER<sp/>BANK&quot;</highlight><highlight class="normal"><sp/>&lt;&lt;<sp/></highlight><highlight class="stringliteral">&quot;\nUnique<sp/>ID<sp/>:<sp/>&quot;</highlight><highlight class="normal"><sp/>&lt;&lt;<sp/>this-&gt;<ref refid="class_o_s_t_m_1a5a01a8b98d16b1d1904ecf9356e7b71d" kindref="member">Get_Unique_ID</ref>()<sp/>&lt;&lt;<sp/></highlight><highlight class="stringliteral">&quot;\nInt<sp/>account<sp/>:<sp/>&quot;</highlight><highlight class="normal"><sp/>&lt;&lt;<sp/>this-&gt;<ref refid="class_u_l_s_t_e_r_1a1ad672ae865a9f559bf4d3c33c243d63" kindref="member">GetAccountNumber</ref>()<sp/>&lt;&lt;<sp/></highlight><highlight class="stringliteral">&quot;\nDouble<sp/>value<sp/>:<sp/>&quot;</highlight><highlight class="normal"><sp/>&lt;&lt;<sp/>this-&gt;<ref refid="class_u_l_s_t_e_r_1ae70da9686ac038862900182a984e56eb" kindref="member">GetBalance</ref>()<sp/>&lt;&lt;<sp/></highlight><highlight class="stringliteral">&quot;\nFirst<sp/>name:<sp/>&quot;</highlight><highlight class="normal"><sp/>&lt;&lt;<sp/>this-&gt;<ref refid="class_u_l_s_t_e_r_1a85ee4e42d9b309608d8dfbedac65ff27" kindref="member">GetFirstName</ref>()<sp/>&lt;&lt;<sp/></highlight><highlight class="stringliteral">&quot;\nLast<sp/>name<sp/>:<sp/>&quot;</highlight><highlight class="normal"><sp/>&lt;&lt;<sp/>this-&gt;<ref refid="class_u_l_s_t_e_r_1a9320b012bccda4ebf6b41c9ed972743c" kindref="member">GetLastName</ref>()<sp/><sp/>&lt;&lt;<sp/></highlight><highlight class="stringliteral">&quot;\nVersion<sp/>number<sp/>:<sp/>&quot;</highlight><highlight class="normal"><sp/>&lt;&lt;<sp/>this-&gt;<ref refid="class_o_s_t_m_1a1f1db9d482f22c8e7caa17dfb340626b" kindref="member">Get_Version</ref>()<sp/>&lt;&lt;<sp/>std::endl;</highlight></codeline>
<codeline lineno="61"><highlight class="normal">}</highlight></codeline>
<codeline lineno="62"><highlight class="normal"></highlight></codeline>
<codeline lineno="63" refid="class_u_l_s_t_e_r_1a5b0662f0524ce8ce710881a05b431fad" refkind="member"><highlight class="normal"></highlight><highlight class="keywordtype">void</highlight><highlight class="normal"><sp/><ref refid="class_u_l_s_t_e_r_1a5b0662f0524ce8ce710881a05b431fad" kindref="member">ULSTER::SetAddress</ref>(std::string<sp/>address)<sp/>{</highlight></codeline>
<codeline lineno="64"><highlight class="normal"><sp/><sp/><sp/><sp/>this-&gt;address<sp/>=<sp/>address;</highlight></codeline>
<codeline lineno="65"><highlight class="normal">}</highlight></codeline>
<codeline lineno="66"><highlight class="normal"></highlight></codeline>
<codeline lineno="67" refid="class_u_l_s_t_e_r_1ac31a16a960e53ea592b0d809a3ba167d" refkind="member"><highlight class="normal">std::string<sp/><ref refid="class_u_l_s_t_e_r_1ac31a16a960e53ea592b0d809a3ba167d" kindref="member">ULSTER::GetAddress</ref>()</highlight><highlight class="keyword"><sp/>const<sp/></highlight><highlight class="normal">{</highlight></codeline>
<codeline lineno="68"><highlight class="normal"><sp/><sp/><sp/><sp/></highlight><highlight class="keywordflow">return</highlight><highlight class="normal"><sp/>address;</highlight></codeline>
<codeline lineno="69"><highlight class="normal">}</highlight></codeline>
<codeline lineno="70"><highlight class="normal"></highlight></codeline>
<codeline lineno="71" refid="class_u_l_s_t_e_r_1a288ded3e96cf65a066f13529db94b182" refkind="member"><highlight class="normal"></highlight><highlight class="keywordtype">void</highlight><highlight class="normal"><sp/><ref refid="class_u_l_s_t_e_r_1a288ded3e96cf65a066f13529db94b182" kindref="member">ULSTER::SetBalance</ref>(</highlight><highlight class="keywordtype">double</highlight><highlight class="normal"><sp/>balance)<sp/>{</highlight></codeline>
<codeline lineno="72"><highlight class="normal"><sp/><sp/><sp/><sp/>this-&gt;balance<sp/>=<sp/>balance;</highlight></codeline>
<codeline lineno="73"><highlight class="normal">}</highlight></codeline>
<codeline lineno="74"><highlight class="normal"></highlight></codeline>
<codeline lineno="75" refid="class_u_l_s_t_e_r_1ae70da9686ac038862900182a984e56eb" refkind="member"><highlight class="normal"></highlight><highlight class="keywordtype">double</highlight><highlight class="normal"><sp/><ref refid="class_u_l_s_t_e_r_1ae70da9686ac038862900182a984e56eb" kindref="member">ULSTER::GetBalance</ref>()</highlight><highlight class="keyword"><sp/>const<sp/></highlight><highlight class="normal">{</highlight></codeline>
<codeline lineno="76"><highlight class="normal"><sp/><sp/><sp/><sp/></highlight><highlight class="keywordflow">return</highlight><highlight class="normal"><sp/>balance;</highlight></codeline>
<codeline lineno="77"><highlight class="normal">}</highlight></codeline>
<codeline lineno="78"><highlight class="normal"></highlight></codeline>
<codeline lineno="79" refid="class_u_l_s_t_e_r_1ae28bbc54174cd9b3b268d827c122c412" refkind="member"><highlight class="normal"></highlight><highlight class="keywordtype">void</highlight><highlight class="normal"><sp/><ref refid="class_u_l_s_t_e_r_1ae28bbc54174cd9b3b268d827c122c412" kindref="member">ULSTER::SetAccountNumber</ref>(</highlight><highlight class="keywordtype">int</highlight><highlight class="normal"><sp/>accountNumber)<sp/>{</highlight></codeline>
<codeline lineno="80"><highlight class="normal"><sp/><sp/><sp/><sp/>this-&gt;accountNumber<sp/>=<sp/>accountNumber;</highlight></codeline>
<codeline lineno="81"><highlight class="normal">}</highlight></codeline>
<codeline lineno="82"><highlight class="normal"></highlight></codeline>
<codeline lineno="83" refid="class_u_l_s_t_e_r_1a1ad672ae865a9f559bf4d3c33c243d63" refkind="member"><highlight class="normal"></highlight><highlight class="keywordtype">int</highlight><highlight class="normal"><sp/><ref refid="class_u_l_s_t_e_r_1a1ad672ae865a9f559bf4d3c33c243d63" kindref="member">ULSTER::GetAccountNumber</ref>()</highlight><highlight class="keyword"><sp/>const<sp/></highlight><highlight class="normal">{</highlight></codeline>
<codeline lineno="84"><highlight class="normal"><sp/><sp/><sp/><sp/></highlight><highlight class="keywordflow">return</highlight><highlight class="normal"><sp/>accountNumber;</highlight></codeline>
<codeline lineno="85"><highlight class="normal">}</highlight></codeline>
<codeline lineno="86"><highlight class="normal"></highlight></codeline>
<codeline lineno="87" refid="class_u_l_s_t_e_r_1ab2fec6b440c29b1953296ad23d4b432c" refkind="member"><highlight class="normal"></highlight><highlight class="keywordtype">void</highlight><highlight class="normal"><sp/><ref refid="class_u_l_s_t_e_r_1ab2fec6b440c29b1953296ad23d4b432c" kindref="member">ULSTER::SetLastName</ref>(std::string<sp/>lastName)<sp/>{</highlight></codeline>
<codeline lineno="88"><highlight class="normal"><sp/><sp/><sp/><sp/>this-&gt;lastName<sp/>=<sp/>lastName;</highlight></codeline>
<codeline lineno="89"><highlight class="normal">}</highlight></codeline>
<codeline lineno="90"><highlight class="normal"></highlight></codeline>
<codeline lineno="91" refid="class_u_l_s_t_e_r_1a9320b012bccda4ebf6b41c9ed972743c" refkind="member"><highlight class="normal">std::string<sp/><ref refid="class_u_l_s_t_e_r_1a9320b012bccda4ebf6b41c9ed972743c" kindref="member">ULSTER::GetLastName</ref>()</highlight><highlight class="keyword"><sp/>const<sp/></highlight><highlight class="normal">{</highlight></codeline>
<codeline lineno="92"><highlight class="normal"><sp/><sp/><sp/><sp/></highlight><highlight class="keywordflow">return</highlight><highlight class="normal"><sp/>lastName;</highlight></codeline>
<codeline lineno="93"><highlight class="normal">}</highlight></codeline>
<codeline lineno="94"><highlight class="normal"></highlight></codeline>
<codeline lineno="95" refid="class_u_l_s_t_e_r_1a07b57449397c42be1c2b512851dceebd" refkind="member"><highlight class="normal"></highlight><highlight class="keywordtype">void</highlight><highlight class="normal"><sp/><ref refid="class_u_l_s_t_e_r_1a07b57449397c42be1c2b512851dceebd" kindref="member">ULSTER::SetFirstName</ref>(std::string<sp/>firstName)<sp/>{</highlight></codeline>
<codeline lineno="96"><highlight class="normal"><sp/><sp/><sp/><sp/>this-&gt;firstName<sp/>=<sp/>firstName;</highlight></codeline>
<codeline lineno="97"><highlight class="normal">}</highlight></codeline>
<codeline lineno="98"><highlight class="normal"></highlight></codeline>
<codeline lineno="99" refid="class_u_l_s_t_e_r_1a85ee4e42d9b309608d8dfbedac65ff27" refkind="member"><highlight class="normal">std::string<sp/><ref refid="class_u_l_s_t_e_r_1a85ee4e42d9b309608d8dfbedac65ff27" kindref="member">ULSTER::GetFirstName</ref>()</highlight><highlight class="keyword"><sp/>const<sp/></highlight><highlight class="normal">{</highlight></codeline>
<codeline lineno="100"><highlight class="normal"><sp/><sp/><sp/><sp/></highlight><highlight class="keywordflow">return</highlight><highlight class="normal"><sp/>firstName;</highlight></codeline>
<codeline lineno="101"><highlight class="normal">}</highlight></codeline>
<codeline lineno="102"><highlight class="normal"></highlight></codeline>
<codeline lineno="103" refid="class_u_l_s_t_e_r_1a38d245bc2b6bb14bbb39c3347766140d" refkind="member"><highlight class="normal"></highlight><highlight class="keywordtype">void</highlight><highlight class="normal"><sp/><ref refid="class_u_l_s_t_e_r_1a38d245bc2b6bb14bbb39c3347766140d" kindref="member">ULSTER::SetFullname</ref>(std::string<sp/>fullname)<sp/>{</highlight></codeline>
<codeline lineno="104"><highlight class="normal"><sp/><sp/><sp/><sp/>this-&gt;fullname<sp/>=<sp/>fullname;</highlight></codeline>
<codeline lineno="105"><highlight class="normal">}</highlight></codeline>
<codeline lineno="106"><highlight class="normal"></highlight></codeline>
<codeline lineno="107" refid="class_u_l_s_t_e_r_1abb93ac2163f908782d00cbae169ebb91" refkind="member"><highlight class="normal">std::string<sp/><ref refid="class_u_l_s_t_e_r_1abb93ac2163f908782d00cbae169ebb91" kindref="member">ULSTER::GetFullname</ref>()</highlight><highlight class="keyword"><sp/>const<sp/></highlight><highlight class="normal">{</highlight></codeline>
<codeline lineno="108"><highlight class="normal"><sp/><sp/><sp/><sp/></highlight><highlight class="keywordflow">return</highlight><highlight class="normal"><sp/>fullname;</highlight></codeline>
<codeline lineno="109"><highlight class="normal">}</highlight></codeline>
<codeline lineno="110"><highlight class="normal"></highlight></codeline>
    </programlisting>
    <location file="ULSTER.cpp"/>
  </compounddef>
</doxygen>
