<?xml version='1.0' encoding='UTF-8' standalone='no'?>
<doxygen xmlns:xsi="http://www.w3.org/2001/XMLSchema-instance" xsi:noNamespaceSchemaLocation="compound.xsd" version="1.8.11">
  <compounddef id="_u_n_b_l_8h" kind="file" language="C++">
    <compoundname>UNBL.h</compoundname>
    <includes refid="_b_a_n_k_8h" local="yes">BANK.h</includes>
    <includes local="no">string</includes>
    <includes local="no">memory</includes>
    <includes local="no">iostream</includes>
    <includedby refid="main_8cpp" local="yes">main.cpp</includedby>
    <includedby refid="_u_n_b_l_8cpp" local="yes">UNBL.cpp</includedby>
    <incdepgraph>
      <node id="828">
        <label>string</label>
      </node>
      <node id="825">
        <label>OSTM.h</label>
        <link refid="_o_s_t_m_8h"/>
        <childnode refid="826" relation="include">
        </childnode>
        <childnode refid="827" relation="include">
        </childnode>
        <childnode refid="828" relation="include">
        </childnode>
        <childnode refid="829" relation="include">
        </childnode>
      </node>
      <node id="823">
        <label>UNBL.h</label>
        <link refid="UNBL.h"/>
        <childnode refid="824" relation="include">
        </childnode>
        <childnode refid="828" relation="include">
        </childnode>
        <childnode refid="827" relation="include">
        </childnode>
        <childnode refid="829" relation="include">
        </childnode>
      </node>
      <node id="829">
        <label>iostream</label>
      </node>
      <node id="826">
        <label>mutex</label>
      </node>
      <node id="824">
        <label>BANK.h</label>
        <link refid="_b_a_n_k_8h"/>
        <childnode refid="825" relation="include">
        </childnode>
      </node>
      <node id="827">
        <label>memory</label>
      </node>
    </incdepgraph>
    <invincdepgraph>
      <node id="832">
        <label>UNBL.cpp</label>
        <link refid="_u_n_b_l_8cpp"/>
      </node>
      <node id="830">
        <label>UNBL.h</label>
        <link refid="UNBL.h"/>
        <childnode refid="831" relation="include">
        </childnode>
        <childnode refid="832" relation="include">
        </childnode>
      </node>
      <node id="831">
        <label>main.cpp</label>
        <link refid="main_8cpp"/>
      </node>
    </invincdepgraph>
    <innerclass refid="class_u_n_b_l" prot="public">UNBL</innerclass>
    <briefdescription>
    </briefdescription>
    <detaileddescription>
    </detaileddescription>
    <programlisting>
<codeline lineno="1"><highlight class="normal"></highlight></codeline>
<codeline lineno="2"><highlight class="normal"></highlight><highlight class="comment">/*<sp/></highlight></codeline>
<codeline lineno="3"><highlight class="comment"><sp/>*<sp/>File:<sp/><sp/><sp/>UNBL.h</highlight></codeline>
<codeline lineno="4"><highlight class="comment"><sp/>*<sp/>Author:<sp/>Zoltan<sp/>Fuzesi</highlight></codeline>
<codeline lineno="5"><highlight class="comment"><sp/>*<sp/>IT<sp/>Carlow<sp/>:<sp/>C00197361</highlight></codeline>
<codeline lineno="6"><highlight class="comment"><sp/>*</highlight></codeline>
<codeline lineno="7"><highlight class="comment"><sp/>*<sp/>Created<sp/>on<sp/>January<sp/>17,<sp/>2018,<sp/>8:02<sp/>PM</highlight></codeline>
<codeline lineno="8"><highlight class="comment"><sp/>*/</highlight><highlight class="normal"></highlight></codeline>
<codeline lineno="9"><highlight class="normal"></highlight></codeline>
<codeline lineno="10"><highlight class="normal"></highlight><highlight class="preprocessor">#ifndef<sp/>UNBL_H</highlight><highlight class="normal"></highlight></codeline>
<codeline lineno="11"><highlight class="normal"></highlight><highlight class="preprocessor">#define<sp/>UNBL_H</highlight><highlight class="normal"></highlight></codeline>
<codeline lineno="12"><highlight class="normal"></highlight><highlight class="preprocessor">#include<sp/>&quot;<ref refid="_b_a_n_k_8h" kindref="compound">BANK.h</ref>&quot;</highlight><highlight class="normal"></highlight></codeline>
<codeline lineno="13"><highlight class="normal"></highlight><highlight class="preprocessor">#include<sp/>&lt;string&gt;</highlight><highlight class="normal"></highlight></codeline>
<codeline lineno="14"><highlight class="normal"></highlight><highlight class="preprocessor">#include<sp/>&lt;memory&gt;</highlight><highlight class="normal"></highlight></codeline>
<codeline lineno="15"><highlight class="normal"></highlight><highlight class="preprocessor">#include<sp/>&lt;iostream&gt;</highlight></codeline>
<codeline lineno="19" refid="class_u_n_b_l" refkind="compound"><highlight class="keyword">class<sp/></highlight><highlight class="normal"><ref refid="class_u_n_b_l" kindref="compound">UNBL</ref><sp/>:<sp/></highlight><highlight class="keyword">public</highlight><highlight class="normal"><sp/><ref refid="class_b_a_n_k" kindref="compound">BANK</ref><sp/>{</highlight></codeline>
<codeline lineno="20"><highlight class="normal"></highlight><highlight class="keyword">public</highlight><highlight class="normal">:</highlight></codeline>
<codeline lineno="24" refid="class_u_n_b_l_1aa264ef64c453e6049b3d4c984d84d1de" refkind="member"><highlight class="normal"><sp/><sp/><sp/><sp/><ref refid="class_u_n_b_l_1aa264ef64c453e6049b3d4c984d84d1de" kindref="member">UNBL</ref>()<sp/>:<sp/><ref refid="class_b_a_n_k" kindref="compound">BANK</ref>()<sp/>{</highlight></codeline>
<codeline lineno="25"><highlight class="normal"><sp/><sp/><sp/><sp/><sp/><sp/><sp/><sp/>this-&gt;accountNumber<sp/>=<sp/>0;</highlight></codeline>
<codeline lineno="26"><highlight class="normal"><sp/><sp/><sp/><sp/><sp/><sp/><sp/><sp/>this-&gt;balance<sp/>=<sp/>50;</highlight></codeline>
<codeline lineno="27"><highlight class="normal"><sp/><sp/><sp/><sp/><sp/><sp/><sp/><sp/>this-&gt;firstName<sp/>=<sp/></highlight><highlight class="stringliteral">&quot;Joe&quot;</highlight><highlight class="normal">;</highlight></codeline>
<codeline lineno="28"><highlight class="normal"><sp/><sp/><sp/><sp/><sp/><sp/><sp/><sp/>this-&gt;lastName<sp/>=<sp/></highlight><highlight class="stringliteral">&quot;Blog&quot;</highlight><highlight class="normal">;</highlight></codeline>
<codeline lineno="29"><highlight class="normal"><sp/><sp/><sp/><sp/><sp/><sp/><sp/><sp/>this-&gt;address<sp/>=<sp/></highlight><highlight class="stringliteral">&quot;High<sp/>street,<sp/>Carlow&quot;</highlight><highlight class="normal">;</highlight></codeline>
<codeline lineno="30"><highlight class="normal"><sp/><sp/><sp/><sp/><sp/><sp/><sp/><sp/>this-&gt;fullname<sp/>=<sp/>firstName<sp/>+<sp/></highlight><highlight class="stringliteral">&quot;<sp/>&quot;</highlight><highlight class="normal"><sp/>+<sp/>lastName;</highlight></codeline>
<codeline lineno="31"><highlight class="normal"><sp/><sp/><sp/><sp/>};</highlight></codeline>
<codeline lineno="35" refid="class_u_n_b_l_1a9afc7728e8d9970b63592af018a2afb8" refkind="member"><highlight class="normal"><sp/><sp/><sp/><sp/><ref refid="class_u_n_b_l_1a9afc7728e8d9970b63592af018a2afb8" kindref="member">UNBL</ref>(</highlight><highlight class="keywordtype">int</highlight><highlight class="normal"><sp/>accountNumber,<sp/></highlight><highlight class="keywordtype">double</highlight><highlight class="normal"><sp/>balance,<sp/>std::string<sp/>firstName,<sp/>std::string<sp/>lastName,<sp/>std::string<sp/>address)<sp/>:<sp/><ref refid="class_b_a_n_k" kindref="compound">BANK</ref>()<sp/>{</highlight></codeline>
<codeline lineno="36"><highlight class="normal"><sp/><sp/><sp/><sp/><sp/><sp/><sp/><sp/>this-&gt;accountNumber<sp/>=<sp/>accountNumber;</highlight></codeline>
<codeline lineno="37"><highlight class="normal"><sp/><sp/><sp/><sp/><sp/><sp/><sp/><sp/>this-&gt;balance<sp/>=<sp/>balance;</highlight></codeline>
<codeline lineno="38"><highlight class="normal"><sp/><sp/><sp/><sp/><sp/><sp/><sp/><sp/>this-&gt;firstName<sp/>=<sp/>firstName;</highlight></codeline>
<codeline lineno="39"><highlight class="normal"><sp/><sp/><sp/><sp/><sp/><sp/><sp/><sp/>this-&gt;lastName<sp/>=<sp/>lastName;</highlight></codeline>
<codeline lineno="40"><highlight class="normal"><sp/><sp/><sp/><sp/><sp/><sp/><sp/><sp/>this-&gt;address<sp/>=<sp/>address;</highlight></codeline>
<codeline lineno="41"><highlight class="normal"><sp/><sp/><sp/><sp/><sp/><sp/><sp/><sp/>this-&gt;fullname<sp/>=<sp/>firstName<sp/>+<sp/></highlight><highlight class="stringliteral">&quot;<sp/>&quot;</highlight><highlight class="normal"><sp/>+<sp/>lastName;</highlight></codeline>
<codeline lineno="42"><highlight class="normal"><sp/><sp/><sp/><sp/>};</highlight></codeline>
<codeline lineno="46" refid="class_u_n_b_l_1abbd578fbd58cf6f2143f17b3011f6c21" refkind="member"><highlight class="normal"><sp/><sp/><sp/><sp/><ref refid="class_u_n_b_l_1abbd578fbd58cf6f2143f17b3011f6c21" kindref="member">UNBL</ref>(std::shared_ptr&lt;BANK&gt;<sp/>obj,<sp/></highlight><highlight class="keywordtype">int</highlight><highlight class="normal"><sp/>_version,<sp/></highlight><highlight class="keywordtype">int</highlight><highlight class="normal"><sp/>_unique_id)<sp/>:<sp/><ref refid="class_b_a_n_k" kindref="compound">BANK</ref>(_version,<sp/>_unique_id)<sp/>{</highlight></codeline>
<codeline lineno="47"><highlight class="normal"><sp/></highlight></codeline>
<codeline lineno="48"><highlight class="normal"><sp/><sp/><sp/><sp/><sp/><sp/><sp/><sp/>this-&gt;accountNumber<sp/>=<sp/>obj-&gt;GetAccountNumber();</highlight></codeline>
<codeline lineno="49"><highlight class="normal"><sp/><sp/><sp/><sp/><sp/><sp/><sp/><sp/>this-&gt;balance<sp/>=<sp/>obj-&gt;GetBalance();</highlight></codeline>
<codeline lineno="50"><highlight class="normal"><sp/><sp/><sp/><sp/><sp/><sp/><sp/><sp/>this-&gt;firstName<sp/>=<sp/>obj-&gt;GetFirstName();</highlight></codeline>
<codeline lineno="51"><highlight class="normal"><sp/><sp/><sp/><sp/><sp/><sp/><sp/><sp/>this-&gt;lastName<sp/>=<sp/>obj-&gt;GetLastName();</highlight></codeline>
<codeline lineno="52"><highlight class="normal"><sp/><sp/><sp/><sp/><sp/><sp/><sp/><sp/>this-&gt;address<sp/>=<sp/>obj-&gt;GetAddress();</highlight></codeline>
<codeline lineno="53"><highlight class="normal"><sp/><sp/><sp/><sp/><sp/><sp/><sp/><sp/>this-&gt;fullname<sp/>=<sp/>obj-&gt;GetFirstName()<sp/>+<sp/></highlight><highlight class="stringliteral">&quot;<sp/>&quot;</highlight><highlight class="normal"><sp/>+<sp/>obj-&gt;GetLastName();</highlight></codeline>
<codeline lineno="54"><highlight class="normal"><sp/><sp/><sp/><sp/>};</highlight></codeline>
<codeline lineno="58"><highlight class="normal"><sp/><sp/><sp/><sp/><ref refid="class_u_n_b_l_1aa264ef64c453e6049b3d4c984d84d1de" kindref="member">UNBL</ref>(</highlight><highlight class="keyword">const</highlight><highlight class="normal"><sp/><ref refid="class_u_n_b_l" kindref="compound">UNBL</ref>&amp;<sp/>orig);</highlight></codeline>
<codeline lineno="62" refid="class_u_n_b_l_1a32ab1105494f18bdb33e651e9bbfcd02" refkind="member"><highlight class="normal"><sp/><sp/><sp/><sp/><ref refid="class_u_n_b_l" kindref="compound">UNBL</ref><sp/><ref refid="class_u_n_b_l_1a32ab1105494f18bdb33e651e9bbfcd02" kindref="member">operator=</ref>(</highlight><highlight class="keyword">const</highlight><highlight class="normal"><sp/><ref refid="class_u_n_b_l" kindref="compound">UNBL</ref>&amp;<sp/>orig)<sp/>{};</highlight></codeline>
<codeline lineno="66"><highlight class="normal"><sp/><sp/><sp/><sp/></highlight><highlight class="keyword">virtual</highlight><highlight class="normal"><sp/><ref refid="class_u_n_b_l_1a32d405e6e9adfab1ffdeec6406f9e72f" kindref="member">~UNBL</ref>();</highlight></codeline>
<codeline lineno="67"><highlight class="normal"><sp/><sp/><sp/><sp/></highlight></codeline>
<codeline lineno="68"><highlight class="normal"><sp/><sp/><sp/><sp/></highlight><highlight class="comment">/*</highlight></codeline>
<codeline lineno="69"><highlight class="comment"><sp/><sp/><sp/><sp/><sp/>*<sp/>Implement<sp/>OSTM<sp/>virtual<sp/>methods</highlight></codeline>
<codeline lineno="70"><highlight class="comment"><sp/><sp/><sp/><sp/><sp/>*/</highlight><highlight class="normal"></highlight></codeline>
<codeline lineno="71"><highlight class="normal"><sp/><sp/><sp/><sp/></highlight><highlight class="comment">//virtual<sp/>std::shared_ptr&lt;UNBL&gt;<sp/>_cast(std::shared_ptr&lt;OSTM&gt;<sp/>_object);</highlight><highlight class="normal"></highlight></codeline>
<codeline lineno="72"><highlight class="normal"><sp/><sp/><sp/><sp/></highlight><highlight class="keyword">virtual</highlight><highlight class="normal"><sp/></highlight><highlight class="keywordtype">void</highlight><highlight class="normal"><sp/><ref refid="class_u_n_b_l_1a14d5e1adc618827667d8d9524abaf31b" kindref="member">copy</ref>(std::shared_ptr&lt;OSTM&gt;<sp/>to,<sp/>std::shared_ptr&lt;OSTM&gt;<sp/>from);</highlight></codeline>
<codeline lineno="73"><highlight class="normal"><sp/><sp/><sp/><sp/></highlight><highlight class="keyword">virtual</highlight><highlight class="normal"><sp/>std::shared_ptr&lt;OSTM&gt;<sp/><ref refid="class_u_n_b_l_1a5dfe7f9e5fbb66abff9a73e40e803887" kindref="member">getBaseCopy</ref>(std::shared_ptr&lt;OSTM&gt;<sp/></highlight><highlight class="keywordtype">object</highlight><highlight class="normal">);</highlight></codeline>
<codeline lineno="74"><highlight class="normal"><sp/><sp/><sp/><sp/></highlight><highlight class="keyword">virtual</highlight><highlight class="normal"><sp/></highlight><highlight class="keywordtype">void</highlight><highlight class="normal"><sp/><ref refid="class_u_n_b_l_1a76d8bba21d64d79d8de63763b8acc1fd" kindref="member">toString</ref>();</highlight></codeline>
<codeline lineno="75"><highlight class="normal"><sp/><sp/><sp/><sp/></highlight></codeline>
<codeline lineno="76"><highlight class="normal"><sp/><sp/><sp/><sp/></highlight><highlight class="comment">/*</highlight></codeline>
<codeline lineno="77"><highlight class="comment"><sp/><sp/><sp/><sp/><sp/>*<sp/>Implement<sp/>BANK<sp/>virtual<sp/>methods</highlight></codeline>
<codeline lineno="78"><highlight class="comment"><sp/><sp/><sp/><sp/><sp/>*/</highlight><highlight class="normal"></highlight></codeline>
<codeline lineno="79"><highlight class="normal"><sp/><sp/><sp/><sp/></highlight><highlight class="keyword">virtual</highlight><highlight class="normal"><sp/></highlight><highlight class="keywordtype">void</highlight><highlight class="normal"><sp/><ref refid="class_u_n_b_l_1acbd63767c5070d82605671cfce0433a9" kindref="member">SetAddress</ref>(std::string<sp/>address);</highlight></codeline>
<codeline lineno="80"><highlight class="normal"><sp/><sp/><sp/><sp/></highlight><highlight class="keyword">virtual</highlight><highlight class="normal"><sp/>std::string<sp/><ref refid="class_u_n_b_l_1a74f8896be6e93ad8f89ca3b0da83525a" kindref="member">GetAddress</ref>()<sp/></highlight><highlight class="keyword">const</highlight><highlight class="normal">;</highlight></codeline>
<codeline lineno="81"><highlight class="normal"><sp/><sp/><sp/><sp/></highlight><highlight class="keyword">virtual</highlight><highlight class="normal"><sp/></highlight><highlight class="keywordtype">void</highlight><highlight class="normal"><sp/><ref refid="class_u_n_b_l_1a3b7b2089cf4e2995e99b860b1fb2e5cb" kindref="member">SetBalance</ref>(</highlight><highlight class="keywordtype">double</highlight><highlight class="normal"><sp/>balance);</highlight></codeline>
<codeline lineno="82"><highlight class="normal"><sp/><sp/><sp/><sp/></highlight><highlight class="keyword">virtual</highlight><highlight class="normal"><sp/></highlight><highlight class="keywordtype">double</highlight><highlight class="normal"><sp/><ref refid="class_u_n_b_l_1ad5b882bff8d1e2619b2ebbd170345c99" kindref="member">GetBalance</ref>()<sp/></highlight><highlight class="keyword">const</highlight><highlight class="normal">;</highlight></codeline>
<codeline lineno="83"><highlight class="normal"><sp/><sp/><sp/><sp/></highlight><highlight class="keyword">virtual</highlight><highlight class="normal"><sp/></highlight><highlight class="keywordtype">void</highlight><highlight class="normal"><sp/><ref refid="class_u_n_b_l_1a0ee536d872c0f93486f942b268c2431e" kindref="member">SetAccountNumber</ref>(</highlight><highlight class="keywordtype">int</highlight><highlight class="normal"><sp/>accountNumber);</highlight></codeline>
<codeline lineno="84"><highlight class="normal"><sp/><sp/><sp/><sp/></highlight><highlight class="keyword">virtual</highlight><highlight class="normal"><sp/></highlight><highlight class="keywordtype">int</highlight><highlight class="normal"><sp/><ref refid="class_u_n_b_l_1a44a84fb7fe8778e3048921581049c715" kindref="member">GetAccountNumber</ref>()<sp/></highlight><highlight class="keyword">const</highlight><highlight class="normal">;</highlight></codeline>
<codeline lineno="85"><highlight class="normal"><sp/><sp/><sp/><sp/></highlight><highlight class="keyword">virtual</highlight><highlight class="normal"><sp/></highlight><highlight class="keywordtype">void</highlight><highlight class="normal"><sp/><ref refid="class_u_n_b_l_1abd683db339dffe71af3993a8a5cb5929" kindref="member">SetLastName</ref>(std::string<sp/>lastName);</highlight></codeline>
<codeline lineno="86"><highlight class="normal"><sp/><sp/><sp/><sp/></highlight><highlight class="keyword">virtual</highlight><highlight class="normal"><sp/>std::string<sp/><ref refid="class_u_n_b_l_1a27f19f2af5e1abd33b5c63f16b493f6c" kindref="member">GetLastName</ref>()<sp/></highlight><highlight class="keyword">const</highlight><highlight class="normal">;</highlight></codeline>
<codeline lineno="87"><highlight class="normal"><sp/><sp/><sp/><sp/></highlight><highlight class="keyword">virtual</highlight><highlight class="normal"><sp/></highlight><highlight class="keywordtype">void</highlight><highlight class="normal"><sp/><ref refid="class_u_n_b_l_1aef061d2cba01bcd752e9305dc374cabc" kindref="member">SetFirstName</ref>(std::string<sp/>firstName);</highlight></codeline>
<codeline lineno="88"><highlight class="normal"><sp/><sp/><sp/><sp/></highlight><highlight class="keyword">virtual</highlight><highlight class="normal"><sp/>std::string<sp/><ref refid="class_u_n_b_l_1ae89215b95f2e11aa70f9c8bbfd55c10c" kindref="member">GetFirstName</ref>()<sp/></highlight><highlight class="keyword">const</highlight><highlight class="normal">;</highlight></codeline>
<codeline lineno="89"><highlight class="normal"><sp/><sp/><sp/><sp/></highlight><highlight class="keyword">virtual</highlight><highlight class="normal"><sp/></highlight><highlight class="keywordtype">void</highlight><highlight class="normal"><sp/><ref refid="class_u_n_b_l_1a1b3f52c44756930c1ee4acb06f2634ad" kindref="member">SetFullname</ref>(std::string<sp/>fullname);</highlight></codeline>
<codeline lineno="90"><highlight class="normal"><sp/><sp/><sp/><sp/></highlight><highlight class="keyword">virtual</highlight><highlight class="normal"><sp/>std::string<sp/><ref refid="class_u_n_b_l_1a4292e9cafc42be3d9f4f3d6221bc9638" kindref="member">GetFullname</ref>()<sp/></highlight><highlight class="keyword">const</highlight><highlight class="normal">;</highlight></codeline>
<codeline lineno="91"><highlight class="normal"></highlight><highlight class="keyword">private</highlight><highlight class="normal">:</highlight></codeline>
<codeline lineno="92"><highlight class="normal"><sp/><sp/><sp/><sp/>std::string<sp/>fullname;</highlight></codeline>
<codeline lineno="93"><highlight class="normal"><sp/><sp/><sp/><sp/>std::string<sp/>firstName;</highlight></codeline>
<codeline lineno="94"><highlight class="normal"><sp/><sp/><sp/><sp/>std::string<sp/>lastName;</highlight></codeline>
<codeline lineno="95"><highlight class="normal"><sp/><sp/><sp/><sp/></highlight><highlight class="keywordtype">int</highlight><highlight class="normal"><sp/>accountNumber;</highlight></codeline>
<codeline lineno="96"><highlight class="normal"><sp/><sp/><sp/><sp/></highlight><highlight class="keywordtype">double</highlight><highlight class="normal"><sp/>balance;</highlight></codeline>
<codeline lineno="97"><highlight class="normal"><sp/><sp/><sp/><sp/>std::string<sp/>address;</highlight></codeline>
<codeline lineno="98"><highlight class="normal"></highlight></codeline>
<codeline lineno="99"><highlight class="normal">};</highlight></codeline>
<codeline lineno="100"><highlight class="normal"></highlight></codeline>
<codeline lineno="101"><highlight class="normal"></highlight><highlight class="preprocessor">#endif<sp/></highlight><highlight class="comment">/*<sp/>UNBL_H<sp/>*/</highlight><highlight class="preprocessor"></highlight><highlight class="normal"></highlight></codeline>
<codeline lineno="102"><highlight class="normal"></highlight></codeline>
    </programlisting>
    <location file="UNBL.h"/>
  </compounddef>
</doxygen>
