<?xml version='1.0' encoding='UTF-8' standalone='no'?>
<doxygen xmlns:xsi="http://www.w3.org/2001/XMLSchema-instance" xsi:noNamespaceSchemaLocation="compound.xsd" version="1.8.11">
  <compounddef id="_u_n_b_l_8cpp" kind="file" language="C++">
    <compoundname>UNBL.cpp</compoundname>
    <includes refid="_u_n_b_l_8h" local="yes">UNBL.h</includes>
    <incdepgraph>
      <node id="814">
        <label>UNBL.cpp</label>
        <link refid="UNBL.cpp"/>
        <childnode refid="815" relation="include">
        </childnode>
      </node>
      <node id="820">
        <label>string</label>
      </node>
      <node id="817">
        <label>OSTM.h</label>
        <link refid="_o_s_t_m_8h"/>
        <childnode refid="818" relation="include">
        </childnode>
        <childnode refid="819" relation="include">
        </childnode>
        <childnode refid="820" relation="include">
        </childnode>
        <childnode refid="821" relation="include">
        </childnode>
      </node>
      <node id="815">
        <label>UNBL.h</label>
        <link refid="_u_n_b_l_8h"/>
        <childnode refid="816" relation="include">
        </childnode>
        <childnode refid="820" relation="include">
        </childnode>
        <childnode refid="819" relation="include">
        </childnode>
        <childnode refid="821" relation="include">
        </childnode>
      </node>
      <node id="821">
        <label>iostream</label>
      </node>
      <node id="818">
        <label>mutex</label>
      </node>
      <node id="816">
        <label>BANK.h</label>
        <link refid="_b_a_n_k_8h"/>
        <childnode refid="817" relation="include">
        </childnode>
      </node>
      <node id="819">
        <label>memory</label>
      </node>
    </incdepgraph>
    <briefdescription>
    </briefdescription>
    <detaileddescription>
    </detaileddescription>
    <programlisting>
<codeline lineno="1"><highlight class="comment">/*<sp/></highlight></codeline>
<codeline lineno="2"><highlight class="comment"><sp/>*<sp/>File:<sp/><sp/><sp/>UNBL.cpp</highlight></codeline>
<codeline lineno="3"><highlight class="comment"><sp/>*<sp/>Author:<sp/>Zoltan<sp/>Fuzesi</highlight></codeline>
<codeline lineno="4"><highlight class="comment"><sp/>*<sp/>IT<sp/>Carlow<sp/>:<sp/>C00197361</highlight></codeline>
<codeline lineno="5"><highlight class="comment"><sp/>*</highlight></codeline>
<codeline lineno="6"><highlight class="comment"><sp/>*<sp/>Created<sp/>on<sp/>January<sp/>17,<sp/>2018,<sp/>8:02<sp/>PM</highlight></codeline>
<codeline lineno="7"><highlight class="comment"><sp/>*/</highlight><highlight class="normal"></highlight></codeline>
<codeline lineno="8"><highlight class="normal"></highlight></codeline>
<codeline lineno="9"><highlight class="normal"></highlight><highlight class="preprocessor">#include<sp/>&quot;<ref refid="_u_n_b_l_8h" kindref="compound">UNBL.h</ref>&quot;</highlight><highlight class="normal"></highlight></codeline>
<codeline lineno="10"><highlight class="normal"></highlight></codeline>
<codeline lineno="11" refid="class_u_n_b_l_1aca7a99d7308d5d8dd5841a0eeeed0852" refkind="member"><highlight class="normal"><ref refid="class_u_n_b_l_1aa264ef64c453e6049b3d4c984d84d1de" kindref="member">UNBL::UNBL</ref>(</highlight><highlight class="keyword">const</highlight><highlight class="normal"><sp/><ref refid="class_u_n_b_l" kindref="compound">UNBL</ref>&amp;<sp/>orig)<sp/>{</highlight></codeline>
<codeline lineno="12"><highlight class="normal">}</highlight></codeline>
<codeline lineno="13"><highlight class="normal"></highlight></codeline>
<codeline lineno="14" refid="class_u_n_b_l_1a32d405e6e9adfab1ffdeec6406f9e72f" refkind="member"><highlight class="normal"><ref refid="class_u_n_b_l_1a32d405e6e9adfab1ffdeec6406f9e72f" kindref="member">UNBL::~UNBL</ref>()<sp/>{</highlight></codeline>
<codeline lineno="15"><highlight class="normal">}</highlight></codeline>
<codeline lineno="21" refid="class_u_n_b_l_1a5dfe7f9e5fbb66abff9a73e40e803887" refkind="member"><highlight class="normal">std::shared_ptr&lt;OSTM&gt;<sp/><ref refid="class_u_n_b_l_1a5dfe7f9e5fbb66abff9a73e40e803887" kindref="member">UNBL::getBaseCopy</ref>(std::shared_ptr&lt;OSTM&gt;<sp/></highlight><highlight class="keywordtype">object</highlight><highlight class="normal">)</highlight></codeline>
<codeline lineno="22"><highlight class="normal">{</highlight></codeline>
<codeline lineno="23"><highlight class="normal"><sp/><sp/><sp/><sp/>std::shared_ptr&lt;BANK&gt;<sp/>objTO<sp/>=<sp/>std::dynamic_pointer_cast&lt;<ref refid="class_b_a_n_k" kindref="compound">BANK</ref>&gt;(object);</highlight></codeline>
<codeline lineno="24"><highlight class="normal"><sp/><sp/><sp/><sp/>std::shared_ptr&lt;BANK&gt;<sp/>obj(</highlight><highlight class="keyword">new</highlight><highlight class="normal"><sp/><ref refid="class_u_n_b_l_1aa264ef64c453e6049b3d4c984d84d1de" kindref="member">UNBL</ref>(objTO,object-&gt;Get_Version(),</highlight><highlight class="keywordtype">object</highlight><highlight class="normal">-&gt;Get_Unique_ID()));<sp/></highlight></codeline>
<codeline lineno="25"><highlight class="normal"><sp/><sp/><sp/><sp/>std::shared_ptr&lt;OSTM&gt;<sp/>ostm_obj<sp/>=<sp/>std::dynamic_pointer_cast&lt;<ref refid="class_o_s_t_m" kindref="compound">OSTM</ref>&gt;(obj);<sp/><sp/><sp/><sp/><sp/><sp/><sp/><sp/><sp/><sp/><sp/><sp/><sp/><sp/><sp/><sp/><sp/><sp/><sp/><sp/><sp/><sp/><sp/><sp/><sp/><sp/><sp/><sp/><sp/><sp/><sp/><sp/><sp/><sp/></highlight></codeline>
<codeline lineno="26"><highlight class="normal"><sp/><sp/><sp/><sp/></highlight><highlight class="keywordflow">return</highlight><highlight class="normal"><sp/>ostm_obj;</highlight></codeline>
<codeline lineno="27"><highlight class="normal">}</highlight></codeline>
<codeline lineno="33" refid="class_u_n_b_l_1a14d5e1adc618827667d8d9524abaf31b" refkind="member"><highlight class="keywordtype">void</highlight><highlight class="normal"><sp/><ref refid="class_u_n_b_l_1a14d5e1adc618827667d8d9524abaf31b" kindref="member">UNBL::copy</ref>(std::shared_ptr&lt;OSTM&gt;<sp/>to,<sp/>std::shared_ptr&lt;OSTM&gt;<sp/>from){</highlight></codeline>
<codeline lineno="34"><highlight class="normal"></highlight></codeline>
<codeline lineno="35"><highlight class="normal"><sp/><sp/><sp/><sp/>std::shared_ptr&lt;UNBL&gt;<sp/>objTO<sp/>=<sp/>std::dynamic_pointer_cast&lt;<ref refid="class_u_n_b_l" kindref="compound">UNBL</ref>&gt;(to);</highlight></codeline>
<codeline lineno="36"><highlight class="normal"><sp/><sp/><sp/><sp/>std::shared_ptr&lt;UNBL&gt;<sp/>objFROM<sp/>=<sp/>std::dynamic_pointer_cast&lt;<ref refid="class_u_n_b_l" kindref="compound">UNBL</ref>&gt;(from);</highlight></codeline>
<codeline lineno="37"><highlight class="normal"><sp/><sp/><sp/><sp/>objTO-&gt;<ref refid="class_o_s_t_m_1ab5019a32185631c08abbf826422f2d93" kindref="member">Set_Unique_ID</ref>(objFROM-&gt;Get_Unique_ID());</highlight></codeline>
<codeline lineno="38"><highlight class="normal"><sp/><sp/><sp/><sp/>objTO-&gt;Set_Version(objFROM-&gt;Get_Version());</highlight></codeline>
<codeline lineno="39"><highlight class="normal"><sp/><sp/><sp/><sp/>objTO-&gt;SetAccountNumber(objFROM-&gt;GetAccountNumber());</highlight></codeline>
<codeline lineno="40"><highlight class="normal"><sp/><sp/><sp/><sp/>objTO-&gt;SetBalance(objFROM-&gt;GetBalance());</highlight></codeline>
<codeline lineno="41"><highlight class="normal"><sp/><sp/><sp/></highlight></codeline>
<codeline lineno="42"><highlight class="normal">}</highlight></codeline>
<codeline lineno="46"><highlight class="comment">//std::shared_ptr&lt;UNBL&gt;<sp/>UNBL::_cast(std::shared_ptr&lt;OSTM&gt;<sp/>_object){</highlight><highlight class="normal"></highlight></codeline>
<codeline lineno="47"><highlight class="normal"></highlight><highlight class="comment">//</highlight><highlight class="normal"></highlight></codeline>
<codeline lineno="48"><highlight class="normal"></highlight><highlight class="comment">//<sp/><sp/><sp/><sp/>return<sp/>static_cast&lt;std::shared_ptr&lt;UNBL&gt;&gt;(_object);</highlight><highlight class="normal"></highlight></codeline>
<codeline lineno="49"><highlight class="normal"></highlight><highlight class="comment">//}</highlight></codeline>
<codeline lineno="53" refid="class_u_n_b_l_1a76d8bba21d64d79d8de63763b8acc1fd" refkind="member"><highlight class="comment"></highlight><highlight class="keywordtype">void</highlight><highlight class="normal"><sp/><ref refid="class_u_n_b_l_1a76d8bba21d64d79d8de63763b8acc1fd" kindref="member">UNBL::toString</ref>()</highlight></codeline>
<codeline lineno="54"><highlight class="normal">{</highlight></codeline>
<codeline lineno="55"><highlight class="normal"><sp/><sp/><sp/>std::cout<sp/>&lt;&lt;<sp/></highlight><highlight class="stringliteral">&quot;\nUNBL<sp/>BANK&quot;</highlight><highlight class="normal"><sp/>&lt;&lt;<sp/></highlight><highlight class="stringliteral">&quot;\nUnique<sp/>ID<sp/>:<sp/>&quot;</highlight><highlight class="normal"><sp/>&lt;&lt;<sp/>this-&gt;<ref refid="class_o_s_t_m_1a5a01a8b98d16b1d1904ecf9356e7b71d" kindref="member">Get_Unique_ID</ref>()<sp/>&lt;&lt;<sp/></highlight><highlight class="stringliteral">&quot;\nInt<sp/>account<sp/>:<sp/>&quot;</highlight><highlight class="normal"><sp/>&lt;&lt;<sp/>this-&gt;<ref refid="class_u_n_b_l_1a44a84fb7fe8778e3048921581049c715" kindref="member">GetAccountNumber</ref>()<sp/>&lt;&lt;<sp/></highlight><highlight class="stringliteral">&quot;\nDouble<sp/>value<sp/>:<sp/>&quot;</highlight><highlight class="normal"><sp/>&lt;&lt;<sp/>this-&gt;<ref refid="class_u_n_b_l_1ad5b882bff8d1e2619b2ebbd170345c99" kindref="member">GetBalance</ref>()<sp/>&lt;&lt;<sp/></highlight><highlight class="stringliteral">&quot;\nFirst<sp/>name:<sp/>&quot;</highlight><highlight class="normal"><sp/>&lt;&lt;<sp/>this-&gt;<ref refid="class_u_n_b_l_1ae89215b95f2e11aa70f9c8bbfd55c10c" kindref="member">GetFirstName</ref>()<sp/>&lt;&lt;<sp/></highlight><highlight class="stringliteral">&quot;\nLast<sp/>name<sp/>:<sp/>&quot;</highlight><highlight class="normal"><sp/>&lt;&lt;<sp/>this-&gt;<ref refid="class_u_n_b_l_1a27f19f2af5e1abd33b5c63f16b493f6c" kindref="member">GetLastName</ref>()<sp/><sp/>&lt;&lt;<sp/></highlight><highlight class="stringliteral">&quot;\nVersion<sp/>number<sp/>:<sp/>&quot;</highlight><highlight class="normal"><sp/>&lt;&lt;<sp/>this-&gt;<ref refid="class_o_s_t_m_1a1f1db9d482f22c8e7caa17dfb340626b" kindref="member">Get_Version</ref>()<sp/>&lt;&lt;<sp/>std::endl;</highlight></codeline>
<codeline lineno="56"><highlight class="normal">}</highlight></codeline>
<codeline lineno="57"><highlight class="normal"></highlight></codeline>
<codeline lineno="58" refid="class_u_n_b_l_1acbd63767c5070d82605671cfce0433a9" refkind="member"><highlight class="normal"></highlight><highlight class="keywordtype">void</highlight><highlight class="normal"><sp/><ref refid="class_u_n_b_l_1acbd63767c5070d82605671cfce0433a9" kindref="member">UNBL::SetAddress</ref>(std::string<sp/>address)<sp/>{</highlight></codeline>
<codeline lineno="59"><highlight class="normal"><sp/><sp/><sp/><sp/>this-&gt;address<sp/>=<sp/>address;</highlight></codeline>
<codeline lineno="60"><highlight class="normal">}</highlight></codeline>
<codeline lineno="61"><highlight class="normal"></highlight></codeline>
<codeline lineno="62" refid="class_u_n_b_l_1a74f8896be6e93ad8f89ca3b0da83525a" refkind="member"><highlight class="normal">std::string<sp/><ref refid="class_u_n_b_l_1a74f8896be6e93ad8f89ca3b0da83525a" kindref="member">UNBL::GetAddress</ref>()</highlight><highlight class="keyword"><sp/>const<sp/></highlight><highlight class="normal">{</highlight></codeline>
<codeline lineno="63"><highlight class="normal"><sp/><sp/><sp/><sp/></highlight><highlight class="keywordflow">return</highlight><highlight class="normal"><sp/>address;</highlight></codeline>
<codeline lineno="64"><highlight class="normal">}</highlight></codeline>
<codeline lineno="65"><highlight class="normal"></highlight></codeline>
<codeline lineno="66" refid="class_u_n_b_l_1a3b7b2089cf4e2995e99b860b1fb2e5cb" refkind="member"><highlight class="normal"></highlight><highlight class="keywordtype">void</highlight><highlight class="normal"><sp/><ref refid="class_u_n_b_l_1a3b7b2089cf4e2995e99b860b1fb2e5cb" kindref="member">UNBL::SetBalance</ref>(</highlight><highlight class="keywordtype">double</highlight><highlight class="normal"><sp/>balance)<sp/>{</highlight></codeline>
<codeline lineno="67"><highlight class="normal"><sp/><sp/><sp/><sp/>this-&gt;balance<sp/>=<sp/>balance;</highlight></codeline>
<codeline lineno="68"><highlight class="normal">}</highlight></codeline>
<codeline lineno="69"><highlight class="normal"></highlight></codeline>
<codeline lineno="70" refid="class_u_n_b_l_1ad5b882bff8d1e2619b2ebbd170345c99" refkind="member"><highlight class="normal"></highlight><highlight class="keywordtype">double</highlight><highlight class="normal"><sp/><ref refid="class_u_n_b_l_1ad5b882bff8d1e2619b2ebbd170345c99" kindref="member">UNBL::GetBalance</ref>()</highlight><highlight class="keyword"><sp/>const<sp/></highlight><highlight class="normal">{</highlight></codeline>
<codeline lineno="71"><highlight class="normal"><sp/><sp/><sp/><sp/></highlight><highlight class="keywordflow">return</highlight><highlight class="normal"><sp/>balance;</highlight></codeline>
<codeline lineno="72"><highlight class="normal">}</highlight></codeline>
<codeline lineno="73"><highlight class="normal"></highlight></codeline>
<codeline lineno="74" refid="class_u_n_b_l_1a0ee536d872c0f93486f942b268c2431e" refkind="member"><highlight class="normal"></highlight><highlight class="keywordtype">void</highlight><highlight class="normal"><sp/><ref refid="class_u_n_b_l_1a0ee536d872c0f93486f942b268c2431e" kindref="member">UNBL::SetAccountNumber</ref>(</highlight><highlight class="keywordtype">int</highlight><highlight class="normal"><sp/>accountNumber)<sp/>{</highlight></codeline>
<codeline lineno="75"><highlight class="normal"><sp/><sp/><sp/><sp/>this-&gt;accountNumber<sp/>=<sp/>accountNumber;</highlight></codeline>
<codeline lineno="76"><highlight class="normal">}</highlight></codeline>
<codeline lineno="77"><highlight class="normal"></highlight></codeline>
<codeline lineno="78" refid="class_u_n_b_l_1a44a84fb7fe8778e3048921581049c715" refkind="member"><highlight class="normal"></highlight><highlight class="keywordtype">int</highlight><highlight class="normal"><sp/><ref refid="class_u_n_b_l_1a44a84fb7fe8778e3048921581049c715" kindref="member">UNBL::GetAccountNumber</ref>()</highlight><highlight class="keyword"><sp/>const<sp/></highlight><highlight class="normal">{</highlight></codeline>
<codeline lineno="79"><highlight class="normal"><sp/><sp/><sp/><sp/></highlight><highlight class="keywordflow">return</highlight><highlight class="normal"><sp/>accountNumber;</highlight></codeline>
<codeline lineno="80"><highlight class="normal">}</highlight></codeline>
<codeline lineno="81"><highlight class="normal"></highlight></codeline>
<codeline lineno="82" refid="class_u_n_b_l_1abd683db339dffe71af3993a8a5cb5929" refkind="member"><highlight class="normal"></highlight><highlight class="keywordtype">void</highlight><highlight class="normal"><sp/><ref refid="class_u_n_b_l_1abd683db339dffe71af3993a8a5cb5929" kindref="member">UNBL::SetLastName</ref>(std::string<sp/>lastName)<sp/>{</highlight></codeline>
<codeline lineno="83"><highlight class="normal"><sp/><sp/><sp/><sp/>this-&gt;lastName<sp/>=<sp/>lastName;</highlight></codeline>
<codeline lineno="84"><highlight class="normal">}</highlight></codeline>
<codeline lineno="85"><highlight class="normal"></highlight></codeline>
<codeline lineno="86" refid="class_u_n_b_l_1a27f19f2af5e1abd33b5c63f16b493f6c" refkind="member"><highlight class="normal">std::string<sp/><ref refid="class_u_n_b_l_1a27f19f2af5e1abd33b5c63f16b493f6c" kindref="member">UNBL::GetLastName</ref>()</highlight><highlight class="keyword"><sp/>const<sp/></highlight><highlight class="normal">{</highlight></codeline>
<codeline lineno="87"><highlight class="normal"><sp/><sp/><sp/><sp/></highlight><highlight class="keywordflow">return</highlight><highlight class="normal"><sp/>lastName;</highlight></codeline>
<codeline lineno="88"><highlight class="normal">}</highlight></codeline>
<codeline lineno="89"><highlight class="normal"></highlight></codeline>
<codeline lineno="90" refid="class_u_n_b_l_1aef061d2cba01bcd752e9305dc374cabc" refkind="member"><highlight class="normal"></highlight><highlight class="keywordtype">void</highlight><highlight class="normal"><sp/><ref refid="class_u_n_b_l_1aef061d2cba01bcd752e9305dc374cabc" kindref="member">UNBL::SetFirstName</ref>(std::string<sp/>firstName)<sp/>{</highlight></codeline>
<codeline lineno="91"><highlight class="normal"><sp/><sp/><sp/><sp/>this-&gt;firstName<sp/>=<sp/>firstName;</highlight></codeline>
<codeline lineno="92"><highlight class="normal">}</highlight></codeline>
<codeline lineno="93"><highlight class="normal"></highlight></codeline>
<codeline lineno="94" refid="class_u_n_b_l_1ae89215b95f2e11aa70f9c8bbfd55c10c" refkind="member"><highlight class="normal">std::string<sp/><ref refid="class_u_n_b_l_1ae89215b95f2e11aa70f9c8bbfd55c10c" kindref="member">UNBL::GetFirstName</ref>()</highlight><highlight class="keyword"><sp/>const<sp/></highlight><highlight class="normal">{</highlight></codeline>
<codeline lineno="95"><highlight class="normal"><sp/><sp/><sp/><sp/></highlight><highlight class="keywordflow">return</highlight><highlight class="normal"><sp/>firstName;</highlight></codeline>
<codeline lineno="96"><highlight class="normal">}</highlight></codeline>
<codeline lineno="97"><highlight class="normal"></highlight></codeline>
<codeline lineno="98" refid="class_u_n_b_l_1a1b3f52c44756930c1ee4acb06f2634ad" refkind="member"><highlight class="normal"></highlight><highlight class="keywordtype">void</highlight><highlight class="normal"><sp/><ref refid="class_u_n_b_l_1a1b3f52c44756930c1ee4acb06f2634ad" kindref="member">UNBL::SetFullname</ref>(std::string<sp/>fullname)<sp/>{</highlight></codeline>
<codeline lineno="99"><highlight class="normal"><sp/><sp/><sp/><sp/>this-&gt;fullname<sp/>=<sp/>fullname;</highlight></codeline>
<codeline lineno="100"><highlight class="normal">}</highlight></codeline>
<codeline lineno="101"><highlight class="normal"></highlight></codeline>
<codeline lineno="102" refid="class_u_n_b_l_1a4292e9cafc42be3d9f4f3d6221bc9638" refkind="member"><highlight class="normal">std::string<sp/><ref refid="class_u_n_b_l_1a4292e9cafc42be3d9f4f3d6221bc9638" kindref="member">UNBL::GetFullname</ref>()</highlight><highlight class="keyword"><sp/>const<sp/></highlight><highlight class="normal">{</highlight></codeline>
<codeline lineno="103"><highlight class="normal"><sp/><sp/><sp/><sp/></highlight><highlight class="keywordflow">return</highlight><highlight class="normal"><sp/>fullname;</highlight></codeline>
<codeline lineno="104"><highlight class="normal">}</highlight></codeline>
<codeline lineno="105"><highlight class="normal"></highlight></codeline>
    </programlisting>
    <location file="UNBL.cpp"/>
  </compounddef>
</doxygen>
