<?xml version='1.0' encoding='UTF-8' standalone='no'?>
<doxygen xmlns:xsi="http://www.w3.org/2001/XMLSchema-instance" xsi:noNamespaceSchemaLocation="compound.xsd" version="1.8.11">
  <compounddef id="class_u_l_s_t_e_r" kind="class" language="C++" prot="public">
    <compoundname>ULSTER</compoundname>
    <basecompoundref refid="class_b_a_n_k" prot="public" virt="non-virtual">BANK</basecompoundref>
    <includes refid="_u_l_s_t_e_r_8h" local="no">ULSTER.h</includes>
      <sectiondef kind="private-attrib">
      <memberdef kind="variable" id="class_u_l_s_t_e_r_1a5dc42cbd515825463ba31c8d3dcfe1b6" prot="private" static="no" mutable="no">
        <type>std::string</type>
        <definition>std::string ULSTER::fullname</definition>
        <argsstring></argsstring>
        <name>fullname</name>
        <briefdescription>
        </briefdescription>
        <detaileddescription>
        </detaileddescription>
        <inbodydescription>
        </inbodydescription>
        <location file="ULSTER.h" line="92" column="1" bodyfile="ULSTER.h" bodystart="92" bodyend="-1"/>
      </memberdef>
      <memberdef kind="variable" id="class_u_l_s_t_e_r_1af8d138fdca14b59130b8b4ddd3d73b16" prot="private" static="no" mutable="no">
        <type>std::string</type>
        <definition>std::string ULSTER::firstName</definition>
        <argsstring></argsstring>
        <name>firstName</name>
        <briefdescription>
        </briefdescription>
        <detaileddescription>
        </detaileddescription>
        <inbodydescription>
        </inbodydescription>
        <location file="ULSTER.h" line="93" column="1" bodyfile="ULSTER.h" bodystart="93" bodyend="-1"/>
      </memberdef>
      <memberdef kind="variable" id="class_u_l_s_t_e_r_1afa319e559a6a7653aa67e6d8f801d7ee" prot="private" static="no" mutable="no">
        <type>std::string</type>
        <definition>std::string ULSTER::lastName</definition>
        <argsstring></argsstring>
        <name>lastName</name>
        <briefdescription>
        </briefdescription>
        <detaileddescription>
        </detaileddescription>
        <inbodydescription>
        </inbodydescription>
        <location file="ULSTER.h" line="94" column="1" bodyfile="ULSTER.h" bodystart="94" bodyend="-1"/>
      </memberdef>
      <memberdef kind="variable" id="class_u_l_s_t_e_r_1a13f0c2ce30f9e66e896633d81c9af979" prot="private" static="no" mutable="no">
        <type>int</type>
        <definition>int ULSTER::accountNumber</definition>
        <argsstring></argsstring>
        <name>accountNumber</name>
        <briefdescription>
        </briefdescription>
        <detaileddescription>
        </detaileddescription>
        <inbodydescription>
        </inbodydescription>
        <location file="ULSTER.h" line="95" column="1" bodyfile="ULSTER.h" bodystart="95" bodyend="-1"/>
      </memberdef>
      <memberdef kind="variable" id="class_u_l_s_t_e_r_1af98d3ed41f452b28f26994552465815c" prot="private" static="no" mutable="no">
        <type>double</type>
        <definition>double ULSTER::balance</definition>
        <argsstring></argsstring>
        <name>balance</name>
        <briefdescription>
        </briefdescription>
        <detaileddescription>
        </detaileddescription>
        <inbodydescription>
        </inbodydescription>
        <location file="ULSTER.h" line="96" column="1" bodyfile="ULSTER.h" bodystart="96" bodyend="-1"/>
      </memberdef>
      <memberdef kind="variable" id="class_u_l_s_t_e_r_1a7a13c5988ddafa47b8d6eea3e77fd786" prot="private" static="no" mutable="no">
        <type>std::string</type>
        <definition>std::string ULSTER::address</definition>
        <argsstring></argsstring>
        <name>address</name>
        <briefdescription>
        </briefdescription>
        <detaileddescription>
        </detaileddescription>
        <inbodydescription>
        </inbodydescription>
        <location file="ULSTER.h" line="97" column="1" bodyfile="ULSTER.h" bodystart="97" bodyend="-1"/>
      </memberdef>
      </sectiondef>
      <sectiondef kind="public-func">
      <memberdef kind="function" id="class_u_l_s_t_e_r_1a637ad8cb5537167ab51cd079637a8323" prot="public" static="no" const="no" explicit="no" inline="yes" virt="non-virtual">
        <type></type>
        <definition>ULSTER::ULSTER</definition>
        <argsstring>()</argsstring>
        <name>ULSTER</name>
        <briefdescription>
        </briefdescription>
        <detaileddescription>
<para>Constructor </para>        </detaileddescription>
        <inbodydescription>
        </inbodydescription>
        <location file="ULSTER.h" line="24" column="1" bodyfile="ULSTER.h" bodystart="24" bodyend="31"/>
        <referencedby refid="class_u_l_s_t_e_r_1ad0c05e562b0c67283edfa4940c9aa728" compoundref="_u_l_s_t_e_r_8cpp" startline="25" endline="31">getBaseCopy</referencedby>
        <referencedby refid="class_u_l_s_t_e_r_1ac7207ca64f86ef3081e176deb222805d" compoundref="_u_l_s_t_e_r_8h" startline="46" endline="54">ULSTER</referencedby>
      </memberdef>
      <memberdef kind="function" id="class_u_l_s_t_e_r_1ad80944864d4f907dd30b02a1d1a563cc" prot="public" static="no" const="no" explicit="no" inline="yes" virt="non-virtual">
        <type></type>
        <definition>ULSTER::ULSTER</definition>
        <argsstring>(int accountNumber, double balance, std::string firstName, std::string lastName, std::string address)</argsstring>
        <name>ULSTER</name>
        <param>
          <type>int</type>
          <declname>accountNumber</declname>
        </param>
        <param>
          <type>double</type>
          <declname>balance</declname>
        </param>
        <param>
          <type>std::string</type>
          <declname>firstName</declname>
        </param>
        <param>
          <type>std::string</type>
          <declname>lastName</declname>
        </param>
        <param>
          <type>std::string</type>
          <declname>address</declname>
        </param>
        <briefdescription>
        </briefdescription>
        <detaileddescription>
<para>Custom constructor </para>        </detaileddescription>
        <inbodydescription>
        </inbodydescription>
        <location file="ULSTER.h" line="35" column="1" bodyfile="ULSTER.h" bodystart="35" bodyend="42"/>
      </memberdef>
      <memberdef kind="function" id="class_u_l_s_t_e_r_1ac7207ca64f86ef3081e176deb222805d" prot="public" static="no" const="no" explicit="no" inline="yes" virt="non-virtual">
        <type></type>
        <definition>ULSTER::ULSTER</definition>
        <argsstring>(std::shared_ptr&lt; BANK &gt; obj, int _version, int _unique_id)</argsstring>
        <name>ULSTER</name>
        <param>
          <type>std::shared_ptr&lt; <ref refid="class_b_a_n_k" kindref="compound">BANK</ref> &gt;</type>
          <declname>obj</declname>
        </param>
        <param>
          <type>int</type>
          <declname>_version</declname>
        </param>
        <param>
          <type>int</type>
          <declname>_unique_id</declname>
        </param>
        <briefdescription>
        </briefdescription>
        <detaileddescription>
<para>Custom constructor, used by the library for deep copying </para>        </detaileddescription>
        <inbodydescription>
        </inbodydescription>
        <location file="ULSTER.h" line="46" column="1" bodyfile="ULSTER.h" bodystart="46" bodyend="54"/>
        <references refid="class_u_l_s_t_e_r_1a637ad8cb5537167ab51cd079637a8323" compoundref="_u_l_s_t_e_r_8h" startline="24" endline="31">ULSTER</references>
      </memberdef>
      <memberdef kind="function" id="class_u_l_s_t_e_r_1ad8847497742850609cd4748bbb6d0a8e" prot="public" static="no" const="no" explicit="no" inline="no" virt="non-virtual">
        <type></type>
        <definition>ULSTER::ULSTER</definition>
        <argsstring>(const ULSTER &amp;orig)</argsstring>
        <name>ULSTER</name>
        <param>
          <type>const <ref refid="class_u_l_s_t_e_r" kindref="compound">ULSTER</ref> &amp;</type>
          <declname>orig</declname>
        </param>
        <briefdescription>
        </briefdescription>
        <detaileddescription>
<para>Copy constructor </para>        </detaileddescription>
        <inbodydescription>
        </inbodydescription>
        <location file="ULSTER.h" line="58" column="1" bodyfile="ULSTER.cpp" bodystart="15" bodyend="16"/>
      </memberdef>
      <memberdef kind="function" id="class_u_l_s_t_e_r_1aa096fc13a27cf4c4238af3aad8382a13" prot="public" static="no" const="no" explicit="no" inline="yes" virt="non-virtual">
        <type><ref refid="class_u_l_s_t_e_r" kindref="compound">ULSTER</ref></type>
        <definition>ULSTER ULSTER::operator=</definition>
        <argsstring>(const ULSTER &amp;orig)</argsstring>
        <name>operator=</name>
        <param>
          <type>const <ref refid="class_u_l_s_t_e_r" kindref="compound">ULSTER</ref> &amp;</type>
          <declname>orig</declname>
        </param>
        <briefdescription>
        </briefdescription>
        <detaileddescription>
<para>Operator </para>        </detaileddescription>
        <inbodydescription>
        </inbodydescription>
        <location file="ULSTER.h" line="62" column="1" bodyfile="ULSTER.h" bodystart="62" bodyend="62"/>
        <references refid="class_u_l_s_t_e_r_1a4ceb68bdbc806f74f9e55096f8223453" compoundref="_u_l_s_t_e_r_8cpp" startline="18" endline="19">~ULSTER</references>
        <references refid="class_u_l_s_t_e_r_1aeef5c3e20f2a82344b4b83e5ccf4cc40" compoundref="_u_l_s_t_e_r_8cpp" startline="37" endline="47">copy</references>
        <references refid="class_u_l_s_t_e_r_1ad0c05e562b0c67283edfa4940c9aa728" compoundref="_u_l_s_t_e_r_8cpp" startline="25" endline="31">getBaseCopy</references>
        <references refid="class_u_l_s_t_e_r_1a341bbcb3f7d6ef10f30d4734ceed10ee" compoundref="_u_l_s_t_e_r_8cpp" startline="58" endline="61">toString</references>
        <references refid="class_u_l_s_t_e_r_1a5b0662f0524ce8ce710881a05b431fad" compoundref="_u_l_s_t_e_r_8cpp" startline="63" endline="65">SetAddress</references>
        <references refid="class_u_l_s_t_e_r_1ac31a16a960e53ea592b0d809a3ba167d" compoundref="_u_l_s_t_e_r_8cpp" startline="67" endline="69">GetAddress</references>
        <references refid="class_u_l_s_t_e_r_1a288ded3e96cf65a066f13529db94b182" compoundref="_u_l_s_t_e_r_8cpp" startline="71" endline="73">SetBalance</references>
        <references refid="class_u_l_s_t_e_r_1ae70da9686ac038862900182a984e56eb" compoundref="_u_l_s_t_e_r_8cpp" startline="75" endline="77">GetBalance</references>
        <references refid="class_u_l_s_t_e_r_1ae28bbc54174cd9b3b268d827c122c412" compoundref="_u_l_s_t_e_r_8cpp" startline="79" endline="81">SetAccountNumber</references>
        <references refid="class_u_l_s_t_e_r_1a1ad672ae865a9f559bf4d3c33c243d63" compoundref="_u_l_s_t_e_r_8cpp" startline="83" endline="85">GetAccountNumber</references>
        <references refid="class_u_l_s_t_e_r_1ab2fec6b440c29b1953296ad23d4b432c" compoundref="_u_l_s_t_e_r_8cpp" startline="87" endline="89">SetLastName</references>
        <references refid="class_u_l_s_t_e_r_1a9320b012bccda4ebf6b41c9ed972743c" compoundref="_u_l_s_t_e_r_8cpp" startline="91" endline="93">GetLastName</references>
        <references refid="class_u_l_s_t_e_r_1a07b57449397c42be1c2b512851dceebd" compoundref="_u_l_s_t_e_r_8cpp" startline="95" endline="97">SetFirstName</references>
        <references refid="class_u_l_s_t_e_r_1a85ee4e42d9b309608d8dfbedac65ff27" compoundref="_u_l_s_t_e_r_8cpp" startline="99" endline="101">GetFirstName</references>
        <references refid="class_u_l_s_t_e_r_1a38d245bc2b6bb14bbb39c3347766140d" compoundref="_u_l_s_t_e_r_8cpp" startline="103" endline="105">SetFullname</references>
        <references refid="class_u_l_s_t_e_r_1abb93ac2163f908782d00cbae169ebb91" compoundref="_u_l_s_t_e_r_8cpp" startline="107" endline="109">GetFullname</references>
      </memberdef>
      <memberdef kind="function" id="class_u_l_s_t_e_r_1a4ceb68bdbc806f74f9e55096f8223453" prot="public" static="no" const="no" explicit="no" inline="no" virt="virtual">
        <type></type>
        <definition>ULSTER::~ULSTER</definition>
        <argsstring>()</argsstring>
        <name>~ULSTER</name>
        <briefdescription>
        </briefdescription>
        <detaileddescription>
<para>de-constructor </para>        </detaileddescription>
        <inbodydescription>
        </inbodydescription>
        <location file="ULSTER.h" line="66" column="1" bodyfile="ULSTER.cpp" bodystart="18" bodyend="19"/>
        <referencedby refid="class_u_l_s_t_e_r_1aa096fc13a27cf4c4238af3aad8382a13" compoundref="_u_l_s_t_e_r_8h" startline="62" endline="62">operator=</referencedby>
      </memberdef>
      <memberdef kind="function" id="class_u_l_s_t_e_r_1aeef5c3e20f2a82344b4b83e5ccf4cc40" prot="public" static="no" const="no" explicit="no" inline="no" virt="virtual">
        <type>void</type>
        <definition>void ULSTER::copy</definition>
        <argsstring>(std::shared_ptr&lt; OSTM &gt; to, std::shared_ptr&lt; OSTM &gt; from)</argsstring>
        <name>copy</name>
        <reimplements refid="class_o_s_t_m_1a535d90fced5adbb70312c92f3778e08d">copy</reimplements>
        <param>
          <type>std::shared_ptr&lt; <ref refid="class_o_s_t_m" kindref="compound">OSTM</ref> &gt;</type>
          <declname>to</declname>
        </param>
        <param>
          <type>std::shared_ptr&lt; <ref refid="class_o_s_t_m" kindref="compound">OSTM</ref> &gt;</type>
          <declname>from</declname>
        </param>
        <briefdescription>
<para>copy function, make deep copy of the object/pointer </para>        </briefdescription>
        <detaileddescription>
<para><parameterlist kind="param"><parameteritem>
<parameternamelist>
<parametername>objTO</parametername>
</parameternamelist>
<parameterdescription>
<para>is a std::shared_ptr&lt;BANK&gt; type object casted back from std::shared_ptr&lt;OSTM&gt; </para></parameterdescription>
</parameteritem>
<parameteritem>
<parameternamelist>
<parametername>objFROM</parametername>
</parameternamelist>
<parameterdescription>
<para>is a std::shared_ptr&lt;BANK&gt; type object casted back from std::shared_ptr&lt;OSTM&gt; </para></parameterdescription>
</parameteritem>
</parameterlist>
</para>        </detaileddescription>
        <inbodydescription>
        </inbodydescription>
        <location file="ULSTER.h" line="72" column="1" bodyfile="ULSTER.cpp" bodystart="37" bodyend="47"/>
        <references refid="class_o_s_t_m_1ab5019a32185631c08abbf826422f2d93" compoundref="_o_s_t_m_8cpp" startline="66" endline="68">OSTM::Set_Unique_ID</references>
        <referencedby refid="class_u_l_s_t_e_r_1aa096fc13a27cf4c4238af3aad8382a13" compoundref="_u_l_s_t_e_r_8h" startline="62" endline="62">operator=</referencedby>
      </memberdef>
      <memberdef kind="function" id="class_u_l_s_t_e_r_1ad0c05e562b0c67283edfa4940c9aa728" prot="public" static="no" const="no" explicit="no" inline="no" virt="virtual">
        <type>std::shared_ptr&lt; <ref refid="class_o_s_t_m" kindref="compound">OSTM</ref> &gt;</type>
        <definition>std::shared_ptr&lt; OSTM &gt; ULSTER::getBaseCopy</definition>
        <argsstring>(std::shared_ptr&lt; OSTM &gt; object)</argsstring>
        <name>getBaseCopy</name>
        <reimplements refid="class_o_s_t_m_1a0bfa3763bd441407dd6365f42714f94c">getBaseCopy</reimplements>
        <param>
          <type>std::shared_ptr&lt; <ref refid="class_o_s_t_m" kindref="compound">OSTM</ref> &gt;</type>
          <declname>object</declname>
        </param>
        <briefdescription>
<para>getBaseCopy function, make deep copy of the object/pointer and Return a new std::shared_ptr&lt;BANK&gt; type object </para>        </briefdescription>
        <detaileddescription>
<para><parameterlist kind="param"><parameteritem>
<parameternamelist>
<parametername>objTO</parametername>
</parameternamelist>
<parameterdescription>
<para>is a <ref refid="class_b_a_n_k" kindref="compound">BANK</ref> type pointer for casting </para></parameterdescription>
</parameteritem>
<parameteritem>
<parameternamelist>
<parametername>obj</parametername>
</parameternamelist>
<parameterdescription>
<para>is a std::shared_ptr&lt;BANK&gt; return type </para></parameterdescription>
</parameteritem>
</parameterlist>
</para>        </detaileddescription>
        <inbodydescription>
        </inbodydescription>
        <location file="ULSTER.h" line="73" column="1" bodyfile="ULSTER.cpp" bodystart="25" bodyend="31"/>
        <references refid="class_u_l_s_t_e_r_1a637ad8cb5537167ab51cd079637a8323" compoundref="_u_l_s_t_e_r_8h" startline="24" endline="31">ULSTER</references>
        <referencedby refid="class_u_l_s_t_e_r_1aa096fc13a27cf4c4238af3aad8382a13" compoundref="_u_l_s_t_e_r_8h" startline="62" endline="62">operator=</referencedby>
      </memberdef>
      <memberdef kind="function" id="class_u_l_s_t_e_r_1a341bbcb3f7d6ef10f30d4734ceed10ee" prot="public" static="no" const="no" explicit="no" inline="no" virt="virtual">
        <type>void</type>
        <definition>void ULSTER::toString</definition>
        <argsstring>()</argsstring>
        <name>toString</name>
        <reimplements refid="class_o_s_t_m_1a513396a115f2987fd07c203309ae8a59">toString</reimplements>
        <briefdescription>
<para>_cast, is use to cast bak the std::shared_ptr&lt;OSTM&gt; to the required type </para>        </briefdescription>
        <detaileddescription>
<para>toString function, displays the object values in formatted way </para>        </detaileddescription>
        <inbodydescription>
        </inbodydescription>
        <location file="ULSTER.h" line="74" column="1" bodyfile="ULSTER.cpp" bodystart="58" bodyend="61"/>
        <references refid="class_o_s_t_m_1a5a01a8b98d16b1d1904ecf9356e7b71d" compoundref="_o_s_t_m_8cpp" startline="73" endline="76">OSTM::Get_Unique_ID</references>
        <references refid="class_u_l_s_t_e_r_1a1ad672ae865a9f559bf4d3c33c243d63" compoundref="_u_l_s_t_e_r_8cpp" startline="83" endline="85">GetAccountNumber</references>
        <references refid="class_u_l_s_t_e_r_1ae70da9686ac038862900182a984e56eb" compoundref="_u_l_s_t_e_r_8cpp" startline="75" endline="77">GetBalance</references>
        <references refid="class_u_l_s_t_e_r_1a85ee4e42d9b309608d8dfbedac65ff27" compoundref="_u_l_s_t_e_r_8cpp" startline="99" endline="101">GetFirstName</references>
        <references refid="class_u_l_s_t_e_r_1a9320b012bccda4ebf6b41c9ed972743c" compoundref="_u_l_s_t_e_r_8cpp" startline="91" endline="93">GetLastName</references>
        <references refid="class_o_s_t_m_1a1f1db9d482f22c8e7caa17dfb340626b" compoundref="_o_s_t_m_8cpp" startline="89" endline="92">OSTM::Get_Version</references>
        <referencedby refid="class_u_l_s_t_e_r_1aa096fc13a27cf4c4238af3aad8382a13" compoundref="_u_l_s_t_e_r_8h" startline="62" endline="62">operator=</referencedby>
      </memberdef>
      <memberdef kind="function" id="class_u_l_s_t_e_r_1a5b0662f0524ce8ce710881a05b431fad" prot="public" static="no" const="no" explicit="no" inline="no" virt="virtual">
        <type>void</type>
        <definition>void ULSTER::SetAddress</definition>
        <argsstring>(std::string address)</argsstring>
        <name>SetAddress</name>
        <reimplements refid="class_b_a_n_k_1a52ad99454b2059d44967868157208393">SetAddress</reimplements>
        <param>
          <type>std::string</type>
          <declname>address</declname>
        </param>
        <briefdescription>
        </briefdescription>
        <detaileddescription>
        </detaileddescription>
        <inbodydescription>
        </inbodydescription>
        <location file="ULSTER.h" line="79" column="1" bodyfile="ULSTER.cpp" bodystart="63" bodyend="65"/>
        <referencedby refid="class_u_l_s_t_e_r_1aa096fc13a27cf4c4238af3aad8382a13" compoundref="_u_l_s_t_e_r_8h" startline="62" endline="62">operator=</referencedby>
      </memberdef>
      <memberdef kind="function" id="class_u_l_s_t_e_r_1ac31a16a960e53ea592b0d809a3ba167d" prot="public" static="no" const="yes" explicit="no" inline="no" virt="virtual">
        <type>std::string</type>
        <definition>std::string ULSTER::GetAddress</definition>
        <argsstring>() const </argsstring>
        <name>GetAddress</name>
        <reimplements refid="class_b_a_n_k_1a358741f647f9494026e02fd3fd27cde6">GetAddress</reimplements>
        <briefdescription>
        </briefdescription>
        <detaileddescription>
        </detaileddescription>
        <inbodydescription>
        </inbodydescription>
        <location file="ULSTER.h" line="80" column="1" bodyfile="ULSTER.cpp" bodystart="67" bodyend="69"/>
        <referencedby refid="class_u_l_s_t_e_r_1aa096fc13a27cf4c4238af3aad8382a13" compoundref="_u_l_s_t_e_r_8h" startline="62" endline="62">operator=</referencedby>
      </memberdef>
      <memberdef kind="function" id="class_u_l_s_t_e_r_1a288ded3e96cf65a066f13529db94b182" prot="public" static="no" const="no" explicit="no" inline="no" virt="virtual">
        <type>void</type>
        <definition>void ULSTER::SetBalance</definition>
        <argsstring>(double balance)</argsstring>
        <name>SetBalance</name>
        <reimplements refid="class_b_a_n_k_1ae3e45b407bf8ec7175662442ea24b7c0">SetBalance</reimplements>
        <param>
          <type>double</type>
          <declname>balance</declname>
        </param>
        <briefdescription>
        </briefdescription>
        <detaileddescription>
        </detaileddescription>
        <inbodydescription>
        </inbodydescription>
        <location file="ULSTER.h" line="81" column="1" bodyfile="ULSTER.cpp" bodystart="71" bodyend="73"/>
        <referencedby refid="class_u_l_s_t_e_r_1aa096fc13a27cf4c4238af3aad8382a13" compoundref="_u_l_s_t_e_r_8h" startline="62" endline="62">operator=</referencedby>
      </memberdef>
      <memberdef kind="function" id="class_u_l_s_t_e_r_1ae70da9686ac038862900182a984e56eb" prot="public" static="no" const="yes" explicit="no" inline="no" virt="virtual">
        <type>double</type>
        <definition>double ULSTER::GetBalance</definition>
        <argsstring>() const </argsstring>
        <name>GetBalance</name>
        <reimplements refid="class_b_a_n_k_1a7ac46c74859cebdc933cb27e148d18b1">GetBalance</reimplements>
        <briefdescription>
        </briefdescription>
        <detaileddescription>
        </detaileddescription>
        <inbodydescription>
        </inbodydescription>
        <location file="ULSTER.h" line="82" column="1" bodyfile="ULSTER.cpp" bodystart="75" bodyend="77"/>
        <referencedby refid="class_u_l_s_t_e_r_1a341bbcb3f7d6ef10f30d4734ceed10ee" compoundref="_u_l_s_t_e_r_8cpp" startline="58" endline="61">toString</referencedby>
        <referencedby refid="class_u_l_s_t_e_r_1aa096fc13a27cf4c4238af3aad8382a13" compoundref="_u_l_s_t_e_r_8h" startline="62" endline="62">operator=</referencedby>
      </memberdef>
      <memberdef kind="function" id="class_u_l_s_t_e_r_1ae28bbc54174cd9b3b268d827c122c412" prot="public" static="no" const="no" explicit="no" inline="no" virt="virtual">
        <type>void</type>
        <definition>void ULSTER::SetAccountNumber</definition>
        <argsstring>(int accountNumber)</argsstring>
        <name>SetAccountNumber</name>
        <reimplements refid="class_b_a_n_k_1a9d8fb8bde35d63eca7e9f87d22b45752">SetAccountNumber</reimplements>
        <param>
          <type>int</type>
          <declname>accountNumber</declname>
        </param>
        <briefdescription>
        </briefdescription>
        <detaileddescription>
        </detaileddescription>
        <inbodydescription>
        </inbodydescription>
        <location file="ULSTER.h" line="83" column="1" bodyfile="ULSTER.cpp" bodystart="79" bodyend="81"/>
        <referencedby refid="class_u_l_s_t_e_r_1aa096fc13a27cf4c4238af3aad8382a13" compoundref="_u_l_s_t_e_r_8h" startline="62" endline="62">operator=</referencedby>
      </memberdef>
      <memberdef kind="function" id="class_u_l_s_t_e_r_1a1ad672ae865a9f559bf4d3c33c243d63" prot="public" static="no" const="yes" explicit="no" inline="no" virt="virtual">
        <type>int</type>
        <definition>int ULSTER::GetAccountNumber</definition>
        <argsstring>() const </argsstring>
        <name>GetAccountNumber</name>
        <reimplements refid="class_b_a_n_k_1a62adf3cea60d863a4a10eeee485fa1aa">GetAccountNumber</reimplements>
        <briefdescription>
        </briefdescription>
        <detaileddescription>
        </detaileddescription>
        <inbodydescription>
        </inbodydescription>
        <location file="ULSTER.h" line="84" column="1" bodyfile="ULSTER.cpp" bodystart="83" bodyend="85"/>
        <referencedby refid="class_u_l_s_t_e_r_1a341bbcb3f7d6ef10f30d4734ceed10ee" compoundref="_u_l_s_t_e_r_8cpp" startline="58" endline="61">toString</referencedby>
        <referencedby refid="class_u_l_s_t_e_r_1aa096fc13a27cf4c4238af3aad8382a13" compoundref="_u_l_s_t_e_r_8h" startline="62" endline="62">operator=</referencedby>
      </memberdef>
      <memberdef kind="function" id="class_u_l_s_t_e_r_1ab2fec6b440c29b1953296ad23d4b432c" prot="public" static="no" const="no" explicit="no" inline="no" virt="virtual">
        <type>void</type>
        <definition>void ULSTER::SetLastName</definition>
        <argsstring>(std::string lastName)</argsstring>
        <name>SetLastName</name>
        <reimplements refid="class_b_a_n_k_1a2dc1b7664f9e3b005cb33e71b2ba42ee">SetLastName</reimplements>
        <param>
          <type>std::string</type>
          <declname>lastName</declname>
        </param>
        <briefdescription>
        </briefdescription>
        <detaileddescription>
        </detaileddescription>
        <inbodydescription>
        </inbodydescription>
        <location file="ULSTER.h" line="85" column="1" bodyfile="ULSTER.cpp" bodystart="87" bodyend="89"/>
        <referencedby refid="class_u_l_s_t_e_r_1aa096fc13a27cf4c4238af3aad8382a13" compoundref="_u_l_s_t_e_r_8h" startline="62" endline="62">operator=</referencedby>
      </memberdef>
      <memberdef kind="function" id="class_u_l_s_t_e_r_1a9320b012bccda4ebf6b41c9ed972743c" prot="public" static="no" const="yes" explicit="no" inline="no" virt="virtual">
        <type>std::string</type>
        <definition>std::string ULSTER::GetLastName</definition>
        <argsstring>() const </argsstring>
        <name>GetLastName</name>
        <reimplements refid="class_b_a_n_k_1a4612063ec2bfd6d883a77a0d3697af90">GetLastName</reimplements>
        <briefdescription>
        </briefdescription>
        <detaileddescription>
        </detaileddescription>
        <inbodydescription>
        </inbodydescription>
        <location file="ULSTER.h" line="86" column="1" bodyfile="ULSTER.cpp" bodystart="91" bodyend="93"/>
        <referencedby refid="class_u_l_s_t_e_r_1a341bbcb3f7d6ef10f30d4734ceed10ee" compoundref="_u_l_s_t_e_r_8cpp" startline="58" endline="61">toString</referencedby>
        <referencedby refid="class_u_l_s_t_e_r_1aa096fc13a27cf4c4238af3aad8382a13" compoundref="_u_l_s_t_e_r_8h" startline="62" endline="62">operator=</referencedby>
      </memberdef>
      <memberdef kind="function" id="class_u_l_s_t_e_r_1a07b57449397c42be1c2b512851dceebd" prot="public" static="no" const="no" explicit="no" inline="no" virt="virtual">
        <type>void</type>
        <definition>void ULSTER::SetFirstName</definition>
        <argsstring>(std::string firstName)</argsstring>
        <name>SetFirstName</name>
        <reimplements refid="class_b_a_n_k_1a547cb9f21be894f045bb3cec6b12525c">SetFirstName</reimplements>
        <param>
          <type>std::string</type>
          <declname>firstName</declname>
        </param>
        <briefdescription>
        </briefdescription>
        <detaileddescription>
        </detaileddescription>
        <inbodydescription>
        </inbodydescription>
        <location file="ULSTER.h" line="87" column="1" bodyfile="ULSTER.cpp" bodystart="95" bodyend="97"/>
        <referencedby refid="class_u_l_s_t_e_r_1aa096fc13a27cf4c4238af3aad8382a13" compoundref="_u_l_s_t_e_r_8h" startline="62" endline="62">operator=</referencedby>
      </memberdef>
      <memberdef kind="function" id="class_u_l_s_t_e_r_1a85ee4e42d9b309608d8dfbedac65ff27" prot="public" static="no" const="yes" explicit="no" inline="no" virt="virtual">
        <type>std::string</type>
        <definition>std::string ULSTER::GetFirstName</definition>
        <argsstring>() const </argsstring>
        <name>GetFirstName</name>
        <reimplements refid="class_b_a_n_k_1ad0ba1c785c67e7d4760dc8776f3d4bca">GetFirstName</reimplements>
        <briefdescription>
        </briefdescription>
        <detaileddescription>
        </detaileddescription>
        <inbodydescription>
        </inbodydescription>
        <location file="ULSTER.h" line="88" column="1" bodyfile="ULSTER.cpp" bodystart="99" bodyend="101"/>
        <referencedby refid="class_u_l_s_t_e_r_1a341bbcb3f7d6ef10f30d4734ceed10ee" compoundref="_u_l_s_t_e_r_8cpp" startline="58" endline="61">toString</referencedby>
        <referencedby refid="class_u_l_s_t_e_r_1aa096fc13a27cf4c4238af3aad8382a13" compoundref="_u_l_s_t_e_r_8h" startline="62" endline="62">operator=</referencedby>
      </memberdef>
      <memberdef kind="function" id="class_u_l_s_t_e_r_1a38d245bc2b6bb14bbb39c3347766140d" prot="public" static="no" const="no" explicit="no" inline="no" virt="virtual">
        <type>void</type>
        <definition>void ULSTER::SetFullname</definition>
        <argsstring>(std::string fullname)</argsstring>
        <name>SetFullname</name>
        <reimplements refid="class_b_a_n_k_1a8845dbfc7ddfbc2e0c0efda561a70ec3">SetFullname</reimplements>
        <param>
          <type>std::string</type>
          <declname>fullname</declname>
        </param>
        <briefdescription>
        </briefdescription>
        <detaileddescription>
        </detaileddescription>
        <inbodydescription>
        </inbodydescription>
        <location file="ULSTER.h" line="89" column="1" bodyfile="ULSTER.cpp" bodystart="103" bodyend="105"/>
        <referencedby refid="class_u_l_s_t_e_r_1aa096fc13a27cf4c4238af3aad8382a13" compoundref="_u_l_s_t_e_r_8h" startline="62" endline="62">operator=</referencedby>
      </memberdef>
      <memberdef kind="function" id="class_u_l_s_t_e_r_1abb93ac2163f908782d00cbae169ebb91" prot="public" static="no" const="yes" explicit="no" inline="no" virt="virtual">
        <type>std::string</type>
        <definition>std::string ULSTER::GetFullname</definition>
        <argsstring>() const </argsstring>
        <name>GetFullname</name>
        <reimplements refid="class_b_a_n_k_1aa1528c533bf6389bc8d7f3eeca114bab">GetFullname</reimplements>
        <briefdescription>
        </briefdescription>
        <detaileddescription>
        </detaileddescription>
        <inbodydescription>
        </inbodydescription>
        <location file="ULSTER.h" line="90" column="1" bodyfile="ULSTER.cpp" bodystart="107" bodyend="109"/>
        <referencedby refid="class_u_l_s_t_e_r_1aa096fc13a27cf4c4238af3aad8382a13" compoundref="_u_l_s_t_e_r_8h" startline="62" endline="62">operator=</referencedby>
      </memberdef>
      </sectiondef>
    <briefdescription>
    </briefdescription>
    <detaileddescription>
<para>Inherit from <ref refid="class_b_a_n_k" kindref="compound">BANK</ref> </para>    </detaileddescription>
    <inheritancegraph>
      <node id="204">
        <label>OSTM</label>
        <link refid="class_o_s_t_m"/>
      </node>
      <node id="202">
        <label>ULSTER</label>
        <link refid="class_u_l_s_t_e_r"/>
        <childnode refid="203" relation="public-inheritance">
        </childnode>
      </node>
      <node id="203">
        <label>BANK</label>
        <link refid="class_b_a_n_k"/>
        <childnode refid="204" relation="public-inheritance">
        </childnode>
      </node>
    </inheritancegraph>
    <collaborationgraph>
      <node id="207">
        <label>OSTM</label>
        <link refid="class_o_s_t_m"/>
      </node>
      <node id="205">
        <label>ULSTER</label>
        <link refid="class_u_l_s_t_e_r"/>
        <childnode refid="206" relation="public-inheritance">
        </childnode>
      </node>
      <node id="206">
        <label>BANK</label>
        <link refid="class_b_a_n_k"/>
        <childnode refid="207" relation="public-inheritance">
        </childnode>
      </node>
    </collaborationgraph>
    <location file="ULSTER.h" line="19" column="1" bodyfile="ULSTER.h" bodystart="19" bodyend="99"/>
    <listofallmembers>
      <member refid="class_u_l_s_t_e_r_1a13f0c2ce30f9e66e896633d81c9af979" prot="private" virt="non-virtual"><scope>ULSTER</scope><name>accountNumber</name></member>
      <member refid="class_u_l_s_t_e_r_1a7a13c5988ddafa47b8d6eea3e77fd786" prot="private" virt="non-virtual"><scope>ULSTER</scope><name>address</name></member>
      <member refid="class_u_l_s_t_e_r_1af98d3ed41f452b28f26994552465815c" prot="private" virt="non-virtual"><scope>ULSTER</scope><name>balance</name></member>
      <member refid="class_b_a_n_k_1a0bc938356cebff14fb0560264abe5a34" prot="public" virt="non-virtual"><scope>ULSTER</scope><name>BANK</name></member>
      <member refid="class_b_a_n_k_1a7382dd275d8f4f10a8b53ccbc93e1e87" prot="public" virt="non-virtual"><scope>ULSTER</scope><name>BANK</name></member>
      <member refid="class_b_a_n_k_1a4dd657c30039ea00a040e6226c23ccd4" prot="public" virt="non-virtual"><scope>ULSTER</scope><name>BANK</name></member>
      <member refid="class_u_l_s_t_e_r_1aeef5c3e20f2a82344b4b83e5ccf4cc40" prot="public" virt="virtual"><scope>ULSTER</scope><name>copy</name></member>
      <member refid="class_u_l_s_t_e_r_1af8d138fdca14b59130b8b4ddd3d73b16" prot="private" virt="non-virtual"><scope>ULSTER</scope><name>firstName</name></member>
      <member refid="class_u_l_s_t_e_r_1a5dc42cbd515825463ba31c8d3dcfe1b6" prot="private" virt="non-virtual"><scope>ULSTER</scope><name>fullname</name></member>
      <member refid="class_o_s_t_m_1a5a01a8b98d16b1d1904ecf9356e7b71d" prot="public" virt="non-virtual"><scope>ULSTER</scope><name>Get_Unique_ID</name></member>
      <member refid="class_o_s_t_m_1a1f1db9d482f22c8e7caa17dfb340626b" prot="public" virt="non-virtual"><scope>ULSTER</scope><name>Get_Version</name></member>
      <member refid="class_u_l_s_t_e_r_1a1ad672ae865a9f559bf4d3c33c243d63" prot="public" virt="virtual"><scope>ULSTER</scope><name>GetAccountNumber</name></member>
      <member refid="class_u_l_s_t_e_r_1ac31a16a960e53ea592b0d809a3ba167d" prot="public" virt="virtual"><scope>ULSTER</scope><name>GetAddress</name></member>
      <member refid="class_u_l_s_t_e_r_1ae70da9686ac038862900182a984e56eb" prot="public" virt="virtual"><scope>ULSTER</scope><name>GetBalance</name></member>
      <member refid="class_u_l_s_t_e_r_1ad0c05e562b0c67283edfa4940c9aa728" prot="public" virt="virtual"><scope>ULSTER</scope><name>getBaseCopy</name></member>
      <member refid="class_u_l_s_t_e_r_1a85ee4e42d9b309608d8dfbedac65ff27" prot="public" virt="virtual"><scope>ULSTER</scope><name>GetFirstName</name></member>
      <member refid="class_u_l_s_t_e_r_1abb93ac2163f908782d00cbae169ebb91" prot="public" virt="virtual"><scope>ULSTER</scope><name>GetFullname</name></member>
      <member refid="class_u_l_s_t_e_r_1a9320b012bccda4ebf6b41c9ed972743c" prot="public" virt="virtual"><scope>ULSTER</scope><name>GetLastName</name></member>
      <member refid="class_o_s_t_m_1a5f90caa4384d371c16b7cac860d9f89a" prot="public" virt="non-virtual"><scope>ULSTER</scope><name>increase_VersionNumber</name></member>
      <member refid="class_o_s_t_m_1afc2851abf5342c3c67342c2c14820115" prot="public" virt="non-virtual"><scope>ULSTER</scope><name>Is_Abort_Transaction</name></member>
      <member refid="class_o_s_t_m_1a8df39ced3b401aa466df97e26d14b1b7" prot="public" virt="non-virtual"><scope>ULSTER</scope><name>Is_Can_Commit</name></member>
      <member refid="class_o_s_t_m_1afb6520023ed2c4a6188b688c46f192d0" prot="public" virt="non-virtual"><scope>ULSTER</scope><name>is_Locked</name></member>
      <member refid="class_u_l_s_t_e_r_1afa319e559a6a7653aa67e6d8f801d7ee" prot="private" virt="non-virtual"><scope>ULSTER</scope><name>lastName</name></member>
      <member refid="class_o_s_t_m_1af192c598a3c647f37aaba5757e60240f" prot="public" virt="non-virtual"><scope>ULSTER</scope><name>lock_Mutex</name></member>
      <member refid="class_u_l_s_t_e_r_1aa096fc13a27cf4c4238af3aad8382a13" prot="public" virt="non-virtual"><scope>ULSTER</scope><name>operator=</name></member>
      <member refid="class_o_s_t_m_1a968edf778668bd0ec7603f0571619196" prot="public" virt="non-virtual"><scope>ULSTER</scope><name>OSTM</name></member>
      <member refid="class_o_s_t_m_1a2314f55a127b94aa8a51d19ba798401e" prot="public" virt="non-virtual"><scope>ULSTER</scope><name>OSTM</name></member>
      <member refid="class_o_s_t_m_1aba384cf65c5f56f5b86833730c3c6ea4" prot="public" virt="non-virtual"><scope>ULSTER</scope><name>Set_Abort_Transaction</name></member>
      <member refid="class_o_s_t_m_1a813ee61c9d1c83c6a6ae30d12aca8a5d" prot="public" virt="non-virtual"><scope>ULSTER</scope><name>Set_Can_Commit</name></member>
      <member refid="class_o_s_t_m_1ab5019a32185631c08abbf826422f2d93" prot="public" virt="non-virtual"><scope>ULSTER</scope><name>Set_Unique_ID</name></member>
      <member refid="class_o_s_t_m_1a9529ad8d6d28c1f0cc9b86ed91df1ae1" prot="public" virt="non-virtual"><scope>ULSTER</scope><name>Set_Version</name></member>
      <member refid="class_u_l_s_t_e_r_1ae28bbc54174cd9b3b268d827c122c412" prot="public" virt="virtual"><scope>ULSTER</scope><name>SetAccountNumber</name></member>
      <member refid="class_u_l_s_t_e_r_1a5b0662f0524ce8ce710881a05b431fad" prot="public" virt="virtual"><scope>ULSTER</scope><name>SetAddress</name></member>
      <member refid="class_u_l_s_t_e_r_1a288ded3e96cf65a066f13529db94b182" prot="public" virt="virtual"><scope>ULSTER</scope><name>SetBalance</name></member>
      <member refid="class_u_l_s_t_e_r_1a07b57449397c42be1c2b512851dceebd" prot="public" virt="virtual"><scope>ULSTER</scope><name>SetFirstName</name></member>
      <member refid="class_u_l_s_t_e_r_1a38d245bc2b6bb14bbb39c3347766140d" prot="public" virt="virtual"><scope>ULSTER</scope><name>SetFullname</name></member>
      <member refid="class_u_l_s_t_e_r_1ab2fec6b440c29b1953296ad23d4b432c" prot="public" virt="virtual"><scope>ULSTER</scope><name>SetLastName</name></member>
      <member refid="class_u_l_s_t_e_r_1a341bbcb3f7d6ef10f30d4734ceed10ee" prot="public" virt="virtual"><scope>ULSTER</scope><name>toString</name></member>
      <member refid="class_u_l_s_t_e_r_1a637ad8cb5537167ab51cd079637a8323" prot="public" virt="non-virtual"><scope>ULSTER</scope><name>ULSTER</name></member>
      <member refid="class_u_l_s_t_e_r_1ad80944864d4f907dd30b02a1d1a563cc" prot="public" virt="non-virtual"><scope>ULSTER</scope><name>ULSTER</name></member>
      <member refid="class_u_l_s_t_e_r_1ac7207ca64f86ef3081e176deb222805d" prot="public" virt="non-virtual"><scope>ULSTER</scope><name>ULSTER</name></member>
      <member refid="class_u_l_s_t_e_r_1ad8847497742850609cd4748bbb6d0a8e" prot="public" virt="non-virtual"><scope>ULSTER</scope><name>ULSTER</name></member>
      <member refid="class_o_s_t_m_1a6cd703bc26c719fd95b4f5362d050762" prot="public" virt="non-virtual"><scope>ULSTER</scope><name>unlock_Mutex</name></member>
      <member refid="class_b_a_n_k_1ad609a1e004efdebab6495d95eced2346" prot="public" virt="virtual"><scope>ULSTER</scope><name>~BANK</name></member>
      <member refid="class_o_s_t_m_1a30a17d73d0259c60eeab72d6dfa9ceb1" prot="public" virt="virtual"><scope>ULSTER</scope><name>~OSTM</name></member>
      <member refid="class_u_l_s_t_e_r_1a4ceb68bdbc806f74f9e55096f8223453" prot="public" virt="virtual"><scope>ULSTER</scope><name>~ULSTER</name></member>
    </listofallmembers>
  </compounddef>
</doxygen>
