<?xml version='1.0' encoding='UTF-8' standalone='no'?>
<doxygen xmlns:xsi="http://www.w3.org/2001/XMLSchema-instance" xsi:noNamespaceSchemaLocation="compound.xsd" version="1.8.11">
  <compounddef id="class_b_o_i" kind="class" language="C++" prot="public">
    <compoundname>BOI</compoundname>
    <basecompoundref refid="class_b_a_n_k" prot="public" virt="non-virtual">BANK</basecompoundref>
    <includes refid="_b_o_i_8h" local="no">BOI.h</includes>
      <sectiondef kind="private-attrib">
      <memberdef kind="variable" id="class_b_o_i_1a6d7c892a54bb6f7327cdc777081ab5f4" prot="private" static="no" mutable="no">
        <type>std::string</type>
        <definition>std::string BOI::fullname</definition>
        <argsstring></argsstring>
        <name>fullname</name>
        <briefdescription>
        </briefdescription>
        <detaileddescription>
        </detaileddescription>
        <inbodydescription>
        </inbodydescription>
        <location file="BOI.h" line="96" column="1" bodyfile="BOI.h" bodystart="96" bodyend="-1"/>
      </memberdef>
      <memberdef kind="variable" id="class_b_o_i_1a12872fd8c15dbf833f78862b00579ed1" prot="private" static="no" mutable="no">
        <type>std::string</type>
        <definition>std::string BOI::firstName</definition>
        <argsstring></argsstring>
        <name>firstName</name>
        <briefdescription>
        </briefdescription>
        <detaileddescription>
        </detaileddescription>
        <inbodydescription>
        </inbodydescription>
        <location file="BOI.h" line="97" column="1" bodyfile="BOI.h" bodystart="97" bodyend="-1"/>
      </memberdef>
      <memberdef kind="variable" id="class_b_o_i_1ad51bfa6f28816c7f5036447ff809cecf" prot="private" static="no" mutable="no">
        <type>std::string</type>
        <definition>std::string BOI::lastName</definition>
        <argsstring></argsstring>
        <name>lastName</name>
        <briefdescription>
        </briefdescription>
        <detaileddescription>
        </detaileddescription>
        <inbodydescription>
        </inbodydescription>
        <location file="BOI.h" line="98" column="1" bodyfile="BOI.h" bodystart="98" bodyend="-1"/>
      </memberdef>
      <memberdef kind="variable" id="class_b_o_i_1a35c9fd6e938eb44ad4e076bc6a736851" prot="private" static="no" mutable="no">
        <type>int</type>
        <definition>int BOI::accountNumber</definition>
        <argsstring></argsstring>
        <name>accountNumber</name>
        <briefdescription>
        </briefdescription>
        <detaileddescription>
        </detaileddescription>
        <inbodydescription>
        </inbodydescription>
        <location file="BOI.h" line="99" column="1" bodyfile="BOI.h" bodystart="99" bodyend="-1"/>
      </memberdef>
      <memberdef kind="variable" id="class_b_o_i_1aa00a3d8baf3420647c40119b7fa4ed6f" prot="private" static="no" mutable="no">
        <type>double</type>
        <definition>double BOI::balance</definition>
        <argsstring></argsstring>
        <name>balance</name>
        <briefdescription>
        </briefdescription>
        <detaileddescription>
        </detaileddescription>
        <inbodydescription>
        </inbodydescription>
        <location file="BOI.h" line="100" column="1" bodyfile="BOI.h" bodystart="100" bodyend="-1"/>
      </memberdef>
      <memberdef kind="variable" id="class_b_o_i_1ab9315fe76fd9f07551f5ae7899d33516" prot="private" static="no" mutable="no">
        <type>std::string</type>
        <definition>std::string BOI::address</definition>
        <argsstring></argsstring>
        <name>address</name>
        <briefdescription>
        </briefdescription>
        <detaileddescription>
        </detaileddescription>
        <inbodydescription>
        </inbodydescription>
        <location file="BOI.h" line="101" column="1" bodyfile="BOI.h" bodystart="101" bodyend="-1"/>
      </memberdef>
      </sectiondef>
      <sectiondef kind="public-func">
      <memberdef kind="function" id="class_b_o_i_1a6af682a5f199a029681f0cb2b8658706" prot="public" static="no" const="no" explicit="no" inline="yes" virt="non-virtual">
        <type></type>
        <definition>BOI::BOI</definition>
        <argsstring>()</argsstring>
        <name>BOI</name>
        <briefdescription>
        </briefdescription>
        <detaileddescription>
<para>Constructor </para>        </detaileddescription>
        <inbodydescription>
        </inbodydescription>
        <location file="BOI.h" line="24" column="1" bodyfile="BOI.h" bodystart="24" bodyend="33"/>
        <referencedby refid="class_b_o_i_1ad53ae2918a656793b9d7a670d35ecfa3" compoundref="_b_o_i_8cpp" startline="22" endline="29">getBaseCopy</referencedby>
        <referencedby refid="class_b_o_i_1ae4263940f8ffdd40d5f01a714b20f791" compoundref="_b_o_i_8h" startline="49" endline="57">BOI</referencedby>
      </memberdef>
      <memberdef kind="function" id="class_b_o_i_1a1807bd07cad08109c974edbb2c32591c" prot="public" static="no" const="no" explicit="no" inline="yes" virt="non-virtual">
        <type></type>
        <definition>BOI::BOI</definition>
        <argsstring>(int accountNumber, double balance, std::string firstName, std::string lastName, std::string address)</argsstring>
        <name>BOI</name>
        <param>
          <type>int</type>
          <declname>accountNumber</declname>
        </param>
        <param>
          <type>double</type>
          <declname>balance</declname>
        </param>
        <param>
          <type>std::string</type>
          <declname>firstName</declname>
        </param>
        <param>
          <type>std::string</type>
          <declname>lastName</declname>
        </param>
        <param>
          <type>std::string</type>
          <declname>address</declname>
        </param>
        <briefdescription>
        </briefdescription>
        <detaileddescription>
<para>Custom constructor </para>        </detaileddescription>
        <inbodydescription>
        </inbodydescription>
        <location file="BOI.h" line="37" column="1" bodyfile="BOI.h" bodystart="37" bodyend="45"/>
      </memberdef>
      <memberdef kind="function" id="class_b_o_i_1ae4263940f8ffdd40d5f01a714b20f791" prot="public" static="no" const="no" explicit="no" inline="yes" virt="non-virtual">
        <type></type>
        <definition>BOI::BOI</definition>
        <argsstring>(std::shared_ptr&lt; BOI &gt; obj, int _version, int _unique_id)</argsstring>
        <name>BOI</name>
        <param>
          <type>std::shared_ptr&lt; <ref refid="class_b_o_i" kindref="compound">BOI</ref> &gt;</type>
          <declname>obj</declname>
        </param>
        <param>
          <type>int</type>
          <declname>_version</declname>
        </param>
        <param>
          <type>int</type>
          <declname>_unique_id</declname>
        </param>
        <briefdescription>
        </briefdescription>
        <detaileddescription>
<para>Custom constructor, used by the library for deep copying </para>        </detaileddescription>
        <inbodydescription>
        </inbodydescription>
        <location file="BOI.h" line="49" column="1" bodyfile="BOI.h" bodystart="49" bodyend="57"/>
        <references refid="class_b_o_i_1a6af682a5f199a029681f0cb2b8658706" compoundref="_b_o_i_8h" startline="24" endline="33">BOI</references>
      </memberdef>
      <memberdef kind="function" id="class_b_o_i_1a7757de8d3ac656871bed4b07d77457ff" prot="public" static="no" const="no" explicit="no" inline="no" virt="non-virtual">
        <type></type>
        <definition>BOI::BOI</definition>
        <argsstring>(const BOI &amp;orig)</argsstring>
        <name>BOI</name>
        <param>
          <type>const <ref refid="class_b_o_i" kindref="compound">BOI</ref> &amp;</type>
          <declname>orig</declname>
        </param>
        <briefdescription>
        </briefdescription>
        <detaileddescription>
<para>Copy constructor </para>        </detaileddescription>
        <inbodydescription>
        </inbodydescription>
        <location file="BOI.h" line="61" column="1" bodyfile="BOI.cpp" bodystart="15" bodyend="16"/>
      </memberdef>
      <memberdef kind="function" id="class_b_o_i_1a4b4a3976cc13c4d3de0d7ff8882a7af3" prot="public" static="no" const="no" explicit="no" inline="yes" virt="non-virtual">
        <type><ref refid="class_b_o_i" kindref="compound">BOI</ref></type>
        <definition>BOI BOI::operator=</definition>
        <argsstring>(const BOI &amp;orig)</argsstring>
        <name>operator=</name>
        <param>
          <type>const <ref refid="class_b_o_i" kindref="compound">BOI</ref> &amp;</type>
          <declname>orig</declname>
        </param>
        <briefdescription>
        </briefdescription>
        <detaileddescription>
<para>Operator </para>        </detaileddescription>
        <inbodydescription>
        </inbodydescription>
        <location file="BOI.h" line="65" column="1" bodyfile="BOI.h" bodystart="65" bodyend="65"/>
        <references refid="class_b_o_i_1a617f46a599129178c6b11b4846759a6c" compoundref="_b_o_i_8cpp" startline="12" endline="13">~BOI</references>
        <references refid="class_b_o_i_1ad53ae2918a656793b9d7a670d35ecfa3" compoundref="_b_o_i_8cpp" startline="22" endline="29">getBaseCopy</references>
        <references refid="class_b_o_i_1a9ff2d32c25c23a1bea6316f50c3bf677" compoundref="_b_o_i_8cpp" startline="35" endline="43">copy</references>
        <references refid="class_b_o_i_1ab02a4dd4ebcc5b2abfaca19f2dff2006" compoundref="_b_o_i_8cpp" startline="54" endline="57">toString</references>
        <references refid="class_b_o_i_1a00c9386c862cf2442968bf7fc30102b3" compoundref="_b_o_i_8cpp" startline="58" endline="60">SetAddress</references>
        <references refid="class_b_o_i_1a8920e1f47b22445ba954e86012207462" compoundref="_b_o_i_8cpp" startline="62" endline="64">GetAddress</references>
        <references refid="class_b_o_i_1a416667693c10f5e4120eec97a9269348" compoundref="_b_o_i_8cpp" startline="66" endline="68">SetBalance</references>
        <references refid="class_b_o_i_1a25b289dece2a1685bb9d1a9332c9be0b" compoundref="_b_o_i_8cpp" startline="70" endline="72">GetBalance</references>
        <references refid="class_b_o_i_1affc9e7e2a36214b3790f250b7108bb65" compoundref="_b_o_i_8cpp" startline="74" endline="76">SetAccountNumber</references>
        <references refid="class_b_o_i_1a5b18e1538f3d37835234946cdf9f240f" compoundref="_b_o_i_8cpp" startline="78" endline="80">GetAccountNumber</references>
        <references refid="class_b_o_i_1a663906e9a59ffa970fb928746c01e8af" compoundref="_b_o_i_8cpp" startline="82" endline="84">SetLastName</references>
        <references refid="class_b_o_i_1a37828f3fa4a32f522966e2cad90eaab2" compoundref="_b_o_i_8cpp" startline="86" endline="88">GetLastName</references>
        <references refid="class_b_o_i_1ae9042f87be085c2cec799981c30d7d19" compoundref="_b_o_i_8cpp" startline="90" endline="92">SetFirstName</references>
        <references refid="class_b_o_i_1ab4b9d50c6008a666aa4382def580e7d1" compoundref="_b_o_i_8cpp" startline="94" endline="96">GetFirstName</references>
        <references refid="class_b_o_i_1a93091f16610f1a1474aea31fd5f81ffd" compoundref="_b_o_i_8cpp" startline="98" endline="100">SetFullname</references>
        <references refid="class_b_o_i_1af56446a377068cd65526e40e8b31b878" compoundref="_b_o_i_8cpp" startline="102" endline="104">GetFullname</references>
      </memberdef>
      <memberdef kind="function" id="class_b_o_i_1a617f46a599129178c6b11b4846759a6c" prot="public" static="no" const="no" explicit="no" inline="no" virt="virtual">
        <type></type>
        <definition>BOI::~BOI</definition>
        <argsstring>()</argsstring>
        <name>~BOI</name>
        <briefdescription>
        </briefdescription>
        <detaileddescription>
<para>de-constructor </para>        </detaileddescription>
        <inbodydescription>
        </inbodydescription>
        <location file="BOI.h" line="69" column="1" bodyfile="BOI.cpp" bodystart="12" bodyend="13"/>
        <referencedby refid="class_b_o_i_1a4b4a3976cc13c4d3de0d7ff8882a7af3" compoundref="_b_o_i_8h" startline="65" endline="65">operator=</referencedby>
      </memberdef>
      <memberdef kind="function" id="class_b_o_i_1ad53ae2918a656793b9d7a670d35ecfa3" prot="public" static="no" const="no" explicit="no" inline="no" virt="virtual">
        <type>std::shared_ptr&lt; <ref refid="class_o_s_t_m" kindref="compound">OSTM</ref> &gt;</type>
        <definition>std::shared_ptr&lt; OSTM &gt; BOI::getBaseCopy</definition>
        <argsstring>(std::shared_ptr&lt; OSTM &gt; object)</argsstring>
        <name>getBaseCopy</name>
        <reimplements refid="class_o_s_t_m_1a0bfa3763bd441407dd6365f42714f94c">getBaseCopy</reimplements>
        <param>
          <type>std::shared_ptr&lt; <ref refid="class_o_s_t_m" kindref="compound">OSTM</ref> &gt;</type>
          <declname>object</declname>
        </param>
        <briefdescription>
<para>getBaseCopy function, make deep copy of the object/pointer and Return a new BANK* type object </para>        </briefdescription>
        <detaileddescription>
<para><parameterlist kind="param"><parameteritem>
<parameternamelist>
<parametername>objTO</parametername>
</parameternamelist>
<parameterdescription>
<para>is a <ref refid="class_b_a_n_k" kindref="compound">BANK</ref> type pointer for casting </para></parameterdescription>
</parameteritem>
<parameteritem>
<parameternamelist>
<parametername>obj</parametername>
</parameternamelist>
<parameterdescription>
<para>is a BANK* return type </para></parameterdescription>
</parameteritem>
</parameterlist>
</para>        </detaileddescription>
        <inbodydescription>
        </inbodydescription>
        <location file="BOI.h" line="75" column="1" bodyfile="BOI.cpp" bodystart="22" bodyend="29"/>
        <references refid="class_b_o_i_1a6af682a5f199a029681f0cb2b8658706" compoundref="_b_o_i_8h" startline="24" endline="33">BOI</references>
        <referencedby refid="class_b_o_i_1a4b4a3976cc13c4d3de0d7ff8882a7af3" compoundref="_b_o_i_8h" startline="65" endline="65">operator=</referencedby>
      </memberdef>
      <memberdef kind="function" id="class_b_o_i_1a9ff2d32c25c23a1bea6316f50c3bf677" prot="public" static="no" const="no" explicit="no" inline="no" virt="virtual">
        <type>void</type>
        <definition>void BOI::copy</definition>
        <argsstring>(std::shared_ptr&lt; OSTM &gt; to, std::shared_ptr&lt; OSTM &gt; from)</argsstring>
        <name>copy</name>
        <reimplements refid="class_o_s_t_m_1a535d90fced5adbb70312c92f3778e08d">copy</reimplements>
        <param>
          <type>std::shared_ptr&lt; <ref refid="class_o_s_t_m" kindref="compound">OSTM</ref> &gt;</type>
          <declname>to</declname>
        </param>
        <param>
          <type>std::shared_ptr&lt; <ref refid="class_o_s_t_m" kindref="compound">OSTM</ref> &gt;</type>
          <declname>from</declname>
        </param>
        <briefdescription>
<para>copy function, make deep copy of the object/pointer </para>        </briefdescription>
        <detaileddescription>
<para><parameterlist kind="param"><parameteritem>
<parameternamelist>
<parametername>objTO</parametername>
</parameternamelist>
<parameterdescription>
<para>is a BANK* type object casted back from std::shared_ptr&lt;OSTM&gt; </para></parameterdescription>
</parameteritem>
<parameteritem>
<parameternamelist>
<parametername>objFROM</parametername>
</parameternamelist>
<parameterdescription>
<para>is a BANK* type object casted back from std::shared_ptr&lt;OSTM&gt; </para></parameterdescription>
</parameteritem>
</parameterlist>
</para>        </detaileddescription>
        <inbodydescription>
        </inbodydescription>
        <location file="BOI.h" line="76" column="1" bodyfile="BOI.cpp" bodystart="35" bodyend="43"/>
        <references refid="class_o_s_t_m_1ab5019a32185631c08abbf826422f2d93" compoundref="_o_s_t_m_8cpp" startline="66" endline="68">OSTM::Set_Unique_ID</references>
        <referencedby refid="class_b_o_i_1a4b4a3976cc13c4d3de0d7ff8882a7af3" compoundref="_b_o_i_8h" startline="65" endline="65">operator=</referencedby>
      </memberdef>
      <memberdef kind="function" id="class_b_o_i_1ab02a4dd4ebcc5b2abfaca19f2dff2006" prot="public" static="no" const="no" explicit="no" inline="no" virt="virtual">
        <type>void</type>
        <definition>void BOI::toString</definition>
        <argsstring>()</argsstring>
        <name>toString</name>
        <reimplements refid="class_o_s_t_m_1a513396a115f2987fd07c203309ae8a59">toString</reimplements>
        <briefdescription>
<para>_cast, is use to cast bak the std::shared_ptr&lt;OSTM&gt; to the required type </para>        </briefdescription>
        <detaileddescription>
<para>toString function, displays the object values in formatted way </para>        </detaileddescription>
        <inbodydescription>
        </inbodydescription>
        <location file="BOI.h" line="77" column="1" bodyfile="BOI.cpp" bodystart="54" bodyend="57"/>
        <references refid="class_o_s_t_m_1a5a01a8b98d16b1d1904ecf9356e7b71d" compoundref="_o_s_t_m_8cpp" startline="73" endline="76">OSTM::Get_Unique_ID</references>
        <references refid="class_b_o_i_1a5b18e1538f3d37835234946cdf9f240f" compoundref="_b_o_i_8cpp" startline="78" endline="80">GetAccountNumber</references>
        <references refid="class_b_o_i_1a25b289dece2a1685bb9d1a9332c9be0b" compoundref="_b_o_i_8cpp" startline="70" endline="72">GetBalance</references>
        <references refid="class_b_o_i_1ab4b9d50c6008a666aa4382def580e7d1" compoundref="_b_o_i_8cpp" startline="94" endline="96">GetFirstName</references>
        <references refid="class_b_o_i_1a37828f3fa4a32f522966e2cad90eaab2" compoundref="_b_o_i_8cpp" startline="86" endline="88">GetLastName</references>
        <references refid="class_o_s_t_m_1a1f1db9d482f22c8e7caa17dfb340626b" compoundref="_o_s_t_m_8cpp" startline="89" endline="92">OSTM::Get_Version</references>
        <referencedby refid="class_b_o_i_1a4b4a3976cc13c4d3de0d7ff8882a7af3" compoundref="_b_o_i_8h" startline="65" endline="65">operator=</referencedby>
      </memberdef>
      <memberdef kind="function" id="class_b_o_i_1a00c9386c862cf2442968bf7fc30102b3" prot="public" static="no" const="no" explicit="no" inline="no" virt="virtual">
        <type>void</type>
        <definition>void BOI::SetAddress</definition>
        <argsstring>(std::string address)</argsstring>
        <name>SetAddress</name>
        <reimplements refid="class_b_a_n_k_1a52ad99454b2059d44967868157208393">SetAddress</reimplements>
        <param>
          <type>std::string</type>
          <declname>address</declname>
        </param>
        <briefdescription>
        </briefdescription>
        <detaileddescription>
        </detaileddescription>
        <inbodydescription>
        </inbodydescription>
        <location file="BOI.h" line="82" column="1" bodyfile="BOI.cpp" bodystart="58" bodyend="60"/>
        <referencedby refid="class_b_o_i_1a4b4a3976cc13c4d3de0d7ff8882a7af3" compoundref="_b_o_i_8h" startline="65" endline="65">operator=</referencedby>
      </memberdef>
      <memberdef kind="function" id="class_b_o_i_1a8920e1f47b22445ba954e86012207462" prot="public" static="no" const="yes" explicit="no" inline="no" virt="virtual">
        <type>std::string</type>
        <definition>std::string BOI::GetAddress</definition>
        <argsstring>() const </argsstring>
        <name>GetAddress</name>
        <reimplements refid="class_b_a_n_k_1a358741f647f9494026e02fd3fd27cde6">GetAddress</reimplements>
        <briefdescription>
        </briefdescription>
        <detaileddescription>
        </detaileddescription>
        <inbodydescription>
        </inbodydescription>
        <location file="BOI.h" line="83" column="1" bodyfile="BOI.cpp" bodystart="62" bodyend="64"/>
        <referencedby refid="class_b_o_i_1a4b4a3976cc13c4d3de0d7ff8882a7af3" compoundref="_b_o_i_8h" startline="65" endline="65">operator=</referencedby>
      </memberdef>
      <memberdef kind="function" id="class_b_o_i_1a416667693c10f5e4120eec97a9269348" prot="public" static="no" const="no" explicit="no" inline="no" virt="virtual">
        <type>void</type>
        <definition>void BOI::SetBalance</definition>
        <argsstring>(double balance)</argsstring>
        <name>SetBalance</name>
        <reimplements refid="class_b_a_n_k_1ae3e45b407bf8ec7175662442ea24b7c0">SetBalance</reimplements>
        <param>
          <type>double</type>
          <declname>balance</declname>
        </param>
        <briefdescription>
        </briefdescription>
        <detaileddescription>
        </detaileddescription>
        <inbodydescription>
        </inbodydescription>
        <location file="BOI.h" line="84" column="1" bodyfile="BOI.cpp" bodystart="66" bodyend="68"/>
        <referencedby refid="class_b_o_i_1a4b4a3976cc13c4d3de0d7ff8882a7af3" compoundref="_b_o_i_8h" startline="65" endline="65">operator=</referencedby>
      </memberdef>
      <memberdef kind="function" id="class_b_o_i_1a25b289dece2a1685bb9d1a9332c9be0b" prot="public" static="no" const="yes" explicit="no" inline="no" virt="virtual">
        <type>double</type>
        <definition>double BOI::GetBalance</definition>
        <argsstring>() const </argsstring>
        <name>GetBalance</name>
        <reimplements refid="class_b_a_n_k_1a7ac46c74859cebdc933cb27e148d18b1">GetBalance</reimplements>
        <briefdescription>
        </briefdescription>
        <detaileddescription>
        </detaileddescription>
        <inbodydescription>
        </inbodydescription>
        <location file="BOI.h" line="85" column="1" bodyfile="BOI.cpp" bodystart="70" bodyend="72"/>
        <referencedby refid="class_b_o_i_1ab02a4dd4ebcc5b2abfaca19f2dff2006" compoundref="_b_o_i_8cpp" startline="54" endline="57">toString</referencedby>
        <referencedby refid="class_b_o_i_1a4b4a3976cc13c4d3de0d7ff8882a7af3" compoundref="_b_o_i_8h" startline="65" endline="65">operator=</referencedby>
      </memberdef>
      <memberdef kind="function" id="class_b_o_i_1affc9e7e2a36214b3790f250b7108bb65" prot="public" static="no" const="no" explicit="no" inline="no" virt="virtual">
        <type>void</type>
        <definition>void BOI::SetAccountNumber</definition>
        <argsstring>(int accountNumber)</argsstring>
        <name>SetAccountNumber</name>
        <reimplements refid="class_b_a_n_k_1a9d8fb8bde35d63eca7e9f87d22b45752">SetAccountNumber</reimplements>
        <param>
          <type>int</type>
          <declname>accountNumber</declname>
        </param>
        <briefdescription>
        </briefdescription>
        <detaileddescription>
        </detaileddescription>
        <inbodydescription>
        </inbodydescription>
        <location file="BOI.h" line="86" column="1" bodyfile="BOI.cpp" bodystart="74" bodyend="76"/>
        <referencedby refid="class_b_o_i_1a4b4a3976cc13c4d3de0d7ff8882a7af3" compoundref="_b_o_i_8h" startline="65" endline="65">operator=</referencedby>
      </memberdef>
      <memberdef kind="function" id="class_b_o_i_1a5b18e1538f3d37835234946cdf9f240f" prot="public" static="no" const="yes" explicit="no" inline="no" virt="virtual">
        <type>int</type>
        <definition>int BOI::GetAccountNumber</definition>
        <argsstring>() const </argsstring>
        <name>GetAccountNumber</name>
        <reimplements refid="class_b_a_n_k_1a62adf3cea60d863a4a10eeee485fa1aa">GetAccountNumber</reimplements>
        <briefdescription>
        </briefdescription>
        <detaileddescription>
        </detaileddescription>
        <inbodydescription>
        </inbodydescription>
        <location file="BOI.h" line="87" column="1" bodyfile="BOI.cpp" bodystart="78" bodyend="80"/>
        <referencedby refid="class_b_o_i_1ab02a4dd4ebcc5b2abfaca19f2dff2006" compoundref="_b_o_i_8cpp" startline="54" endline="57">toString</referencedby>
        <referencedby refid="class_b_o_i_1a4b4a3976cc13c4d3de0d7ff8882a7af3" compoundref="_b_o_i_8h" startline="65" endline="65">operator=</referencedby>
      </memberdef>
      <memberdef kind="function" id="class_b_o_i_1a663906e9a59ffa970fb928746c01e8af" prot="public" static="no" const="no" explicit="no" inline="no" virt="virtual">
        <type>void</type>
        <definition>void BOI::SetLastName</definition>
        <argsstring>(std::string lastName)</argsstring>
        <name>SetLastName</name>
        <reimplements refid="class_b_a_n_k_1a2dc1b7664f9e3b005cb33e71b2ba42ee">SetLastName</reimplements>
        <param>
          <type>std::string</type>
          <declname>lastName</declname>
        </param>
        <briefdescription>
        </briefdescription>
        <detaileddescription>
        </detaileddescription>
        <inbodydescription>
        </inbodydescription>
        <location file="BOI.h" line="88" column="1" bodyfile="BOI.cpp" bodystart="82" bodyend="84"/>
        <referencedby refid="class_b_o_i_1a4b4a3976cc13c4d3de0d7ff8882a7af3" compoundref="_b_o_i_8h" startline="65" endline="65">operator=</referencedby>
      </memberdef>
      <memberdef kind="function" id="class_b_o_i_1a37828f3fa4a32f522966e2cad90eaab2" prot="public" static="no" const="yes" explicit="no" inline="no" virt="virtual">
        <type>std::string</type>
        <definition>std::string BOI::GetLastName</definition>
        <argsstring>() const </argsstring>
        <name>GetLastName</name>
        <reimplements refid="class_b_a_n_k_1a4612063ec2bfd6d883a77a0d3697af90">GetLastName</reimplements>
        <briefdescription>
        </briefdescription>
        <detaileddescription>
        </detaileddescription>
        <inbodydescription>
        </inbodydescription>
        <location file="BOI.h" line="89" column="1" bodyfile="BOI.cpp" bodystart="86" bodyend="88"/>
        <referencedby refid="class_b_o_i_1ab02a4dd4ebcc5b2abfaca19f2dff2006" compoundref="_b_o_i_8cpp" startline="54" endline="57">toString</referencedby>
        <referencedby refid="class_b_o_i_1a4b4a3976cc13c4d3de0d7ff8882a7af3" compoundref="_b_o_i_8h" startline="65" endline="65">operator=</referencedby>
      </memberdef>
      <memberdef kind="function" id="class_b_o_i_1ae9042f87be085c2cec799981c30d7d19" prot="public" static="no" const="no" explicit="no" inline="no" virt="virtual">
        <type>void</type>
        <definition>void BOI::SetFirstName</definition>
        <argsstring>(std::string firstName)</argsstring>
        <name>SetFirstName</name>
        <reimplements refid="class_b_a_n_k_1a547cb9f21be894f045bb3cec6b12525c">SetFirstName</reimplements>
        <param>
          <type>std::string</type>
          <declname>firstName</declname>
        </param>
        <briefdescription>
        </briefdescription>
        <detaileddescription>
        </detaileddescription>
        <inbodydescription>
        </inbodydescription>
        <location file="BOI.h" line="90" column="1" bodyfile="BOI.cpp" bodystart="90" bodyend="92"/>
        <referencedby refid="class_b_o_i_1a4b4a3976cc13c4d3de0d7ff8882a7af3" compoundref="_b_o_i_8h" startline="65" endline="65">operator=</referencedby>
      </memberdef>
      <memberdef kind="function" id="class_b_o_i_1ab4b9d50c6008a666aa4382def580e7d1" prot="public" static="no" const="yes" explicit="no" inline="no" virt="virtual">
        <type>std::string</type>
        <definition>std::string BOI::GetFirstName</definition>
        <argsstring>() const </argsstring>
        <name>GetFirstName</name>
        <reimplements refid="class_b_a_n_k_1ad0ba1c785c67e7d4760dc8776f3d4bca">GetFirstName</reimplements>
        <briefdescription>
        </briefdescription>
        <detaileddescription>
        </detaileddescription>
        <inbodydescription>
        </inbodydescription>
        <location file="BOI.h" line="91" column="1" bodyfile="BOI.cpp" bodystart="94" bodyend="96"/>
        <referencedby refid="class_b_o_i_1ab02a4dd4ebcc5b2abfaca19f2dff2006" compoundref="_b_o_i_8cpp" startline="54" endline="57">toString</referencedby>
        <referencedby refid="class_b_o_i_1a4b4a3976cc13c4d3de0d7ff8882a7af3" compoundref="_b_o_i_8h" startline="65" endline="65">operator=</referencedby>
      </memberdef>
      <memberdef kind="function" id="class_b_o_i_1a93091f16610f1a1474aea31fd5f81ffd" prot="public" static="no" const="no" explicit="no" inline="no" virt="virtual">
        <type>void</type>
        <definition>void BOI::SetFullname</definition>
        <argsstring>(std::string fullname)</argsstring>
        <name>SetFullname</name>
        <reimplements refid="class_b_a_n_k_1a8845dbfc7ddfbc2e0c0efda561a70ec3">SetFullname</reimplements>
        <param>
          <type>std::string</type>
          <declname>fullname</declname>
        </param>
        <briefdescription>
        </briefdescription>
        <detaileddescription>
        </detaileddescription>
        <inbodydescription>
        </inbodydescription>
        <location file="BOI.h" line="92" column="1" bodyfile="BOI.cpp" bodystart="98" bodyend="100"/>
        <referencedby refid="class_b_o_i_1a4b4a3976cc13c4d3de0d7ff8882a7af3" compoundref="_b_o_i_8h" startline="65" endline="65">operator=</referencedby>
      </memberdef>
      <memberdef kind="function" id="class_b_o_i_1af56446a377068cd65526e40e8b31b878" prot="public" static="no" const="yes" explicit="no" inline="no" virt="virtual">
        <type>std::string</type>
        <definition>std::string BOI::GetFullname</definition>
        <argsstring>() const </argsstring>
        <name>GetFullname</name>
        <reimplements refid="class_b_a_n_k_1aa1528c533bf6389bc8d7f3eeca114bab">GetFullname</reimplements>
        <briefdescription>
        </briefdescription>
        <detaileddescription>
        </detaileddescription>
        <inbodydescription>
        </inbodydescription>
        <location file="BOI.h" line="93" column="1" bodyfile="BOI.cpp" bodystart="102" bodyend="104"/>
        <referencedby refid="class_b_o_i_1a4b4a3976cc13c4d3de0d7ff8882a7af3" compoundref="_b_o_i_8h" startline="65" endline="65">operator=</referencedby>
      </memberdef>
      </sectiondef>
    <briefdescription>
    </briefdescription>
    <detaileddescription>
<para>Inherit from <ref refid="class_b_a_n_k" kindref="compound">BANK</ref> </para>    </detaileddescription>
    <inheritancegraph>
      <node id="134">
        <label>BOI</label>
        <link refid="class_b_o_i"/>
        <childnode refid="135" relation="public-inheritance">
        </childnode>
      </node>
      <node id="136">
        <label>OSTM</label>
        <link refid="class_o_s_t_m"/>
      </node>
      <node id="135">
        <label>BANK</label>
        <link refid="class_b_a_n_k"/>
        <childnode refid="136" relation="public-inheritance">
        </childnode>
      </node>
    </inheritancegraph>
    <collaborationgraph>
      <node id="137">
        <label>BOI</label>
        <link refid="class_b_o_i"/>
        <childnode refid="138" relation="public-inheritance">
        </childnode>
      </node>
      <node id="139">
        <label>OSTM</label>
        <link refid="class_o_s_t_m"/>
      </node>
      <node id="138">
        <label>BANK</label>
        <link refid="class_b_a_n_k"/>
        <childnode refid="139" relation="public-inheritance">
        </childnode>
      </node>
    </collaborationgraph>
    <location file="BOI.h" line="19" column="1" bodyfile="BOI.h" bodystart="19" bodyend="103"/>
    <listofallmembers>
      <member refid="class_b_o_i_1a35c9fd6e938eb44ad4e076bc6a736851" prot="private" virt="non-virtual"><scope>BOI</scope><name>accountNumber</name></member>
      <member refid="class_b_o_i_1ab9315fe76fd9f07551f5ae7899d33516" prot="private" virt="non-virtual"><scope>BOI</scope><name>address</name></member>
      <member refid="class_b_o_i_1aa00a3d8baf3420647c40119b7fa4ed6f" prot="private" virt="non-virtual"><scope>BOI</scope><name>balance</name></member>
      <member refid="class_b_a_n_k_1a0bc938356cebff14fb0560264abe5a34" prot="public" virt="non-virtual"><scope>BOI</scope><name>BANK</name></member>
      <member refid="class_b_a_n_k_1a7382dd275d8f4f10a8b53ccbc93e1e87" prot="public" virt="non-virtual"><scope>BOI</scope><name>BANK</name></member>
      <member refid="class_b_a_n_k_1a4dd657c30039ea00a040e6226c23ccd4" prot="public" virt="non-virtual"><scope>BOI</scope><name>BANK</name></member>
      <member refid="class_b_o_i_1a6af682a5f199a029681f0cb2b8658706" prot="public" virt="non-virtual"><scope>BOI</scope><name>BOI</name></member>
      <member refid="class_b_o_i_1a1807bd07cad08109c974edbb2c32591c" prot="public" virt="non-virtual"><scope>BOI</scope><name>BOI</name></member>
      <member refid="class_b_o_i_1ae4263940f8ffdd40d5f01a714b20f791" prot="public" virt="non-virtual"><scope>BOI</scope><name>BOI</name></member>
      <member refid="class_b_o_i_1a7757de8d3ac656871bed4b07d77457ff" prot="public" virt="non-virtual"><scope>BOI</scope><name>BOI</name></member>
      <member refid="class_b_o_i_1a9ff2d32c25c23a1bea6316f50c3bf677" prot="public" virt="virtual"><scope>BOI</scope><name>copy</name></member>
      <member refid="class_b_o_i_1a12872fd8c15dbf833f78862b00579ed1" prot="private" virt="non-virtual"><scope>BOI</scope><name>firstName</name></member>
      <member refid="class_b_o_i_1a6d7c892a54bb6f7327cdc777081ab5f4" prot="private" virt="non-virtual"><scope>BOI</scope><name>fullname</name></member>
      <member refid="class_o_s_t_m_1a5a01a8b98d16b1d1904ecf9356e7b71d" prot="public" virt="non-virtual"><scope>BOI</scope><name>Get_Unique_ID</name></member>
      <member refid="class_o_s_t_m_1a1f1db9d482f22c8e7caa17dfb340626b" prot="public" virt="non-virtual"><scope>BOI</scope><name>Get_Version</name></member>
      <member refid="class_b_o_i_1a5b18e1538f3d37835234946cdf9f240f" prot="public" virt="virtual"><scope>BOI</scope><name>GetAccountNumber</name></member>
      <member refid="class_b_o_i_1a8920e1f47b22445ba954e86012207462" prot="public" virt="virtual"><scope>BOI</scope><name>GetAddress</name></member>
      <member refid="class_b_o_i_1a25b289dece2a1685bb9d1a9332c9be0b" prot="public" virt="virtual"><scope>BOI</scope><name>GetBalance</name></member>
      <member refid="class_b_o_i_1ad53ae2918a656793b9d7a670d35ecfa3" prot="public" virt="virtual"><scope>BOI</scope><name>getBaseCopy</name></member>
      <member refid="class_b_o_i_1ab4b9d50c6008a666aa4382def580e7d1" prot="public" virt="virtual"><scope>BOI</scope><name>GetFirstName</name></member>
      <member refid="class_b_o_i_1af56446a377068cd65526e40e8b31b878" prot="public" virt="virtual"><scope>BOI</scope><name>GetFullname</name></member>
      <member refid="class_b_o_i_1a37828f3fa4a32f522966e2cad90eaab2" prot="public" virt="virtual"><scope>BOI</scope><name>GetLastName</name></member>
      <member refid="class_o_s_t_m_1a5f90caa4384d371c16b7cac860d9f89a" prot="public" virt="non-virtual"><scope>BOI</scope><name>increase_VersionNumber</name></member>
      <member refid="class_o_s_t_m_1afc2851abf5342c3c67342c2c14820115" prot="public" virt="non-virtual"><scope>BOI</scope><name>Is_Abort_Transaction</name></member>
      <member refid="class_o_s_t_m_1a8df39ced3b401aa466df97e26d14b1b7" prot="public" virt="non-virtual"><scope>BOI</scope><name>Is_Can_Commit</name></member>
      <member refid="class_o_s_t_m_1afb6520023ed2c4a6188b688c46f192d0" prot="public" virt="non-virtual"><scope>BOI</scope><name>is_Locked</name></member>
      <member refid="class_b_o_i_1ad51bfa6f28816c7f5036447ff809cecf" prot="private" virt="non-virtual"><scope>BOI</scope><name>lastName</name></member>
      <member refid="class_o_s_t_m_1af192c598a3c647f37aaba5757e60240f" prot="public" virt="non-virtual"><scope>BOI</scope><name>lock_Mutex</name></member>
      <member refid="class_b_o_i_1a4b4a3976cc13c4d3de0d7ff8882a7af3" prot="public" virt="non-virtual"><scope>BOI</scope><name>operator=</name></member>
      <member refid="class_o_s_t_m_1a968edf778668bd0ec7603f0571619196" prot="public" virt="non-virtual"><scope>BOI</scope><name>OSTM</name></member>
      <member refid="class_o_s_t_m_1a2314f55a127b94aa8a51d19ba798401e" prot="public" virt="non-virtual"><scope>BOI</scope><name>OSTM</name></member>
      <member refid="class_o_s_t_m_1aba384cf65c5f56f5b86833730c3c6ea4" prot="public" virt="non-virtual"><scope>BOI</scope><name>Set_Abort_Transaction</name></member>
      <member refid="class_o_s_t_m_1a813ee61c9d1c83c6a6ae30d12aca8a5d" prot="public" virt="non-virtual"><scope>BOI</scope><name>Set_Can_Commit</name></member>
      <member refid="class_o_s_t_m_1ab5019a32185631c08abbf826422f2d93" prot="public" virt="non-virtual"><scope>BOI</scope><name>Set_Unique_ID</name></member>
      <member refid="class_o_s_t_m_1a9529ad8d6d28c1f0cc9b86ed91df1ae1" prot="public" virt="non-virtual"><scope>BOI</scope><name>Set_Version</name></member>
      <member refid="class_b_o_i_1affc9e7e2a36214b3790f250b7108bb65" prot="public" virt="virtual"><scope>BOI</scope><name>SetAccountNumber</name></member>
      <member refid="class_b_o_i_1a00c9386c862cf2442968bf7fc30102b3" prot="public" virt="virtual"><scope>BOI</scope><name>SetAddress</name></member>
      <member refid="class_b_o_i_1a416667693c10f5e4120eec97a9269348" prot="public" virt="virtual"><scope>BOI</scope><name>SetBalance</name></member>
      <member refid="class_b_o_i_1ae9042f87be085c2cec799981c30d7d19" prot="public" virt="virtual"><scope>BOI</scope><name>SetFirstName</name></member>
      <member refid="class_b_o_i_1a93091f16610f1a1474aea31fd5f81ffd" prot="public" virt="virtual"><scope>BOI</scope><name>SetFullname</name></member>
      <member refid="class_b_o_i_1a663906e9a59ffa970fb928746c01e8af" prot="public" virt="virtual"><scope>BOI</scope><name>SetLastName</name></member>
      <member refid="class_b_o_i_1ab02a4dd4ebcc5b2abfaca19f2dff2006" prot="public" virt="virtual"><scope>BOI</scope><name>toString</name></member>
      <member refid="class_o_s_t_m_1a6cd703bc26c719fd95b4f5362d050762" prot="public" virt="non-virtual"><scope>BOI</scope><name>unlock_Mutex</name></member>
      <member refid="class_b_a_n_k_1ad609a1e004efdebab6495d95eced2346" prot="public" virt="virtual"><scope>BOI</scope><name>~BANK</name></member>
      <member refid="class_b_o_i_1a617f46a599129178c6b11b4846759a6c" prot="public" virt="virtual"><scope>BOI</scope><name>~BOI</name></member>
      <member refid="class_o_s_t_m_1a30a17d73d0259c60eeab72d6dfa9ceb1" prot="public" virt="virtual"><scope>BOI</scope><name>~OSTM</name></member>
    </listofallmembers>
  </compounddef>
</doxygen>
