<?xml version='1.0' encoding='UTF-8' standalone='no'?>
<doxygen xmlns:xsi="http://www.w3.org/2001/XMLSchema-instance" xsi:noNamespaceSchemaLocation="compound.xsd" version="1.8.11">
  <compounddef id="class_c_a_r_l_o_w___w" kind="class" language="C++" prot="public">
    <compoundname>CARLOW_W</compoundname>
    <basecompoundref refid="class_w_a_r_e_h_o_u_s_e" prot="public" virt="non-virtual">WAREHOUSE</basecompoundref>
    <includes refid="_c_a_r_l_o_w___w_8h" local="no">CARLOW_W.h</includes>
      <sectiondef kind="private-attrib">
      <memberdef kind="variable" id="class_c_a_r_l_o_w___w_1acaa886b26f5a60d500f13709340d34cf" prot="private" static="no" mutable="no">
        <type>std::string</type>
        <definition>std::string CARLOW_W::_shop_address</definition>
        <argsstring></argsstring>
        <name>_shop_address</name>
        <briefdescription>
        </briefdescription>
        <detaileddescription>
        </detaileddescription>
        <inbodydescription>
        </inbodydescription>
        <location file="CARLOW_W.h" line="109" column="1" bodyfile="CARLOW_W.h" bodystart="109" bodyend="-1"/>
      </memberdef>
      <memberdef kind="variable" id="class_c_a_r_l_o_w___w_1ad3ae4ca82f06287d8ad5bec07a43561a" prot="private" static="no" mutable="no">
        <type>std::string</type>
        <definition>std::string CARLOW_W::_shop_name</definition>
        <argsstring></argsstring>
        <name>_shop_name</name>
        <briefdescription>
        </briefdescription>
        <detaileddescription>
        </detaileddescription>
        <inbodydescription>
        </inbodydescription>
        <location file="CARLOW_W.h" line="110" column="1" bodyfile="CARLOW_W.h" bodystart="110" bodyend="-1"/>
      </memberdef>
      <memberdef kind="variable" id="class_c_a_r_l_o_w___w_1aff9e9a986b6390d6fa51f52d43a8c0e8" prot="private" static="no" mutable="no">
        <type>int</type>
        <definition>int CARLOW_W::_number_of_iphones</definition>
        <argsstring></argsstring>
        <name>_number_of_iphones</name>
        <briefdescription>
        </briefdescription>
        <detaileddescription>
        </detaileddescription>
        <inbodydescription>
        </inbodydescription>
        <location file="CARLOW_W.h" line="111" column="1" bodyfile="CARLOW_W.h" bodystart="111" bodyend="-1"/>
      </memberdef>
      <memberdef kind="variable" id="class_c_a_r_l_o_w___w_1ae47f54289c630e38341ce8b2c8decf0f" prot="private" static="no" mutable="no">
        <type>int</type>
        <definition>int CARLOW_W::_number_of_samsung</definition>
        <argsstring></argsstring>
        <name>_number_of_samsung</name>
        <briefdescription>
        </briefdescription>
        <detaileddescription>
        </detaileddescription>
        <inbodydescription>
        </inbodydescription>
        <location file="CARLOW_W.h" line="112" column="1" bodyfile="CARLOW_W.h" bodystart="112" bodyend="-1"/>
      </memberdef>
      <memberdef kind="variable" id="class_c_a_r_l_o_w___w_1a080de2e63290db84a0b9898682b74f6e" prot="private" static="no" mutable="no">
        <type>int</type>
        <definition>int CARLOW_W::_number_of_sony</definition>
        <argsstring></argsstring>
        <name>_number_of_sony</name>
        <briefdescription>
        </briefdescription>
        <detaileddescription>
        </detaileddescription>
        <inbodydescription>
        </inbodydescription>
        <location file="CARLOW_W.h" line="113" column="1" bodyfile="CARLOW_W.h" bodystart="113" bodyend="-1"/>
      </memberdef>
      <memberdef kind="variable" id="class_c_a_r_l_o_w___w_1acc2837ed943bb51134e5878e818970fd" prot="private" static="no" mutable="no">
        <type>int</type>
        <definition>int CARLOW_W::_number_of_huawei</definition>
        <argsstring></argsstring>
        <name>_number_of_huawei</name>
        <briefdescription>
        </briefdescription>
        <detaileddescription>
        </detaileddescription>
        <inbodydescription>
        </inbodydescription>
        <location file="CARLOW_W.h" line="114" column="1" bodyfile="CARLOW_W.h" bodystart="114" bodyend="-1"/>
      </memberdef>
      <memberdef kind="variable" id="class_c_a_r_l_o_w___w_1ac4c7e47711cc4c9e0bc01fc37cabe7d1" prot="private" static="no" mutable="no">
        <type>int</type>
        <definition>int CARLOW_W::_number_of_nokia</definition>
        <argsstring></argsstring>
        <name>_number_of_nokia</name>
        <briefdescription>
        </briefdescription>
        <detaileddescription>
        </detaileddescription>
        <inbodydescription>
        </inbodydescription>
        <location file="CARLOW_W.h" line="115" column="1" bodyfile="CARLOW_W.h" bodystart="115" bodyend="-1"/>
      </memberdef>
      <memberdef kind="variable" id="class_c_a_r_l_o_w___w_1acf1f9888b2ac011cd0e8bb49b10abd91" prot="private" static="no" mutable="no">
        <type>int</type>
        <definition>int CARLOW_W::_number_of_alcatel</definition>
        <argsstring></argsstring>
        <name>_number_of_alcatel</name>
        <briefdescription>
        </briefdescription>
        <detaileddescription>
        </detaileddescription>
        <inbodydescription>
        </inbodydescription>
        <location file="CARLOW_W.h" line="116" column="1" bodyfile="CARLOW_W.h" bodystart="116" bodyend="-1"/>
      </memberdef>
      </sectiondef>
      <sectiondef kind="public-func">
      <memberdef kind="function" id="class_c_a_r_l_o_w___w_1a8ae6ca6f4db7ea5240322fd27824c55a" prot="public" static="no" const="no" explicit="no" inline="yes" virt="non-virtual">
        <type></type>
        <definition>CARLOW_W::CARLOW_W</definition>
        <argsstring>()</argsstring>
        <name>CARLOW_W</name>
        <briefdescription>
        </briefdescription>
        <detaileddescription>
<para>Constructor </para>        </detaileddescription>
        <inbodydescription>
        </inbodydescription>
        <location file="CARLOW_W.h" line="24" column="1" bodyfile="CARLOW_W.h" bodystart="24" bodyend="34"/>
        <referencedby refid="class_c_a_r_l_o_w___w_1a1a76566c3a7c01cf469007741dac6b97" compoundref="_c_a_r_l_o_w___w_8cpp" startline="24" endline="31">getBaseCopy</referencedby>
        <referencedby refid="class_c_a_r_l_o_w___w_1ad3b772ca2d09eba4a273cb0c7cece747" compoundref="_c_a_r_l_o_w___w_8h" startline="55" endline="67">CARLOW_W</referencedby>
      </memberdef>
      <memberdef kind="function" id="class_c_a_r_l_o_w___w_1aa13cfb47255f935a3b27708b68e52129" prot="public" static="no" const="no" explicit="no" inline="yes" virt="non-virtual">
        <type></type>
        <definition>CARLOW_W::CARLOW_W</definition>
        <argsstring>(std::string address, std::string shop_name, int iphone, int samsung, int sony, int huawei, int nokia, int alcatel)</argsstring>
        <name>CARLOW_W</name>
        <param>
          <type>std::string</type>
          <declname>address</declname>
        </param>
        <param>
          <type>std::string</type>
          <declname>shop_name</declname>
        </param>
        <param>
          <type>int</type>
          <declname>iphone</declname>
        </param>
        <param>
          <type>int</type>
          <declname>samsung</declname>
        </param>
        <param>
          <type>int</type>
          <declname>sony</declname>
        </param>
        <param>
          <type>int</type>
          <declname>huawei</declname>
        </param>
        <param>
          <type>int</type>
          <declname>nokia</declname>
        </param>
        <param>
          <type>int</type>
          <declname>alcatel</declname>
        </param>
        <briefdescription>
        </briefdescription>
        <detaileddescription>
<para>Custom constructor </para>        </detaileddescription>
        <inbodydescription>
        </inbodydescription>
        <location file="CARLOW_W.h" line="38" column="1" bodyfile="CARLOW_W.h" bodystart="38" bodyend="51"/>
      </memberdef>
      <memberdef kind="function" id="class_c_a_r_l_o_w___w_1ad3b772ca2d09eba4a273cb0c7cece747" prot="public" static="no" const="no" explicit="no" inline="yes" virt="non-virtual">
        <type></type>
        <definition>CARLOW_W::CARLOW_W</definition>
        <argsstring>(std::shared_ptr&lt; WAREHOUSE &gt; obj, int _version, int _unique_id)</argsstring>
        <name>CARLOW_W</name>
        <param>
          <type>std::shared_ptr&lt; <ref refid="class_w_a_r_e_h_o_u_s_e" kindref="compound">WAREHOUSE</ref> &gt;</type>
          <declname>obj</declname>
        </param>
        <param>
          <type>int</type>
          <declname>_version</declname>
        </param>
        <param>
          <type>int</type>
          <declname>_unique_id</declname>
        </param>
        <briefdescription>
        </briefdescription>
        <detaileddescription>
<para>Custom constructor, used by the library for deep copying </para>        </detaileddescription>
        <inbodydescription>
        </inbodydescription>
        <location file="CARLOW_W.h" line="55" column="1" bodyfile="CARLOW_W.h" bodystart="55" bodyend="67"/>
        <references refid="class_c_a_r_l_o_w___w_1a8ae6ca6f4db7ea5240322fd27824c55a" compoundref="_c_a_r_l_o_w___w_8h" startline="24" endline="34">CARLOW_W</references>
      </memberdef>
      <memberdef kind="function" id="class_c_a_r_l_o_w___w_1a267a2792c59f475740a68953c8437205" prot="public" static="no" const="no" explicit="no" inline="no" virt="non-virtual">
        <type></type>
        <definition>CARLOW_W::CARLOW_W</definition>
        <argsstring>(const CARLOW_W &amp;orig)</argsstring>
        <name>CARLOW_W</name>
        <param>
          <type>const <ref refid="class_c_a_r_l_o_w___w" kindref="compound">CARLOW_W</ref> &amp;</type>
          <declname>orig</declname>
        </param>
        <briefdescription>
        </briefdescription>
        <detaileddescription>
<para>Copy constructor </para>        </detaileddescription>
        <inbodydescription>
        </inbodydescription>
        <location file="CARLOW_W.h" line="71" column="1" bodyfile="CARLOW_W.cpp" bodystart="17" bodyend="18"/>
      </memberdef>
      <memberdef kind="function" id="class_c_a_r_l_o_w___w_1a38c83795abf1751b3e122c74494f4586" prot="public" static="no" const="no" explicit="no" inline="yes" virt="non-virtual">
        <type><ref refid="class_c_a_r_l_o_w___w" kindref="compound">CARLOW_W</ref></type>
        <definition>CARLOW_W CARLOW_W::operator=</definition>
        <argsstring>(const CARLOW_W &amp;orig)</argsstring>
        <name>operator=</name>
        <param>
          <type>const <ref refid="class_c_a_r_l_o_w___w" kindref="compound">CARLOW_W</ref> &amp;</type>
          <declname>orig</declname>
        </param>
        <briefdescription>
        </briefdescription>
        <detaileddescription>
<para>Operator </para>        </detaileddescription>
        <inbodydescription>
        </inbodydescription>
        <location file="CARLOW_W.h" line="75" column="1" bodyfile="CARLOW_W.h" bodystart="75" bodyend="75"/>
        <references refid="class_c_a_r_l_o_w___w_1aa628d46e58dfd0517f24499eca88138b" compoundref="_c_a_r_l_o_w___w_8cpp" startline="14" endline="15">~CARLOW_W</references>
        <references refid="class_c_a_r_l_o_w___w_1ac91cb7cbae77752e334e273b97fb988b" compoundref="_c_a_r_l_o_w___w_8cpp" startline="37" endline="53">copy</references>
        <references refid="class_c_a_r_l_o_w___w_1a1a76566c3a7c01cf469007741dac6b97" compoundref="_c_a_r_l_o_w___w_8cpp" startline="24" endline="31">getBaseCopy</references>
        <references refid="class_c_a_r_l_o_w___w_1a79e683650f861b59752fb027a5f16e5a" compoundref="_c_a_r_l_o_w___w_8cpp" startline="64" endline="67">toString</references>
        <references refid="class_c_a_r_l_o_w___w_1ad264954806d7fd6c418650a5c7c7defb" compoundref="_c_a_r_l_o_w___w_8cpp" startline="71" endline="73">SetNumber_of_alcatel</references>
        <references refid="class_c_a_r_l_o_w___w_1ae7ab8852e5eeff1c2cd397126fbac0e7" compoundref="_c_a_r_l_o_w___w_8cpp" startline="75" endline="77">GetNumber_of_alcatel</references>
        <references refid="class_c_a_r_l_o_w___w_1af0f395409df02a42b3e9448d027d0776" compoundref="_c_a_r_l_o_w___w_8cpp" startline="79" endline="81">SetNumber_of_nokia</references>
        <references refid="class_c_a_r_l_o_w___w_1a4e3a644ee69bc4bc4ab3feac1493192b" compoundref="_c_a_r_l_o_w___w_8cpp" startline="83" endline="85">GetNumber_of_nokia</references>
        <references refid="class_c_a_r_l_o_w___w_1a016d1d51b091fc1732c2923a3baa2f58" compoundref="_c_a_r_l_o_w___w_8cpp" startline="87" endline="89">SetNumber_of_huawei</references>
        <references refid="class_c_a_r_l_o_w___w_1aea38b51a44cda35a01beb7d45fa7a2a4" compoundref="_c_a_r_l_o_w___w_8cpp" startline="91" endline="93">GetNumber_of_huawei</references>
        <references refid="class_c_a_r_l_o_w___w_1ab255132fb2ef5678d00c74f90acdf2dd" compoundref="_c_a_r_l_o_w___w_8cpp" startline="95" endline="97">SetNumber_of_sony</references>
        <references refid="class_c_a_r_l_o_w___w_1a6d31219dac9b4d8842e14b7414ed286e" compoundref="_c_a_r_l_o_w___w_8cpp" startline="99" endline="101">GetNumber_of_sony</references>
        <references refid="class_c_a_r_l_o_w___w_1a6e629d8043c4c4266ecafa9f6a3e6447" compoundref="_c_a_r_l_o_w___w_8cpp" startline="103" endline="105">SetNumber_of_samsung</references>
        <references refid="class_c_a_r_l_o_w___w_1aecc697b6d017d88f2bdbe3cea2bf3496" compoundref="_c_a_r_l_o_w___w_8cpp" startline="107" endline="109">GetNumber_of_samsung</references>
        <references refid="class_c_a_r_l_o_w___w_1ad58af9d68450f4fc70e0e1ecd4b1b498" compoundref="_c_a_r_l_o_w___w_8cpp" startline="111" endline="113">SetNumber_of_iphones</references>
        <references refid="class_c_a_r_l_o_w___w_1a50395c707116ea1176743ed98c6b1f76" compoundref="_c_a_r_l_o_w___w_8cpp" startline="115" endline="117">GetNumber_of_iphones</references>
        <references refid="class_c_a_r_l_o_w___w_1a9d0dcf25c0a9eb8be530c27bd2cf8933" compoundref="_c_a_r_l_o_w___w_8cpp" startline="119" endline="121">SetShop_name</references>
        <references refid="class_c_a_r_l_o_w___w_1a68235a63964645c525620053a33de863" compoundref="_c_a_r_l_o_w___w_8cpp" startline="123" endline="125">GetShop_name</references>
        <references refid="class_c_a_r_l_o_w___w_1a6f66cd4c060b2b1ac6640768ad5c56e4" compoundref="_c_a_r_l_o_w___w_8cpp" startline="127" endline="129">SetShop_address</references>
        <references refid="class_c_a_r_l_o_w___w_1af48a2f69706be684115758820ce79ddd" compoundref="_c_a_r_l_o_w___w_8cpp" startline="131" endline="133">GetShop_address</references>
      </memberdef>
      <memberdef kind="function" id="class_c_a_r_l_o_w___w_1aa628d46e58dfd0517f24499eca88138b" prot="public" static="no" const="no" explicit="no" inline="no" virt="virtual">
        <type></type>
        <definition>CARLOW_W::~CARLOW_W</definition>
        <argsstring>()</argsstring>
        <name>~CARLOW_W</name>
        <briefdescription>
        </briefdescription>
        <detaileddescription>
<para>de-constructor </para>        </detaileddescription>
        <inbodydescription>
        </inbodydescription>
        <location file="CARLOW_W.h" line="79" column="1" bodyfile="CARLOW_W.cpp" bodystart="14" bodyend="15"/>
        <referencedby refid="class_c_a_r_l_o_w___w_1a38c83795abf1751b3e122c74494f4586" compoundref="_c_a_r_l_o_w___w_8h" startline="75" endline="75">operator=</referencedby>
      </memberdef>
      <memberdef kind="function" id="class_c_a_r_l_o_w___w_1ac91cb7cbae77752e334e273b97fb988b" prot="public" static="no" const="no" explicit="no" inline="no" virt="virtual">
        <type>void</type>
        <definition>void CARLOW_W::copy</definition>
        <argsstring>(std::shared_ptr&lt; OSTM &gt; to, std::shared_ptr&lt; OSTM &gt; from)</argsstring>
        <name>copy</name>
        <reimplements refid="class_o_s_t_m_1a535d90fced5adbb70312c92f3778e08d">copy</reimplements>
        <param>
          <type>std::shared_ptr&lt; <ref refid="class_o_s_t_m" kindref="compound">OSTM</ref> &gt;</type>
          <declname>to</declname>
        </param>
        <param>
          <type>std::shared_ptr&lt; <ref refid="class_o_s_t_m" kindref="compound">OSTM</ref> &gt;</type>
          <declname>from</declname>
        </param>
        <briefdescription>
<para>copy function, make deep copy of the object/pointer </para>        </briefdescription>
        <detaileddescription>
<para><parameterlist kind="param"><parameteritem>
<parameternamelist>
<parametername>objTO</parametername>
</parameternamelist>
<parameterdescription>
<para>is a BANK* type object casted back from std::shared_ptr&lt;OSTM&gt; </para></parameterdescription>
</parameteritem>
<parameteritem>
<parameternamelist>
<parametername>objFROM</parametername>
</parameternamelist>
<parameterdescription>
<para>is a BANK* type object casted back from std::shared_ptr&lt;OSTM&gt; </para></parameterdescription>
</parameteritem>
</parameterlist>
</para>        </detaileddescription>
        <inbodydescription>
        </inbodydescription>
        <location file="CARLOW_W.h" line="84" column="1" bodyfile="CARLOW_W.cpp" bodystart="37" bodyend="53"/>
        <referencedby refid="class_c_a_r_l_o_w___w_1a38c83795abf1751b3e122c74494f4586" compoundref="_c_a_r_l_o_w___w_8h" startline="75" endline="75">operator=</referencedby>
      </memberdef>
      <memberdef kind="function" id="class_c_a_r_l_o_w___w_1a1a76566c3a7c01cf469007741dac6b97" prot="public" static="no" const="no" explicit="no" inline="no" virt="virtual">
        <type>std::shared_ptr&lt; <ref refid="class_o_s_t_m" kindref="compound">OSTM</ref> &gt;</type>
        <definition>std::shared_ptr&lt; OSTM &gt; CARLOW_W::getBaseCopy</definition>
        <argsstring>(std::shared_ptr&lt; OSTM &gt; object)</argsstring>
        <name>getBaseCopy</name>
        <reimplements refid="class_o_s_t_m_1a0bfa3763bd441407dd6365f42714f94c">getBaseCopy</reimplements>
        <param>
          <type>std::shared_ptr&lt; <ref refid="class_o_s_t_m" kindref="compound">OSTM</ref> &gt;</type>
          <declname>object</declname>
        </param>
        <briefdescription>
<para>getBaseCopy function, make deep copy of the object/pointer and Return a new BANK* type object </para>        </briefdescription>
        <detaileddescription>
<para><parameterlist kind="param"><parameteritem>
<parameternamelist>
<parametername>objTO</parametername>
</parameternamelist>
<parameterdescription>
<para>is a <ref refid="class_b_a_n_k" kindref="compound">BANK</ref> type pointer for casting </para></parameterdescription>
</parameteritem>
<parameteritem>
<parameternamelist>
<parametername>obj</parametername>
</parameternamelist>
<parameterdescription>
<para>is a BANK* return type </para></parameterdescription>
</parameteritem>
</parameterlist>
</para>        </detaileddescription>
        <inbodydescription>
        </inbodydescription>
        <location file="CARLOW_W.h" line="85" column="1" bodyfile="CARLOW_W.cpp" bodystart="24" bodyend="31"/>
        <references refid="class_c_a_r_l_o_w___w_1a8ae6ca6f4db7ea5240322fd27824c55a" compoundref="_c_a_r_l_o_w___w_8h" startline="24" endline="34">CARLOW_W</references>
        <referencedby refid="class_c_a_r_l_o_w___w_1a38c83795abf1751b3e122c74494f4586" compoundref="_c_a_r_l_o_w___w_8h" startline="75" endline="75">operator=</referencedby>
      </memberdef>
      <memberdef kind="function" id="class_c_a_r_l_o_w___w_1a79e683650f861b59752fb027a5f16e5a" prot="public" static="no" const="no" explicit="no" inline="no" virt="virtual">
        <type>void</type>
        <definition>void CARLOW_W::toString</definition>
        <argsstring>()</argsstring>
        <name>toString</name>
        <reimplements refid="class_o_s_t_m_1a513396a115f2987fd07c203309ae8a59">toString</reimplements>
        <briefdescription>
<para>_cast, is use to cast bak the std::shared_ptr&lt;OSTM&gt; to the required type </para>        </briefdescription>
        <detaileddescription>
<para>toString function, displays the object values in formatted way </para>        </detaileddescription>
        <inbodydescription>
        </inbodydescription>
        <location file="CARLOW_W.h" line="86" column="1" bodyfile="CARLOW_W.cpp" bodystart="64" bodyend="67"/>
        <references refid="class_c_a_r_l_o_w___w_1a68235a63964645c525620053a33de863" compoundref="_c_a_r_l_o_w___w_8cpp" startline="123" endline="125">GetShop_name</references>
        <references refid="class_o_s_t_m_1a5a01a8b98d16b1d1904ecf9356e7b71d" compoundref="_o_s_t_m_8cpp" startline="73" endline="76">OSTM::Get_Unique_ID</references>
        <references refid="class_c_a_r_l_o_w___w_1af48a2f69706be684115758820ce79ddd" compoundref="_c_a_r_l_o_w___w_8cpp" startline="131" endline="133">GetShop_address</references>
        <references refid="class_c_a_r_l_o_w___w_1a50395c707116ea1176743ed98c6b1f76" compoundref="_c_a_r_l_o_w___w_8cpp" startline="115" endline="117">GetNumber_of_iphones</references>
        <references refid="class_c_a_r_l_o_w___w_1aecc697b6d017d88f2bdbe3cea2bf3496" compoundref="_c_a_r_l_o_w___w_8cpp" startline="107" endline="109">GetNumber_of_samsung</references>
        <references refid="class_c_a_r_l_o_w___w_1a6d31219dac9b4d8842e14b7414ed286e" compoundref="_c_a_r_l_o_w___w_8cpp" startline="99" endline="101">GetNumber_of_sony</references>
        <references refid="class_c_a_r_l_o_w___w_1aea38b51a44cda35a01beb7d45fa7a2a4" compoundref="_c_a_r_l_o_w___w_8cpp" startline="91" endline="93">GetNumber_of_huawei</references>
        <references refid="class_c_a_r_l_o_w___w_1a4e3a644ee69bc4bc4ab3feac1493192b" compoundref="_c_a_r_l_o_w___w_8cpp" startline="83" endline="85">GetNumber_of_nokia</references>
        <references refid="class_c_a_r_l_o_w___w_1ae7ab8852e5eeff1c2cd397126fbac0e7" compoundref="_c_a_r_l_o_w___w_8cpp" startline="75" endline="77">GetNumber_of_alcatel</references>
        <references refid="class_o_s_t_m_1a1f1db9d482f22c8e7caa17dfb340626b" compoundref="_o_s_t_m_8cpp" startline="89" endline="92">OSTM::Get_Version</references>
        <referencedby refid="class_c_a_r_l_o_w___w_1a38c83795abf1751b3e122c74494f4586" compoundref="_c_a_r_l_o_w___w_8h" startline="75" endline="75">operator=</referencedby>
      </memberdef>
      <memberdef kind="function" id="class_c_a_r_l_o_w___w_1ad264954806d7fd6c418650a5c7c7defb" prot="public" static="no" const="no" explicit="no" inline="no" virt="virtual">
        <type>void</type>
        <definition>void CARLOW_W::SetNumber_of_alcatel</definition>
        <argsstring>(int _number_of_alcatel)</argsstring>
        <name>SetNumber_of_alcatel</name>
        <reimplements refid="class_w_a_r_e_h_o_u_s_e_1a91b45d7d40a154308644a9f2b1767d28">SetNumber_of_alcatel</reimplements>
        <param>
          <type>int</type>
          <declname>_number_of_alcatel</declname>
        </param>
        <briefdescription>
        </briefdescription>
        <detaileddescription>
        </detaileddescription>
        <inbodydescription>
        </inbodydescription>
        <location file="CARLOW_W.h" line="90" column="1" bodyfile="CARLOW_W.cpp" bodystart="71" bodyend="73"/>
        <referencedby refid="class_c_a_r_l_o_w___w_1a38c83795abf1751b3e122c74494f4586" compoundref="_c_a_r_l_o_w___w_8h" startline="75" endline="75">operator=</referencedby>
      </memberdef>
      <memberdef kind="function" id="class_c_a_r_l_o_w___w_1ae7ab8852e5eeff1c2cd397126fbac0e7" prot="public" static="no" const="no" explicit="no" inline="no" virt="virtual">
        <type>int</type>
        <definition>int CARLOW_W::GetNumber_of_alcatel</definition>
        <argsstring>()</argsstring>
        <name>GetNumber_of_alcatel</name>
        <reimplements refid="class_w_a_r_e_h_o_u_s_e_1a9d9d5bc37ddd3763ea633d07785b6020">GetNumber_of_alcatel</reimplements>
        <briefdescription>
        </briefdescription>
        <detaileddescription>
        </detaileddescription>
        <inbodydescription>
        </inbodydescription>
        <location file="CARLOW_W.h" line="91" column="1" bodyfile="CARLOW_W.cpp" bodystart="75" bodyend="77"/>
        <referencedby refid="class_c_a_r_l_o_w___w_1a79e683650f861b59752fb027a5f16e5a" compoundref="_c_a_r_l_o_w___w_8cpp" startline="64" endline="67">toString</referencedby>
        <referencedby refid="class_c_a_r_l_o_w___w_1a38c83795abf1751b3e122c74494f4586" compoundref="_c_a_r_l_o_w___w_8h" startline="75" endline="75">operator=</referencedby>
      </memberdef>
      <memberdef kind="function" id="class_c_a_r_l_o_w___w_1af0f395409df02a42b3e9448d027d0776" prot="public" static="no" const="no" explicit="no" inline="no" virt="virtual">
        <type>void</type>
        <definition>void CARLOW_W::SetNumber_of_nokia</definition>
        <argsstring>(int _number_of_nokia)</argsstring>
        <name>SetNumber_of_nokia</name>
        <reimplements refid="class_w_a_r_e_h_o_u_s_e_1a300d1fe21a47e45c0d5d27e25add346f">SetNumber_of_nokia</reimplements>
        <param>
          <type>int</type>
          <declname>_number_of_nokia</declname>
        </param>
        <briefdescription>
        </briefdescription>
        <detaileddescription>
        </detaileddescription>
        <inbodydescription>
        </inbodydescription>
        <location file="CARLOW_W.h" line="92" column="1" bodyfile="CARLOW_W.cpp" bodystart="79" bodyend="81"/>
        <referencedby refid="class_c_a_r_l_o_w___w_1a38c83795abf1751b3e122c74494f4586" compoundref="_c_a_r_l_o_w___w_8h" startline="75" endline="75">operator=</referencedby>
      </memberdef>
      <memberdef kind="function" id="class_c_a_r_l_o_w___w_1a4e3a644ee69bc4bc4ab3feac1493192b" prot="public" static="no" const="no" explicit="no" inline="no" virt="virtual">
        <type>int</type>
        <definition>int CARLOW_W::GetNumber_of_nokia</definition>
        <argsstring>()</argsstring>
        <name>GetNumber_of_nokia</name>
        <reimplements refid="class_w_a_r_e_h_o_u_s_e_1a1a0f7539989c00290934e8b671f2fb1c">GetNumber_of_nokia</reimplements>
        <briefdescription>
        </briefdescription>
        <detaileddescription>
        </detaileddescription>
        <inbodydescription>
        </inbodydescription>
        <location file="CARLOW_W.h" line="93" column="1" bodyfile="CARLOW_W.cpp" bodystart="83" bodyend="85"/>
        <referencedby refid="class_c_a_r_l_o_w___w_1a79e683650f861b59752fb027a5f16e5a" compoundref="_c_a_r_l_o_w___w_8cpp" startline="64" endline="67">toString</referencedby>
        <referencedby refid="class_c_a_r_l_o_w___w_1a38c83795abf1751b3e122c74494f4586" compoundref="_c_a_r_l_o_w___w_8h" startline="75" endline="75">operator=</referencedby>
      </memberdef>
      <memberdef kind="function" id="class_c_a_r_l_o_w___w_1a016d1d51b091fc1732c2923a3baa2f58" prot="public" static="no" const="no" explicit="no" inline="no" virt="virtual">
        <type>void</type>
        <definition>void CARLOW_W::SetNumber_of_huawei</definition>
        <argsstring>(int _number_of_huawei)</argsstring>
        <name>SetNumber_of_huawei</name>
        <reimplements refid="class_w_a_r_e_h_o_u_s_e_1ad29bd0333bd7f17178dc107a00e23954">SetNumber_of_huawei</reimplements>
        <param>
          <type>int</type>
          <declname>_number_of_huawei</declname>
        </param>
        <briefdescription>
        </briefdescription>
        <detaileddescription>
        </detaileddescription>
        <inbodydescription>
        </inbodydescription>
        <location file="CARLOW_W.h" line="94" column="1" bodyfile="CARLOW_W.cpp" bodystart="87" bodyend="89"/>
        <referencedby refid="class_c_a_r_l_o_w___w_1a38c83795abf1751b3e122c74494f4586" compoundref="_c_a_r_l_o_w___w_8h" startline="75" endline="75">operator=</referencedby>
      </memberdef>
      <memberdef kind="function" id="class_c_a_r_l_o_w___w_1aea38b51a44cda35a01beb7d45fa7a2a4" prot="public" static="no" const="no" explicit="no" inline="no" virt="virtual">
        <type>int</type>
        <definition>int CARLOW_W::GetNumber_of_huawei</definition>
        <argsstring>()</argsstring>
        <name>GetNumber_of_huawei</name>
        <reimplements refid="class_w_a_r_e_h_o_u_s_e_1acacc58d1ceea41e968a6d245007ea127">GetNumber_of_huawei</reimplements>
        <briefdescription>
        </briefdescription>
        <detaileddescription>
        </detaileddescription>
        <inbodydescription>
        </inbodydescription>
        <location file="CARLOW_W.h" line="95" column="1" bodyfile="CARLOW_W.cpp" bodystart="91" bodyend="93"/>
        <referencedby refid="class_c_a_r_l_o_w___w_1a79e683650f861b59752fb027a5f16e5a" compoundref="_c_a_r_l_o_w___w_8cpp" startline="64" endline="67">toString</referencedby>
        <referencedby refid="class_c_a_r_l_o_w___w_1a38c83795abf1751b3e122c74494f4586" compoundref="_c_a_r_l_o_w___w_8h" startline="75" endline="75">operator=</referencedby>
      </memberdef>
      <memberdef kind="function" id="class_c_a_r_l_o_w___w_1ab255132fb2ef5678d00c74f90acdf2dd" prot="public" static="no" const="no" explicit="no" inline="no" virt="virtual">
        <type>void</type>
        <definition>void CARLOW_W::SetNumber_of_sony</definition>
        <argsstring>(int _number_of_sony)</argsstring>
        <name>SetNumber_of_sony</name>
        <reimplements refid="class_w_a_r_e_h_o_u_s_e_1a709e5a9f4b439d0507fe74cc1a362ee1">SetNumber_of_sony</reimplements>
        <param>
          <type>int</type>
          <declname>_number_of_sony</declname>
        </param>
        <briefdescription>
        </briefdescription>
        <detaileddescription>
        </detaileddescription>
        <inbodydescription>
        </inbodydescription>
        <location file="CARLOW_W.h" line="96" column="1" bodyfile="CARLOW_W.cpp" bodystart="95" bodyend="97"/>
        <referencedby refid="class_c_a_r_l_o_w___w_1a38c83795abf1751b3e122c74494f4586" compoundref="_c_a_r_l_o_w___w_8h" startline="75" endline="75">operator=</referencedby>
      </memberdef>
      <memberdef kind="function" id="class_c_a_r_l_o_w___w_1a6d31219dac9b4d8842e14b7414ed286e" prot="public" static="no" const="no" explicit="no" inline="no" virt="virtual">
        <type>int</type>
        <definition>int CARLOW_W::GetNumber_of_sony</definition>
        <argsstring>()</argsstring>
        <name>GetNumber_of_sony</name>
        <reimplements refid="class_w_a_r_e_h_o_u_s_e_1abb7da1fee113e81fbb06190606fddb4d">GetNumber_of_sony</reimplements>
        <briefdescription>
        </briefdescription>
        <detaileddescription>
        </detaileddescription>
        <inbodydescription>
        </inbodydescription>
        <location file="CARLOW_W.h" line="97" column="1" bodyfile="CARLOW_W.cpp" bodystart="99" bodyend="101"/>
        <referencedby refid="class_c_a_r_l_o_w___w_1a79e683650f861b59752fb027a5f16e5a" compoundref="_c_a_r_l_o_w___w_8cpp" startline="64" endline="67">toString</referencedby>
        <referencedby refid="class_c_a_r_l_o_w___w_1a38c83795abf1751b3e122c74494f4586" compoundref="_c_a_r_l_o_w___w_8h" startline="75" endline="75">operator=</referencedby>
      </memberdef>
      <memberdef kind="function" id="class_c_a_r_l_o_w___w_1a6e629d8043c4c4266ecafa9f6a3e6447" prot="public" static="no" const="no" explicit="no" inline="no" virt="virtual">
        <type>void</type>
        <definition>void CARLOW_W::SetNumber_of_samsung</definition>
        <argsstring>(int _number_of_samsung)</argsstring>
        <name>SetNumber_of_samsung</name>
        <reimplements refid="class_w_a_r_e_h_o_u_s_e_1a5564efbb5f54f663208a17c6f7f440e2">SetNumber_of_samsung</reimplements>
        <param>
          <type>int</type>
          <declname>_number_of_samsung</declname>
        </param>
        <briefdescription>
        </briefdescription>
        <detaileddescription>
        </detaileddescription>
        <inbodydescription>
        </inbodydescription>
        <location file="CARLOW_W.h" line="98" column="1" bodyfile="CARLOW_W.cpp" bodystart="103" bodyend="105"/>
        <referencedby refid="class_c_a_r_l_o_w___w_1a38c83795abf1751b3e122c74494f4586" compoundref="_c_a_r_l_o_w___w_8h" startline="75" endline="75">operator=</referencedby>
      </memberdef>
      <memberdef kind="function" id="class_c_a_r_l_o_w___w_1aecc697b6d017d88f2bdbe3cea2bf3496" prot="public" static="no" const="no" explicit="no" inline="no" virt="virtual">
        <type>int</type>
        <definition>int CARLOW_W::GetNumber_of_samsung</definition>
        <argsstring>()</argsstring>
        <name>GetNumber_of_samsung</name>
        <reimplements refid="class_w_a_r_e_h_o_u_s_e_1a817b030450f48bc24e3cc6de5dadefec">GetNumber_of_samsung</reimplements>
        <briefdescription>
        </briefdescription>
        <detaileddescription>
        </detaileddescription>
        <inbodydescription>
        </inbodydescription>
        <location file="CARLOW_W.h" line="99" column="1" bodyfile="CARLOW_W.cpp" bodystart="107" bodyend="109"/>
        <referencedby refid="class_c_a_r_l_o_w___w_1a79e683650f861b59752fb027a5f16e5a" compoundref="_c_a_r_l_o_w___w_8cpp" startline="64" endline="67">toString</referencedby>
        <referencedby refid="class_c_a_r_l_o_w___w_1a38c83795abf1751b3e122c74494f4586" compoundref="_c_a_r_l_o_w___w_8h" startline="75" endline="75">operator=</referencedby>
      </memberdef>
      <memberdef kind="function" id="class_c_a_r_l_o_w___w_1ad58af9d68450f4fc70e0e1ecd4b1b498" prot="public" static="no" const="no" explicit="no" inline="no" virt="virtual">
        <type>void</type>
        <definition>void CARLOW_W::SetNumber_of_iphones</definition>
        <argsstring>(int _number_of_iphones)</argsstring>
        <name>SetNumber_of_iphones</name>
        <reimplements refid="class_w_a_r_e_h_o_u_s_e_1a05e7450e1f1e711a53a4d9d40fb9dfa3">SetNumber_of_iphones</reimplements>
        <param>
          <type>int</type>
          <declname>_number_of_iphones</declname>
        </param>
        <briefdescription>
        </briefdescription>
        <detaileddescription>
        </detaileddescription>
        <inbodydescription>
        </inbodydescription>
        <location file="CARLOW_W.h" line="100" column="1" bodyfile="CARLOW_W.cpp" bodystart="111" bodyend="113"/>
        <referencedby refid="class_c_a_r_l_o_w___w_1a38c83795abf1751b3e122c74494f4586" compoundref="_c_a_r_l_o_w___w_8h" startline="75" endline="75">operator=</referencedby>
      </memberdef>
      <memberdef kind="function" id="class_c_a_r_l_o_w___w_1a50395c707116ea1176743ed98c6b1f76" prot="public" static="no" const="no" explicit="no" inline="no" virt="virtual">
        <type>int</type>
        <definition>int CARLOW_W::GetNumber_of_iphones</definition>
        <argsstring>()</argsstring>
        <name>GetNumber_of_iphones</name>
        <reimplements refid="class_w_a_r_e_h_o_u_s_e_1a08312d1a68ff48d459ad637df6aaf2f1">GetNumber_of_iphones</reimplements>
        <briefdescription>
        </briefdescription>
        <detaileddescription>
        </detaileddescription>
        <inbodydescription>
        </inbodydescription>
        <location file="CARLOW_W.h" line="101" column="1" bodyfile="CARLOW_W.cpp" bodystart="115" bodyend="117"/>
        <referencedby refid="class_c_a_r_l_o_w___w_1a79e683650f861b59752fb027a5f16e5a" compoundref="_c_a_r_l_o_w___w_8cpp" startline="64" endline="67">toString</referencedby>
        <referencedby refid="class_c_a_r_l_o_w___w_1a38c83795abf1751b3e122c74494f4586" compoundref="_c_a_r_l_o_w___w_8h" startline="75" endline="75">operator=</referencedby>
      </memberdef>
      <memberdef kind="function" id="class_c_a_r_l_o_w___w_1a9d0dcf25c0a9eb8be530c27bd2cf8933" prot="public" static="no" const="no" explicit="no" inline="no" virt="virtual">
        <type>void</type>
        <definition>void CARLOW_W::SetShop_name</definition>
        <argsstring>(std::string _shop_name)</argsstring>
        <name>SetShop_name</name>
        <reimplements refid="class_w_a_r_e_h_o_u_s_e_1ae5cb8c03a4ef0d2e84bbe34312bb01e4">SetShop_name</reimplements>
        <param>
          <type>std::string</type>
          <declname>_shop_name</declname>
        </param>
        <briefdescription>
        </briefdescription>
        <detaileddescription>
        </detaileddescription>
        <inbodydescription>
        </inbodydescription>
        <location file="CARLOW_W.h" line="102" column="1" bodyfile="CARLOW_W.cpp" bodystart="119" bodyend="121"/>
        <referencedby refid="class_c_a_r_l_o_w___w_1a38c83795abf1751b3e122c74494f4586" compoundref="_c_a_r_l_o_w___w_8h" startline="75" endline="75">operator=</referencedby>
      </memberdef>
      <memberdef kind="function" id="class_c_a_r_l_o_w___w_1a68235a63964645c525620053a33de863" prot="public" static="no" const="no" explicit="no" inline="no" virt="virtual">
        <type>std::string</type>
        <definition>std::string CARLOW_W::GetShop_name</definition>
        <argsstring>()</argsstring>
        <name>GetShop_name</name>
        <reimplements refid="class_w_a_r_e_h_o_u_s_e_1a4d39386ec25ec71b513eb7382e5cd869">GetShop_name</reimplements>
        <briefdescription>
        </briefdescription>
        <detaileddescription>
        </detaileddescription>
        <inbodydescription>
        </inbodydescription>
        <location file="CARLOW_W.h" line="103" column="1" bodyfile="CARLOW_W.cpp" bodystart="123" bodyend="125"/>
        <referencedby refid="class_c_a_r_l_o_w___w_1a79e683650f861b59752fb027a5f16e5a" compoundref="_c_a_r_l_o_w___w_8cpp" startline="64" endline="67">toString</referencedby>
        <referencedby refid="class_c_a_r_l_o_w___w_1a38c83795abf1751b3e122c74494f4586" compoundref="_c_a_r_l_o_w___w_8h" startline="75" endline="75">operator=</referencedby>
      </memberdef>
      <memberdef kind="function" id="class_c_a_r_l_o_w___w_1a6f66cd4c060b2b1ac6640768ad5c56e4" prot="public" static="no" const="no" explicit="no" inline="no" virt="virtual">
        <type>void</type>
        <definition>void CARLOW_W::SetShop_address</definition>
        <argsstring>(std::string _shop_address)</argsstring>
        <name>SetShop_address</name>
        <reimplements refid="class_w_a_r_e_h_o_u_s_e_1a1accf4c214a11a532cad88729d44b91d">SetShop_address</reimplements>
        <param>
          <type>std::string</type>
          <declname>_shop_address</declname>
        </param>
        <briefdescription>
        </briefdescription>
        <detaileddescription>
        </detaileddescription>
        <inbodydescription>
        </inbodydescription>
        <location file="CARLOW_W.h" line="104" column="1" bodyfile="CARLOW_W.cpp" bodystart="127" bodyend="129"/>
        <referencedby refid="class_c_a_r_l_o_w___w_1a38c83795abf1751b3e122c74494f4586" compoundref="_c_a_r_l_o_w___w_8h" startline="75" endline="75">operator=</referencedby>
      </memberdef>
      <memberdef kind="function" id="class_c_a_r_l_o_w___w_1af48a2f69706be684115758820ce79ddd" prot="public" static="no" const="no" explicit="no" inline="no" virt="virtual">
        <type>std::string</type>
        <definition>std::string CARLOW_W::GetShop_address</definition>
        <argsstring>()</argsstring>
        <name>GetShop_address</name>
        <reimplements refid="class_w_a_r_e_h_o_u_s_e_1a50c29c2f95d148239e8b43b8a0046a31">GetShop_address</reimplements>
        <briefdescription>
        </briefdescription>
        <detaileddescription>
        </detaileddescription>
        <inbodydescription>
        </inbodydescription>
        <location file="CARLOW_W.h" line="105" column="1" bodyfile="CARLOW_W.cpp" bodystart="131" bodyend="133"/>
        <referencedby refid="class_c_a_r_l_o_w___w_1a79e683650f861b59752fb027a5f16e5a" compoundref="_c_a_r_l_o_w___w_8cpp" startline="64" endline="67">toString</referencedby>
        <referencedby refid="class_c_a_r_l_o_w___w_1a38c83795abf1751b3e122c74494f4586" compoundref="_c_a_r_l_o_w___w_8h" startline="75" endline="75">operator=</referencedby>
      </memberdef>
      </sectiondef>
    <briefdescription>
    </briefdescription>
    <detaileddescription>
<para>Inherit from <ref refid="class_w_a_r_e_h_o_u_s_e" kindref="compound">WAREHOUSE</ref> </para>    </detaileddescription>
    <inheritancegraph>
      <node id="141">
        <label>WAREHOUSE</label>
        <link refid="class_w_a_r_e_h_o_u_s_e"/>
        <childnode refid="142" relation="public-inheritance">
        </childnode>
      </node>
      <node id="142">
        <label>OSTM</label>
        <link refid="class_o_s_t_m"/>
      </node>
      <node id="140">
        <label>CARLOW_W</label>
        <link refid="class_c_a_r_l_o_w___w"/>
        <childnode refid="141" relation="public-inheritance">
        </childnode>
      </node>
    </inheritancegraph>
    <collaborationgraph>
      <node id="144">
        <label>WAREHOUSE</label>
        <link refid="class_w_a_r_e_h_o_u_s_e"/>
        <childnode refid="145" relation="public-inheritance">
        </childnode>
      </node>
      <node id="145">
        <label>OSTM</label>
        <link refid="class_o_s_t_m"/>
      </node>
      <node id="143">
        <label>CARLOW_W</label>
        <link refid="class_c_a_r_l_o_w___w"/>
        <childnode refid="144" relation="public-inheritance">
        </childnode>
      </node>
    </collaborationgraph>
    <location file="CARLOW_W.h" line="19" column="1" bodyfile="CARLOW_W.h" bodystart="19" bodyend="118"/>
    <listofallmembers>
      <member refid="class_c_a_r_l_o_w___w_1acf1f9888b2ac011cd0e8bb49b10abd91" prot="private" virt="non-virtual"><scope>CARLOW_W</scope><name>_number_of_alcatel</name></member>
      <member refid="class_c_a_r_l_o_w___w_1acc2837ed943bb51134e5878e818970fd" prot="private" virt="non-virtual"><scope>CARLOW_W</scope><name>_number_of_huawei</name></member>
      <member refid="class_c_a_r_l_o_w___w_1aff9e9a986b6390d6fa51f52d43a8c0e8" prot="private" virt="non-virtual"><scope>CARLOW_W</scope><name>_number_of_iphones</name></member>
      <member refid="class_c_a_r_l_o_w___w_1ac4c7e47711cc4c9e0bc01fc37cabe7d1" prot="private" virt="non-virtual"><scope>CARLOW_W</scope><name>_number_of_nokia</name></member>
      <member refid="class_c_a_r_l_o_w___w_1ae47f54289c630e38341ce8b2c8decf0f" prot="private" virt="non-virtual"><scope>CARLOW_W</scope><name>_number_of_samsung</name></member>
      <member refid="class_c_a_r_l_o_w___w_1a080de2e63290db84a0b9898682b74f6e" prot="private" virt="non-virtual"><scope>CARLOW_W</scope><name>_number_of_sony</name></member>
      <member refid="class_c_a_r_l_o_w___w_1acaa886b26f5a60d500f13709340d34cf" prot="private" virt="non-virtual"><scope>CARLOW_W</scope><name>_shop_address</name></member>
      <member refid="class_c_a_r_l_o_w___w_1ad3ae4ca82f06287d8ad5bec07a43561a" prot="private" virt="non-virtual"><scope>CARLOW_W</scope><name>_shop_name</name></member>
      <member refid="class_c_a_r_l_o_w___w_1a8ae6ca6f4db7ea5240322fd27824c55a" prot="public" virt="non-virtual"><scope>CARLOW_W</scope><name>CARLOW_W</name></member>
      <member refid="class_c_a_r_l_o_w___w_1aa13cfb47255f935a3b27708b68e52129" prot="public" virt="non-virtual"><scope>CARLOW_W</scope><name>CARLOW_W</name></member>
      <member refid="class_c_a_r_l_o_w___w_1ad3b772ca2d09eba4a273cb0c7cece747" prot="public" virt="non-virtual"><scope>CARLOW_W</scope><name>CARLOW_W</name></member>
      <member refid="class_c_a_r_l_o_w___w_1a267a2792c59f475740a68953c8437205" prot="public" virt="non-virtual"><scope>CARLOW_W</scope><name>CARLOW_W</name></member>
      <member refid="class_c_a_r_l_o_w___w_1ac91cb7cbae77752e334e273b97fb988b" prot="public" virt="virtual"><scope>CARLOW_W</scope><name>copy</name></member>
      <member refid="class_o_s_t_m_1a5a01a8b98d16b1d1904ecf9356e7b71d" prot="public" virt="non-virtual"><scope>CARLOW_W</scope><name>Get_Unique_ID</name></member>
      <member refid="class_o_s_t_m_1a1f1db9d482f22c8e7caa17dfb340626b" prot="public" virt="non-virtual"><scope>CARLOW_W</scope><name>Get_Version</name></member>
      <member refid="class_c_a_r_l_o_w___w_1a1a76566c3a7c01cf469007741dac6b97" prot="public" virt="virtual"><scope>CARLOW_W</scope><name>getBaseCopy</name></member>
      <member refid="class_c_a_r_l_o_w___w_1ae7ab8852e5eeff1c2cd397126fbac0e7" prot="public" virt="virtual"><scope>CARLOW_W</scope><name>GetNumber_of_alcatel</name></member>
      <member refid="class_c_a_r_l_o_w___w_1aea38b51a44cda35a01beb7d45fa7a2a4" prot="public" virt="virtual"><scope>CARLOW_W</scope><name>GetNumber_of_huawei</name></member>
      <member refid="class_c_a_r_l_o_w___w_1a50395c707116ea1176743ed98c6b1f76" prot="public" virt="virtual"><scope>CARLOW_W</scope><name>GetNumber_of_iphones</name></member>
      <member refid="class_c_a_r_l_o_w___w_1a4e3a644ee69bc4bc4ab3feac1493192b" prot="public" virt="virtual"><scope>CARLOW_W</scope><name>GetNumber_of_nokia</name></member>
      <member refid="class_c_a_r_l_o_w___w_1aecc697b6d017d88f2bdbe3cea2bf3496" prot="public" virt="virtual"><scope>CARLOW_W</scope><name>GetNumber_of_samsung</name></member>
      <member refid="class_c_a_r_l_o_w___w_1a6d31219dac9b4d8842e14b7414ed286e" prot="public" virt="virtual"><scope>CARLOW_W</scope><name>GetNumber_of_sony</name></member>
      <member refid="class_c_a_r_l_o_w___w_1af48a2f69706be684115758820ce79ddd" prot="public" virt="virtual"><scope>CARLOW_W</scope><name>GetShop_address</name></member>
      <member refid="class_c_a_r_l_o_w___w_1a68235a63964645c525620053a33de863" prot="public" virt="virtual"><scope>CARLOW_W</scope><name>GetShop_name</name></member>
      <member refid="class_o_s_t_m_1a5f90caa4384d371c16b7cac860d9f89a" prot="public" virt="non-virtual"><scope>CARLOW_W</scope><name>increase_VersionNumber</name></member>
      <member refid="class_o_s_t_m_1afc2851abf5342c3c67342c2c14820115" prot="public" virt="non-virtual"><scope>CARLOW_W</scope><name>Is_Abort_Transaction</name></member>
      <member refid="class_o_s_t_m_1a8df39ced3b401aa466df97e26d14b1b7" prot="public" virt="non-virtual"><scope>CARLOW_W</scope><name>Is_Can_Commit</name></member>
      <member refid="class_o_s_t_m_1afb6520023ed2c4a6188b688c46f192d0" prot="public" virt="non-virtual"><scope>CARLOW_W</scope><name>is_Locked</name></member>
      <member refid="class_o_s_t_m_1af192c598a3c647f37aaba5757e60240f" prot="public" virt="non-virtual"><scope>CARLOW_W</scope><name>lock_Mutex</name></member>
      <member refid="class_c_a_r_l_o_w___w_1a38c83795abf1751b3e122c74494f4586" prot="public" virt="non-virtual"><scope>CARLOW_W</scope><name>operator=</name></member>
      <member refid="class_o_s_t_m_1a968edf778668bd0ec7603f0571619196" prot="public" virt="non-virtual"><scope>CARLOW_W</scope><name>OSTM</name></member>
      <member refid="class_o_s_t_m_1a2314f55a127b94aa8a51d19ba798401e" prot="public" virt="non-virtual"><scope>CARLOW_W</scope><name>OSTM</name></member>
      <member refid="class_o_s_t_m_1aba384cf65c5f56f5b86833730c3c6ea4" prot="public" virt="non-virtual"><scope>CARLOW_W</scope><name>Set_Abort_Transaction</name></member>
      <member refid="class_o_s_t_m_1a813ee61c9d1c83c6a6ae30d12aca8a5d" prot="public" virt="non-virtual"><scope>CARLOW_W</scope><name>Set_Can_Commit</name></member>
      <member refid="class_o_s_t_m_1ab5019a32185631c08abbf826422f2d93" prot="public" virt="non-virtual"><scope>CARLOW_W</scope><name>Set_Unique_ID</name></member>
      <member refid="class_o_s_t_m_1a9529ad8d6d28c1f0cc9b86ed91df1ae1" prot="public" virt="non-virtual"><scope>CARLOW_W</scope><name>Set_Version</name></member>
      <member refid="class_c_a_r_l_o_w___w_1ad264954806d7fd6c418650a5c7c7defb" prot="public" virt="virtual"><scope>CARLOW_W</scope><name>SetNumber_of_alcatel</name></member>
      <member refid="class_c_a_r_l_o_w___w_1a016d1d51b091fc1732c2923a3baa2f58" prot="public" virt="virtual"><scope>CARLOW_W</scope><name>SetNumber_of_huawei</name></member>
      <member refid="class_c_a_r_l_o_w___w_1ad58af9d68450f4fc70e0e1ecd4b1b498" prot="public" virt="virtual"><scope>CARLOW_W</scope><name>SetNumber_of_iphones</name></member>
      <member refid="class_c_a_r_l_o_w___w_1af0f395409df02a42b3e9448d027d0776" prot="public" virt="virtual"><scope>CARLOW_W</scope><name>SetNumber_of_nokia</name></member>
      <member refid="class_c_a_r_l_o_w___w_1a6e629d8043c4c4266ecafa9f6a3e6447" prot="public" virt="virtual"><scope>CARLOW_W</scope><name>SetNumber_of_samsung</name></member>
      <member refid="class_c_a_r_l_o_w___w_1ab255132fb2ef5678d00c74f90acdf2dd" prot="public" virt="virtual"><scope>CARLOW_W</scope><name>SetNumber_of_sony</name></member>
      <member refid="class_c_a_r_l_o_w___w_1a6f66cd4c060b2b1ac6640768ad5c56e4" prot="public" virt="virtual"><scope>CARLOW_W</scope><name>SetShop_address</name></member>
      <member refid="class_c_a_r_l_o_w___w_1a9d0dcf25c0a9eb8be530c27bd2cf8933" prot="public" virt="virtual"><scope>CARLOW_W</scope><name>SetShop_name</name></member>
      <member refid="class_c_a_r_l_o_w___w_1a79e683650f861b59752fb027a5f16e5a" prot="public" virt="virtual"><scope>CARLOW_W</scope><name>toString</name></member>
      <member refid="class_o_s_t_m_1a6cd703bc26c719fd95b4f5362d050762" prot="public" virt="non-virtual"><scope>CARLOW_W</scope><name>unlock_Mutex</name></member>
      <member refid="class_w_a_r_e_h_o_u_s_e_1a7a924d389af91f54ed0e1d1d8d56ec57" prot="public" virt="non-virtual"><scope>CARLOW_W</scope><name>WAREHOUSE</name></member>
      <member refid="class_w_a_r_e_h_o_u_s_e_1a91a50ed8f6eeb344b1785f750532b18a" prot="public" virt="non-virtual"><scope>CARLOW_W</scope><name>WAREHOUSE</name></member>
      <member refid="class_w_a_r_e_h_o_u_s_e_1a4782d251d2203377f8e9f331ba3b0a7e" prot="public" virt="non-virtual"><scope>CARLOW_W</scope><name>WAREHOUSE</name></member>
      <member refid="class_c_a_r_l_o_w___w_1aa628d46e58dfd0517f24499eca88138b" prot="public" virt="virtual"><scope>CARLOW_W</scope><name>~CARLOW_W</name></member>
      <member refid="class_o_s_t_m_1a30a17d73d0259c60eeab72d6dfa9ceb1" prot="public" virt="virtual"><scope>CARLOW_W</scope><name>~OSTM</name></member>
      <member refid="class_w_a_r_e_h_o_u_s_e_1ad5aa686839d7be9bfea33d469c58086b" prot="public" virt="virtual"><scope>CARLOW_W</scope><name>~WAREHOUSE</name></member>
    </listofallmembers>
  </compounddef>
</doxygen>
