<?xml version='1.0' encoding='UTF-8' standalone='no'?>
<doxygen xmlns:xsi="http://www.w3.org/2001/XMLSchema-instance" xsi:noNamespaceSchemaLocation="compound.xsd" version="1.8.11">
  <compounddef id="class_b_a_n_k" kind="class" language="C++" prot="public">
    <compoundname>BANK</compoundname>
    <basecompoundref refid="class_o_s_t_m" prot="public" virt="non-virtual">OSTM</basecompoundref>
    <derivedcompoundref refid="class_a_i_b" prot="public" virt="non-virtual">AIB</derivedcompoundref>
    <derivedcompoundref refid="class_b_o_a" prot="public" virt="non-virtual">BOA</derivedcompoundref>
    <derivedcompoundref refid="class_b_o_i" prot="public" virt="non-virtual">BOI</derivedcompoundref>
    <derivedcompoundref refid="class_s_w_b_p_l_c" prot="public" virt="non-virtual">SWBPLC</derivedcompoundref>
    <derivedcompoundref refid="class_u_l_s_t_e_r" prot="public" virt="non-virtual">ULSTER</derivedcompoundref>
    <derivedcompoundref refid="class_u_n_b_l" prot="public" virt="non-virtual">UNBL</derivedcompoundref>
    <includes refid="_b_a_n_k_8h" local="no">BANK.h</includes>
      <sectiondef kind="public-func">
      <memberdef kind="function" id="class_b_a_n_k_1a0bc938356cebff14fb0560264abe5a34" prot="public" static="no" const="no" explicit="no" inline="yes" virt="non-virtual">
        <type></type>
        <definition>BANK::BANK</definition>
        <argsstring>()</argsstring>
        <name>BANK</name>
        <briefdescription>
        </briefdescription>
        <detaileddescription>
<para>Constructor </para>        </detaileddescription>
        <inbodydescription>
        </inbodydescription>
        <location file="BANK.h" line="23" column="1" bodyfile="BANK.h" bodystart="23" bodyend="25"/>
        <referencedby refid="class_b_a_n_k_1a7382dd275d8f4f10a8b53ccbc93e1e87" compoundref="_b_a_n_k_8h" startline="29" endline="31">BANK</referencedby>
      </memberdef>
      <memberdef kind="function" id="class_b_a_n_k_1a7382dd275d8f4f10a8b53ccbc93e1e87" prot="public" static="no" const="no" explicit="no" inline="yes" virt="non-virtual">
        <type></type>
        <definition>BANK::BANK</definition>
        <argsstring>(int _version, int _unique_id)</argsstring>
        <name>BANK</name>
        <param>
          <type>int</type>
          <declname>_version</declname>
        </param>
        <param>
          <type>int</type>
          <declname>_unique_id</declname>
        </param>
        <briefdescription>
        </briefdescription>
        <detaileddescription>
<para>Custom Constructor </para>        </detaileddescription>
        <inbodydescription>
        </inbodydescription>
        <location file="BANK.h" line="29" column="1" bodyfile="BANK.h" bodystart="29" bodyend="31"/>
        <references refid="class_b_a_n_k_1a0bc938356cebff14fb0560264abe5a34" compoundref="_b_a_n_k_8h" startline="23" endline="25">BANK</references>
        <references refid="class_b_a_n_k_1ad609a1e004efdebab6495d95eced2346" compoundref="_b_a_n_k_8cpp" startline="14" endline="15">~BANK</references>
      </memberdef>
      <memberdef kind="function" id="class_b_a_n_k_1a4dd657c30039ea00a040e6226c23ccd4" prot="public" static="no" const="no" explicit="no" inline="no" virt="non-virtual">
        <type></type>
        <definition>BANK::BANK</definition>
        <argsstring>(const BANK &amp;orig)</argsstring>
        <name>BANK</name>
        <param>
          <type>const <ref refid="class_b_a_n_k" kindref="compound">BANK</ref> &amp;</type>
          <declname>orig</declname>
        </param>
        <briefdescription>
        </briefdescription>
        <detaileddescription>
<para>Copy constructor </para>        </detaileddescription>
        <inbodydescription>
        </inbodydescription>
        <location file="BANK.h" line="35" column="1" bodyfile="BANK.cpp" bodystart="11" bodyend="12"/>
      </memberdef>
      <memberdef kind="function" id="class_b_a_n_k_1ad609a1e004efdebab6495d95eced2346" prot="public" static="no" const="no" explicit="no" inline="no" virt="virtual">
        <type></type>
        <definition>BANK::~BANK</definition>
        <argsstring>()</argsstring>
        <name>~BANK</name>
        <briefdescription>
        </briefdescription>
        <detaileddescription>
<para>de-constructor </para>        </detaileddescription>
        <inbodydescription>
        </inbodydescription>
        <location file="BANK.h" line="39" column="1" bodyfile="BANK.cpp" bodystart="14" bodyend="15"/>
        <referencedby refid="class_b_a_n_k_1a7382dd275d8f4f10a8b53ccbc93e1e87" compoundref="_b_a_n_k_8h" startline="29" endline="31">BANK</referencedby>
      </memberdef>
      <memberdef kind="function" id="class_b_a_n_k_1a52ad99454b2059d44967868157208393" prot="public" static="no" const="no" explicit="no" inline="yes" virt="virtual">
        <type>void</type>
        <definition>virtual void BANK::SetAddress</definition>
        <argsstring>(std::string address)</argsstring>
        <name>SetAddress</name>
        <reimplementedby refid="class_u_n_b_l_1acbd63767c5070d82605671cfce0433a9">SetAddress</reimplementedby>
        <reimplementedby refid="class_u_l_s_t_e_r_1a5b0662f0524ce8ce710881a05b431fad">SetAddress</reimplementedby>
        <reimplementedby refid="class_s_w_b_p_l_c_1a99590e47dda8361b2d5869fd315f92f8">SetAddress</reimplementedby>
        <reimplementedby refid="class_b_o_i_1a00c9386c862cf2442968bf7fc30102b3">SetAddress</reimplementedby>
        <reimplementedby refid="class_b_o_a_1a2568c0027af6534bd08dde882e892caf">SetAddress</reimplementedby>
        <reimplementedby refid="class_a_i_b_1ab5fd22fbbc0ea75a022aaeb7174fc450">SetAddress</reimplementedby>
        <param>
          <type>std::string</type>
          <declname>address</declname>
        </param>
        <briefdescription>
        </briefdescription>
        <detaileddescription>
        </detaileddescription>
        <inbodydescription>
        </inbodydescription>
        <location file="BANK.h" line="44" column="1" bodyfile="BANK.h" bodystart="44" bodyend="44"/>
      </memberdef>
      <memberdef kind="function" id="class_b_a_n_k_1a358741f647f9494026e02fd3fd27cde6" prot="public" static="no" const="yes" explicit="no" inline="yes" virt="virtual">
        <type>std::string</type>
        <definition>virtual std::string BANK::GetAddress</definition>
        <argsstring>() const </argsstring>
        <name>GetAddress</name>
        <reimplementedby refid="class_u_n_b_l_1a74f8896be6e93ad8f89ca3b0da83525a">GetAddress</reimplementedby>
        <reimplementedby refid="class_u_l_s_t_e_r_1ac31a16a960e53ea592b0d809a3ba167d">GetAddress</reimplementedby>
        <reimplementedby refid="class_s_w_b_p_l_c_1a3a62a57b3ecdd06ed977ef372dab89ad">GetAddress</reimplementedby>
        <reimplementedby refid="class_b_o_i_1a8920e1f47b22445ba954e86012207462">GetAddress</reimplementedby>
        <reimplementedby refid="class_b_o_a_1aa4aa2cf1ef0e876bb7911c00b5374493">GetAddress</reimplementedby>
        <reimplementedby refid="class_a_i_b_1a5092c8741fbe231531aa5aaa61d26b9c">GetAddress</reimplementedby>
        <briefdescription>
        </briefdescription>
        <detaileddescription>
        </detaileddescription>
        <inbodydescription>
        </inbodydescription>
        <location file="BANK.h" line="45" column="1" bodyfile="BANK.h" bodystart="45" bodyend="45"/>
      </memberdef>
      <memberdef kind="function" id="class_b_a_n_k_1ae3e45b407bf8ec7175662442ea24b7c0" prot="public" static="no" const="no" explicit="no" inline="yes" virt="virtual">
        <type>void</type>
        <definition>virtual void BANK::SetBalance</definition>
        <argsstring>(double balance)</argsstring>
        <name>SetBalance</name>
        <reimplementedby refid="class_u_n_b_l_1a3b7b2089cf4e2995e99b860b1fb2e5cb">SetBalance</reimplementedby>
        <reimplementedby refid="class_u_l_s_t_e_r_1a288ded3e96cf65a066f13529db94b182">SetBalance</reimplementedby>
        <reimplementedby refid="class_s_w_b_p_l_c_1a9a0d94da8922f00ca4a3e5fa774e8b3f">SetBalance</reimplementedby>
        <reimplementedby refid="class_b_o_i_1a416667693c10f5e4120eec97a9269348">SetBalance</reimplementedby>
        <reimplementedby refid="class_b_o_a_1a0e06a7b7669b6a26a41b37d68f0a87b8">SetBalance</reimplementedby>
        <reimplementedby refid="class_a_i_b_1ac286e13b8cf985bc88ce356b0eaada81">SetBalance</reimplementedby>
        <param>
          <type>double</type>
          <declname>balance</declname>
        </param>
        <briefdescription>
        </briefdescription>
        <detaileddescription>
        </detaileddescription>
        <inbodydescription>
        </inbodydescription>
        <location file="BANK.h" line="46" column="1" bodyfile="BANK.h" bodystart="46" bodyend="46"/>
        <referencedby refid="main_8cpp_1a944b67b9489cc68c8eac66d42f4515ec" compoundref="main_8cpp" startline="51" endline="115">_six_account_transfer_</referencedby>
        <referencedby refid="main_8cpp_1a83aef8c5b69afef4e38d14c17fe782b3" compoundref="main_8cpp" startline="123" endline="197">_two_account_transfer_</referencedby>
        <referencedby refid="main_8cpp_1a5675cb594d74aa1bf5e80233370ffd81" compoundref="main_8cpp" startline="206" endline="285">_nesting_</referencedby>
        <referencedby refid="main_8cpp_1a0099d241c74532abfb1baae50a52da52" compoundref="main_8cpp" startline="294" endline="350">_complex_transfer_</referencedby>
      </memberdef>
      <memberdef kind="function" id="class_b_a_n_k_1a7ac46c74859cebdc933cb27e148d18b1" prot="public" static="no" const="yes" explicit="no" inline="yes" virt="virtual">
        <type>double</type>
        <definition>virtual double BANK::GetBalance</definition>
        <argsstring>() const </argsstring>
        <name>GetBalance</name>
        <reimplementedby refid="class_u_n_b_l_1ad5b882bff8d1e2619b2ebbd170345c99">GetBalance</reimplementedby>
        <reimplementedby refid="class_u_l_s_t_e_r_1ae70da9686ac038862900182a984e56eb">GetBalance</reimplementedby>
        <reimplementedby refid="class_s_w_b_p_l_c_1af7f5f662ab926bfb9c0c1c7156cde24c">GetBalance</reimplementedby>
        <reimplementedby refid="class_b_o_i_1a25b289dece2a1685bb9d1a9332c9be0b">GetBalance</reimplementedby>
        <reimplementedby refid="class_b_o_a_1a07e30b7e5f5f20392b94af7344fd550c">GetBalance</reimplementedby>
        <reimplementedby refid="class_a_i_b_1ac75087ae73c308bd946e47a71dc85b86">GetBalance</reimplementedby>
        <briefdescription>
        </briefdescription>
        <detaileddescription>
        </detaileddescription>
        <inbodydescription>
        </inbodydescription>
        <location file="BANK.h" line="47" column="1" bodyfile="BANK.h" bodystart="47" bodyend="47"/>
      </memberdef>
      <memberdef kind="function" id="class_b_a_n_k_1a9d8fb8bde35d63eca7e9f87d22b45752" prot="public" static="no" const="no" explicit="no" inline="yes" virt="virtual">
        <type>void</type>
        <definition>virtual void BANK::SetAccountNumber</definition>
        <argsstring>(int accountNumber)</argsstring>
        <name>SetAccountNumber</name>
        <reimplementedby refid="class_u_n_b_l_1a0ee536d872c0f93486f942b268c2431e">SetAccountNumber</reimplementedby>
        <reimplementedby refid="class_u_l_s_t_e_r_1ae28bbc54174cd9b3b268d827c122c412">SetAccountNumber</reimplementedby>
        <reimplementedby refid="class_s_w_b_p_l_c_1a45eb1e6a73fde0dc00824319d4e0b81a">SetAccountNumber</reimplementedby>
        <reimplementedby refid="class_b_o_i_1affc9e7e2a36214b3790f250b7108bb65">SetAccountNumber</reimplementedby>
        <reimplementedby refid="class_b_o_a_1a6b85963680344bd719ab862a50a09588">SetAccountNumber</reimplementedby>
        <reimplementedby refid="class_a_i_b_1ae582677d2d890f1728dedb9f43965df6">SetAccountNumber</reimplementedby>
        <param>
          <type>int</type>
          <declname>accountNumber</declname>
        </param>
        <briefdescription>
        </briefdescription>
        <detaileddescription>
        </detaileddescription>
        <inbodydescription>
        </inbodydescription>
        <location file="BANK.h" line="48" column="1" bodyfile="BANK.h" bodystart="48" bodyend="48"/>
      </memberdef>
      <memberdef kind="function" id="class_b_a_n_k_1a62adf3cea60d863a4a10eeee485fa1aa" prot="public" static="no" const="yes" explicit="no" inline="yes" virt="virtual">
        <type>int</type>
        <definition>virtual int BANK::GetAccountNumber</definition>
        <argsstring>() const </argsstring>
        <name>GetAccountNumber</name>
        <reimplementedby refid="class_u_n_b_l_1a44a84fb7fe8778e3048921581049c715">GetAccountNumber</reimplementedby>
        <reimplementedby refid="class_u_l_s_t_e_r_1a1ad672ae865a9f559bf4d3c33c243d63">GetAccountNumber</reimplementedby>
        <reimplementedby refid="class_s_w_b_p_l_c_1a1a997f6d333e5021970e50605431d7df">GetAccountNumber</reimplementedby>
        <reimplementedby refid="class_b_o_i_1a5b18e1538f3d37835234946cdf9f240f">GetAccountNumber</reimplementedby>
        <reimplementedby refid="class_b_o_a_1ad64bd63675f8902153aa6767994f05dc">GetAccountNumber</reimplementedby>
        <reimplementedby refid="class_a_i_b_1aef34bfbf20d767114e05b8b532cab777">GetAccountNumber</reimplementedby>
        <briefdescription>
        </briefdescription>
        <detaileddescription>
        </detaileddescription>
        <inbodydescription>
        </inbodydescription>
        <location file="BANK.h" line="49" column="1" bodyfile="BANK.h" bodystart="49" bodyend="49"/>
      </memberdef>
      <memberdef kind="function" id="class_b_a_n_k_1a2dc1b7664f9e3b005cb33e71b2ba42ee" prot="public" static="no" const="no" explicit="no" inline="yes" virt="virtual">
        <type>void</type>
        <definition>virtual void BANK::SetLastName</definition>
        <argsstring>(std::string lastName)</argsstring>
        <name>SetLastName</name>
        <reimplementedby refid="class_u_n_b_l_1abd683db339dffe71af3993a8a5cb5929">SetLastName</reimplementedby>
        <reimplementedby refid="class_u_l_s_t_e_r_1ab2fec6b440c29b1953296ad23d4b432c">SetLastName</reimplementedby>
        <reimplementedby refid="class_s_w_b_p_l_c_1aa5581ea5d2e0315b816876737e887f09">SetLastName</reimplementedby>
        <reimplementedby refid="class_b_o_i_1a663906e9a59ffa970fb928746c01e8af">SetLastName</reimplementedby>
        <reimplementedby refid="class_b_o_a_1a7ea44308c05532cd11ff3ce8f14ea4c2">SetLastName</reimplementedby>
        <reimplementedby refid="class_a_i_b_1afe4e3c7b481bf87437968dde2cc75882">SetLastName</reimplementedby>
        <param>
          <type>std::string</type>
          <declname>lastName</declname>
        </param>
        <briefdescription>
        </briefdescription>
        <detaileddescription>
        </detaileddescription>
        <inbodydescription>
        </inbodydescription>
        <location file="BANK.h" line="50" column="1" bodyfile="BANK.h" bodystart="50" bodyend="50"/>
      </memberdef>
      <memberdef kind="function" id="class_b_a_n_k_1a4612063ec2bfd6d883a77a0d3697af90" prot="public" static="no" const="yes" explicit="no" inline="yes" virt="virtual">
        <type>std::string</type>
        <definition>virtual std::string BANK::GetLastName</definition>
        <argsstring>() const </argsstring>
        <name>GetLastName</name>
        <reimplementedby refid="class_u_n_b_l_1a27f19f2af5e1abd33b5c63f16b493f6c">GetLastName</reimplementedby>
        <reimplementedby refid="class_u_l_s_t_e_r_1a9320b012bccda4ebf6b41c9ed972743c">GetLastName</reimplementedby>
        <reimplementedby refid="class_s_w_b_p_l_c_1a72b2595acea28dae9e4f5816dd3c4652">GetLastName</reimplementedby>
        <reimplementedby refid="class_b_o_i_1a37828f3fa4a32f522966e2cad90eaab2">GetLastName</reimplementedby>
        <reimplementedby refid="class_b_o_a_1a081383edefc1f66b80c3fb8862ab070b">GetLastName</reimplementedby>
        <reimplementedby refid="class_a_i_b_1a1b09db7268734beeaf6a9e7e9d8feb02">GetLastName</reimplementedby>
        <briefdescription>
        </briefdescription>
        <detaileddescription>
        </detaileddescription>
        <inbodydescription>
        </inbodydescription>
        <location file="BANK.h" line="51" column="1" bodyfile="BANK.h" bodystart="51" bodyend="51"/>
      </memberdef>
      <memberdef kind="function" id="class_b_a_n_k_1a547cb9f21be894f045bb3cec6b12525c" prot="public" static="no" const="no" explicit="no" inline="yes" virt="virtual">
        <type>void</type>
        <definition>virtual void BANK::SetFirstName</definition>
        <argsstring>(std::string firstName)</argsstring>
        <name>SetFirstName</name>
        <reimplementedby refid="class_u_n_b_l_1aef061d2cba01bcd752e9305dc374cabc">SetFirstName</reimplementedby>
        <reimplementedby refid="class_u_l_s_t_e_r_1a07b57449397c42be1c2b512851dceebd">SetFirstName</reimplementedby>
        <reimplementedby refid="class_s_w_b_p_l_c_1a8146eabca4648ef679188904f677df9d">SetFirstName</reimplementedby>
        <reimplementedby refid="class_b_o_i_1ae9042f87be085c2cec799981c30d7d19">SetFirstName</reimplementedby>
        <reimplementedby refid="class_b_o_a_1a32fabc2b3acde832f3749696b302a0fe">SetFirstName</reimplementedby>
        <reimplementedby refid="class_a_i_b_1a671e44bdbf1286d97d7a22295177dd2e">SetFirstName</reimplementedby>
        <param>
          <type>std::string</type>
          <declname>firstName</declname>
        </param>
        <briefdescription>
        </briefdescription>
        <detaileddescription>
        </detaileddescription>
        <inbodydescription>
        </inbodydescription>
        <location file="BANK.h" line="52" column="1" bodyfile="BANK.h" bodystart="52" bodyend="52"/>
      </memberdef>
      <memberdef kind="function" id="class_b_a_n_k_1ad0ba1c785c67e7d4760dc8776f3d4bca" prot="public" static="no" const="yes" explicit="no" inline="yes" virt="virtual">
        <type>std::string</type>
        <definition>virtual std::string BANK::GetFirstName</definition>
        <argsstring>() const </argsstring>
        <name>GetFirstName</name>
        <reimplementedby refid="class_u_n_b_l_1ae89215b95f2e11aa70f9c8bbfd55c10c">GetFirstName</reimplementedby>
        <reimplementedby refid="class_u_l_s_t_e_r_1a85ee4e42d9b309608d8dfbedac65ff27">GetFirstName</reimplementedby>
        <reimplementedby refid="class_s_w_b_p_l_c_1ace6bbcd6546896e581e3a2ee9504d090">GetFirstName</reimplementedby>
        <reimplementedby refid="class_b_o_i_1ab4b9d50c6008a666aa4382def580e7d1">GetFirstName</reimplementedby>
        <reimplementedby refid="class_b_o_a_1ae6bb3df4e1fb210610325ffd1985c7c0">GetFirstName</reimplementedby>
        <reimplementedby refid="class_a_i_b_1aa0833919c1c211481560cd88cb5b381b">GetFirstName</reimplementedby>
        <briefdescription>
        </briefdescription>
        <detaileddescription>
        </detaileddescription>
        <inbodydescription>
        </inbodydescription>
        <location file="BANK.h" line="53" column="1" bodyfile="BANK.h" bodystart="53" bodyend="53"/>
      </memberdef>
      <memberdef kind="function" id="class_b_a_n_k_1a8845dbfc7ddfbc2e0c0efda561a70ec3" prot="public" static="no" const="no" explicit="no" inline="yes" virt="virtual">
        <type>void</type>
        <definition>virtual void BANK::SetFullname</definition>
        <argsstring>(std::string fullname)</argsstring>
        <name>SetFullname</name>
        <reimplementedby refid="class_u_n_b_l_1a1b3f52c44756930c1ee4acb06f2634ad">SetFullname</reimplementedby>
        <reimplementedby refid="class_u_l_s_t_e_r_1a38d245bc2b6bb14bbb39c3347766140d">SetFullname</reimplementedby>
        <reimplementedby refid="class_s_w_b_p_l_c_1a09376d46475bbceda897948714ff1e72">SetFullname</reimplementedby>
        <reimplementedby refid="class_b_o_i_1a93091f16610f1a1474aea31fd5f81ffd">SetFullname</reimplementedby>
        <reimplementedby refid="class_b_o_a_1a7ff134d56805088f46df8eb6f21a0a45">SetFullname</reimplementedby>
        <reimplementedby refid="class_a_i_b_1a03def15426e627042951369ea18b97f6">SetFullname</reimplementedby>
        <param>
          <type>std::string</type>
          <declname>fullname</declname>
        </param>
        <briefdescription>
        </briefdescription>
        <detaileddescription>
        </detaileddescription>
        <inbodydescription>
        </inbodydescription>
        <location file="BANK.h" line="54" column="1" bodyfile="BANK.h" bodystart="54" bodyend="54"/>
      </memberdef>
      <memberdef kind="function" id="class_b_a_n_k_1aa1528c533bf6389bc8d7f3eeca114bab" prot="public" static="no" const="yes" explicit="no" inline="yes" virt="virtual">
        <type>std::string</type>
        <definition>virtual std::string BANK::GetFullname</definition>
        <argsstring>() const </argsstring>
        <name>GetFullname</name>
        <reimplementedby refid="class_u_n_b_l_1a4292e9cafc42be3d9f4f3d6221bc9638">GetFullname</reimplementedby>
        <reimplementedby refid="class_u_l_s_t_e_r_1abb93ac2163f908782d00cbae169ebb91">GetFullname</reimplementedby>
        <reimplementedby refid="class_s_w_b_p_l_c_1adb74b3cbc40a401bf7ca4dfb5269c336">GetFullname</reimplementedby>
        <reimplementedby refid="class_b_o_i_1af56446a377068cd65526e40e8b31b878">GetFullname</reimplementedby>
        <reimplementedby refid="class_b_o_a_1afafa24a20fda93382782cab66a3079ee">GetFullname</reimplementedby>
        <reimplementedby refid="class_a_i_b_1a4fbad1d62d84d47e78b2b7065be14942">GetFullname</reimplementedby>
        <briefdescription>
        </briefdescription>
        <detaileddescription>
        </detaileddescription>
        <inbodydescription>
        </inbodydescription>
        <location file="BANK.h" line="55" column="1" bodyfile="BANK.h" bodystart="55" bodyend="55"/>
      </memberdef>
      </sectiondef>
    <briefdescription>
    </briefdescription>
    <detaileddescription>
<para><ref refid="class_b_a_n_k" kindref="compound">BANK</ref> inherit from the <ref refid="class_o_s_t_m" kindref="compound">OSTM</ref> library. It is declares the common functions in the child classes as a virtual function. </para>    </detaileddescription>
    <inheritancegraph>
      <node id="121">
        <label>BOA</label>
        <link refid="class_b_o_a"/>
        <childnode refid="118" relation="public-inheritance">
        </childnode>
      </node>
      <node id="122">
        <label>BOI</label>
        <link refid="class_b_o_i"/>
        <childnode refid="118" relation="public-inheritance">
        </childnode>
      </node>
      <node id="119">
        <label>OSTM</label>
        <link refid="class_o_s_t_m"/>
      </node>
      <node id="124">
        <label>ULSTER</label>
        <link refid="class_u_l_s_t_e_r"/>
        <childnode refid="118" relation="public-inheritance">
        </childnode>
      </node>
      <node id="120">
        <label>AIB</label>
        <link refid="class_a_i_b"/>
        <childnode refid="118" relation="public-inheritance">
        </childnode>
      </node>
      <node id="118">
        <label>BANK</label>
        <link refid="class_b_a_n_k"/>
        <childnode refid="119" relation="public-inheritance">
        </childnode>
      </node>
      <node id="123">
        <label>SWBPLC</label>
        <link refid="class_s_w_b_p_l_c"/>
        <childnode refid="118" relation="public-inheritance">
        </childnode>
      </node>
      <node id="125">
        <label>UNBL</label>
        <link refid="class_u_n_b_l"/>
        <childnode refid="118" relation="public-inheritance">
        </childnode>
      </node>
    </inheritancegraph>
    <collaborationgraph>
      <node id="127">
        <label>OSTM</label>
        <link refid="class_o_s_t_m"/>
      </node>
      <node id="126">
        <label>BANK</label>
        <link refid="class_b_a_n_k"/>
        <childnode refid="127" relation="public-inheritance">
        </childnode>
      </node>
    </collaborationgraph>
    <location file="BANK.h" line="16" column="1" bodyfile="BANK.h" bodystart="16" bodyend="59"/>
    <listofallmembers>
      <member refid="class_b_a_n_k_1a0bc938356cebff14fb0560264abe5a34" prot="public" virt="non-virtual"><scope>BANK</scope><name>BANK</name></member>
      <member refid="class_b_a_n_k_1a7382dd275d8f4f10a8b53ccbc93e1e87" prot="public" virt="non-virtual"><scope>BANK</scope><name>BANK</name></member>
      <member refid="class_b_a_n_k_1a4dd657c30039ea00a040e6226c23ccd4" prot="public" virt="non-virtual"><scope>BANK</scope><name>BANK</name></member>
      <member refid="class_o_s_t_m_1a535d90fced5adbb70312c92f3778e08d" prot="public" virt="virtual"><scope>BANK</scope><name>copy</name></member>
      <member refid="class_o_s_t_m_1a5a01a8b98d16b1d1904ecf9356e7b71d" prot="public" virt="non-virtual"><scope>BANK</scope><name>Get_Unique_ID</name></member>
      <member refid="class_o_s_t_m_1a1f1db9d482f22c8e7caa17dfb340626b" prot="public" virt="non-virtual"><scope>BANK</scope><name>Get_Version</name></member>
      <member refid="class_b_a_n_k_1a62adf3cea60d863a4a10eeee485fa1aa" prot="public" virt="virtual"><scope>BANK</scope><name>GetAccountNumber</name></member>
      <member refid="class_b_a_n_k_1a358741f647f9494026e02fd3fd27cde6" prot="public" virt="virtual"><scope>BANK</scope><name>GetAddress</name></member>
      <member refid="class_b_a_n_k_1a7ac46c74859cebdc933cb27e148d18b1" prot="public" virt="virtual"><scope>BANK</scope><name>GetBalance</name></member>
      <member refid="class_o_s_t_m_1a0bfa3763bd441407dd6365f42714f94c" prot="public" virt="virtual"><scope>BANK</scope><name>getBaseCopy</name></member>
      <member refid="class_b_a_n_k_1ad0ba1c785c67e7d4760dc8776f3d4bca" prot="public" virt="virtual"><scope>BANK</scope><name>GetFirstName</name></member>
      <member refid="class_b_a_n_k_1aa1528c533bf6389bc8d7f3eeca114bab" prot="public" virt="virtual"><scope>BANK</scope><name>GetFullname</name></member>
      <member refid="class_b_a_n_k_1a4612063ec2bfd6d883a77a0d3697af90" prot="public" virt="virtual"><scope>BANK</scope><name>GetLastName</name></member>
      <member refid="class_o_s_t_m_1a5f90caa4384d371c16b7cac860d9f89a" prot="public" virt="non-virtual"><scope>BANK</scope><name>increase_VersionNumber</name></member>
      <member refid="class_o_s_t_m_1afc2851abf5342c3c67342c2c14820115" prot="public" virt="non-virtual"><scope>BANK</scope><name>Is_Abort_Transaction</name></member>
      <member refid="class_o_s_t_m_1a8df39ced3b401aa466df97e26d14b1b7" prot="public" virt="non-virtual"><scope>BANK</scope><name>Is_Can_Commit</name></member>
      <member refid="class_o_s_t_m_1afb6520023ed2c4a6188b688c46f192d0" prot="public" virt="non-virtual"><scope>BANK</scope><name>is_Locked</name></member>
      <member refid="class_o_s_t_m_1af192c598a3c647f37aaba5757e60240f" prot="public" virt="non-virtual"><scope>BANK</scope><name>lock_Mutex</name></member>
      <member refid="class_o_s_t_m_1a968edf778668bd0ec7603f0571619196" prot="public" virt="non-virtual"><scope>BANK</scope><name>OSTM</name></member>
      <member refid="class_o_s_t_m_1a2314f55a127b94aa8a51d19ba798401e" prot="public" virt="non-virtual"><scope>BANK</scope><name>OSTM</name></member>
      <member refid="class_o_s_t_m_1aba384cf65c5f56f5b86833730c3c6ea4" prot="public" virt="non-virtual"><scope>BANK</scope><name>Set_Abort_Transaction</name></member>
      <member refid="class_o_s_t_m_1a813ee61c9d1c83c6a6ae30d12aca8a5d" prot="public" virt="non-virtual"><scope>BANK</scope><name>Set_Can_Commit</name></member>
      <member refid="class_o_s_t_m_1ab5019a32185631c08abbf826422f2d93" prot="public" virt="non-virtual"><scope>BANK</scope><name>Set_Unique_ID</name></member>
      <member refid="class_o_s_t_m_1a9529ad8d6d28c1f0cc9b86ed91df1ae1" prot="public" virt="non-virtual"><scope>BANK</scope><name>Set_Version</name></member>
      <member refid="class_b_a_n_k_1a9d8fb8bde35d63eca7e9f87d22b45752" prot="public" virt="virtual"><scope>BANK</scope><name>SetAccountNumber</name></member>
      <member refid="class_b_a_n_k_1a52ad99454b2059d44967868157208393" prot="public" virt="virtual"><scope>BANK</scope><name>SetAddress</name></member>
      <member refid="class_b_a_n_k_1ae3e45b407bf8ec7175662442ea24b7c0" prot="public" virt="virtual"><scope>BANK</scope><name>SetBalance</name></member>
      <member refid="class_b_a_n_k_1a547cb9f21be894f045bb3cec6b12525c" prot="public" virt="virtual"><scope>BANK</scope><name>SetFirstName</name></member>
      <member refid="class_b_a_n_k_1a8845dbfc7ddfbc2e0c0efda561a70ec3" prot="public" virt="virtual"><scope>BANK</scope><name>SetFullname</name></member>
      <member refid="class_b_a_n_k_1a2dc1b7664f9e3b005cb33e71b2ba42ee" prot="public" virt="virtual"><scope>BANK</scope><name>SetLastName</name></member>
      <member refid="class_o_s_t_m_1a513396a115f2987fd07c203309ae8a59" prot="public" virt="virtual"><scope>BANK</scope><name>toString</name></member>
      <member refid="class_o_s_t_m_1a6cd703bc26c719fd95b4f5362d050762" prot="public" virt="non-virtual"><scope>BANK</scope><name>unlock_Mutex</name></member>
      <member refid="class_b_a_n_k_1ad609a1e004efdebab6495d95eced2346" prot="public" virt="virtual"><scope>BANK</scope><name>~BANK</name></member>
      <member refid="class_o_s_t_m_1a30a17d73d0259c60eeab72d6dfa9ceb1" prot="public" virt="virtual"><scope>BANK</scope><name>~OSTM</name></member>
    </listofallmembers>
  </compounddef>
</doxygen>
