<?xml version='1.0' encoding='UTF-8' standalone='no'?>
<doxygen xmlns:xsi="http://www.w3.org/2001/XMLSchema-instance" xsi:noNamespaceSchemaLocation="compound.xsd" version="1.8.11">
  <compounddef id="class_a_i_b" kind="class" language="C++" prot="public">
    <compoundname>AIB</compoundname>
    <basecompoundref refid="class_b_a_n_k" prot="public" virt="non-virtual">BANK</basecompoundref>
    <includes refid="_a_i_b_8h" local="no">AIB.h</includes>
      <sectiondef kind="private-attrib">
      <memberdef kind="variable" id="class_a_i_b_1a818b0cc283af23127c067fb3fc751058" prot="private" static="no" mutable="no">
        <type>std::string</type>
        <definition>std::string AIB::fullname</definition>
        <argsstring></argsstring>
        <name>fullname</name>
        <briefdescription>
        </briefdescription>
        <detaileddescription>
        </detaileddescription>
        <inbodydescription>
        </inbodydescription>
        <location file="AIB.h" line="97" column="1" bodyfile="AIB.h" bodystart="97" bodyend="-1"/>
      </memberdef>
      <memberdef kind="variable" id="class_a_i_b_1a869f72057cb63ebf0cfd257069e15c7c" prot="private" static="no" mutable="no">
        <type>std::string</type>
        <definition>std::string AIB::firstName</definition>
        <argsstring></argsstring>
        <name>firstName</name>
        <briefdescription>
        </briefdescription>
        <detaileddescription>
        </detaileddescription>
        <inbodydescription>
        </inbodydescription>
        <location file="AIB.h" line="98" column="1" bodyfile="AIB.h" bodystart="98" bodyend="-1"/>
      </memberdef>
      <memberdef kind="variable" id="class_a_i_b_1ace7b8b648d1b44b7ee2f4be002952b7a" prot="private" static="no" mutable="no">
        <type>std::string</type>
        <definition>std::string AIB::lastName</definition>
        <argsstring></argsstring>
        <name>lastName</name>
        <briefdescription>
        </briefdescription>
        <detaileddescription>
        </detaileddescription>
        <inbodydescription>
        </inbodydescription>
        <location file="AIB.h" line="99" column="1" bodyfile="AIB.h" bodystart="99" bodyend="-1"/>
      </memberdef>
      <memberdef kind="variable" id="class_a_i_b_1aafc08efeec5b8c800c32ee32f20603a7" prot="private" static="no" mutable="no">
        <type>int</type>
        <definition>int AIB::accountNumber</definition>
        <argsstring></argsstring>
        <name>accountNumber</name>
        <briefdescription>
        </briefdescription>
        <detaileddescription>
        </detaileddescription>
        <inbodydescription>
        </inbodydescription>
        <location file="AIB.h" line="100" column="1" bodyfile="AIB.h" bodystart="100" bodyend="-1"/>
      </memberdef>
      <memberdef kind="variable" id="class_a_i_b_1a3c8d637bd997c1f062d844a88e2559ba" prot="private" static="no" mutable="no">
        <type>double</type>
        <definition>double AIB::balance</definition>
        <argsstring></argsstring>
        <name>balance</name>
        <briefdescription>
        </briefdescription>
        <detaileddescription>
        </detaileddescription>
        <inbodydescription>
        </inbodydescription>
        <location file="AIB.h" line="101" column="1" bodyfile="AIB.h" bodystart="101" bodyend="-1"/>
      </memberdef>
      <memberdef kind="variable" id="class_a_i_b_1ae6a67cc33d1e5fa83a52a238e45ca3dc" prot="private" static="no" mutable="no">
        <type>std::string</type>
        <definition>std::string AIB::address</definition>
        <argsstring></argsstring>
        <name>address</name>
        <briefdescription>
        </briefdescription>
        <detaileddescription>
        </detaileddescription>
        <inbodydescription>
        </inbodydescription>
        <location file="AIB.h" line="102" column="1" bodyfile="AIB.h" bodystart="102" bodyend="-1"/>
      </memberdef>
      </sectiondef>
      <sectiondef kind="public-func">
      <memberdef kind="function" id="class_a_i_b_1a4783110463bf12f937a85b62455faf38" prot="public" static="no" const="no" explicit="no" inline="yes" virt="non-virtual">
        <type></type>
        <definition>AIB::AIB</definition>
        <argsstring>()</argsstring>
        <name>AIB</name>
        <briefdescription>
        </briefdescription>
        <detaileddescription>
<para>Constructor </para>        </detaileddescription>
        <inbodydescription>
        </inbodydescription>
        <location file="AIB.h" line="23" column="1" bodyfile="AIB.h" bodystart="23" bodyend="32"/>
        <referencedby refid="class_a_i_b_1a987107f3d7a04790f84c1e7eeee37575" compoundref="_a_i_b_8cpp" startline="24" endline="31">getBaseCopy</referencedby>
        <referencedby refid="class_a_i_b_1aa0faccb7aadf423d12bddb2469ff5053" compoundref="_a_i_b_8h" startline="48" endline="58">AIB</referencedby>
      </memberdef>
      <memberdef kind="function" id="class_a_i_b_1a5fe3963becf294f6b1ce1a747f9122a0" prot="public" static="no" const="no" explicit="no" inline="yes" virt="non-virtual">
        <type></type>
        <definition>AIB::AIB</definition>
        <argsstring>(int accountNumber, double balance, std::string firstName, std::string lastName, std::string address)</argsstring>
        <name>AIB</name>
        <param>
          <type>int</type>
          <declname>accountNumber</declname>
        </param>
        <param>
          <type>double</type>
          <declname>balance</declname>
        </param>
        <param>
          <type>std::string</type>
          <declname>firstName</declname>
        </param>
        <param>
          <type>std::string</type>
          <declname>lastName</declname>
        </param>
        <param>
          <type>std::string</type>
          <declname>address</declname>
        </param>
        <briefdescription>
        </briefdescription>
        <detaileddescription>
<para>Custom constructor </para>        </detaileddescription>
        <inbodydescription>
        </inbodydescription>
        <location file="AIB.h" line="36" column="1" bodyfile="AIB.h" bodystart="36" bodyend="44"/>
      </memberdef>
      <memberdef kind="function" id="class_a_i_b_1aa0faccb7aadf423d12bddb2469ff5053" prot="public" static="no" const="no" explicit="no" inline="yes" virt="non-virtual">
        <type></type>
        <definition>AIB::AIB</definition>
        <argsstring>(std::shared_ptr&lt; BANK &gt; obj, int _version, int _unique_id)</argsstring>
        <name>AIB</name>
        <param>
          <type>std::shared_ptr&lt; <ref refid="class_b_a_n_k" kindref="compound">BANK</ref> &gt;</type>
          <declname>obj</declname>
        </param>
        <param>
          <type>int</type>
          <declname>_version</declname>
        </param>
        <param>
          <type>int</type>
          <declname>_unique_id</declname>
        </param>
        <briefdescription>
        </briefdescription>
        <detaileddescription>
<para>Custom constructor, used by the library for deep copying </para>        </detaileddescription>
        <inbodydescription>
        </inbodydescription>
        <location file="AIB.h" line="48" column="1" bodyfile="AIB.h" bodystart="48" bodyend="58"/>
        <references refid="class_a_i_b_1a4783110463bf12f937a85b62455faf38" compoundref="_a_i_b_8h" startline="23" endline="32">AIB</references>
      </memberdef>
      <memberdef kind="function" id="class_a_i_b_1ab13d0db3498d59dbe6a946c469587c55" prot="public" static="no" const="no" explicit="no" inline="no" virt="non-virtual">
        <type></type>
        <definition>AIB::AIB</definition>
        <argsstring>(const AIB &amp;orig)</argsstring>
        <name>AIB</name>
        <param>
          <type>const <ref refid="class_a_i_b" kindref="compound">AIB</ref> &amp;</type>
          <declname>orig</declname>
        </param>
        <briefdescription>
        </briefdescription>
        <detaileddescription>
<para>Copy constructor </para>        </detaileddescription>
        <inbodydescription>
        </inbodydescription>
        <location file="AIB.h" line="62" column="1" bodyfile="AIB.cpp" bodystart="14" bodyend="15"/>
      </memberdef>
      <memberdef kind="function" id="class_a_i_b_1a77b6f74ea3ef39cb1ccb916db7a48740" prot="public" static="no" const="no" explicit="no" inline="yes" virt="non-virtual">
        <type><ref refid="class_a_i_b" kindref="compound">AIB</ref></type>
        <definition>AIB AIB::operator=</definition>
        <argsstring>(const AIB &amp;orig)</argsstring>
        <name>operator=</name>
        <param>
          <type>const <ref refid="class_a_i_b" kindref="compound">AIB</ref> &amp;</type>
          <declname>orig</declname>
        </param>
        <briefdescription>
        </briefdescription>
        <detaileddescription>
<para>Operator </para>        </detaileddescription>
        <inbodydescription>
        </inbodydescription>
        <location file="AIB.h" line="66" column="1" bodyfile="AIB.h" bodystart="66" bodyend="66"/>
        <references refid="class_a_i_b_1a22b11c50b0986326c86315957528bf79" compoundref="_a_i_b_8cpp" startline="17" endline="18">~AIB</references>
        <references refid="class_a_i_b_1ad76f25ce86cb42028440f41c371903e0" compoundref="_a_i_b_8cpp" startline="37" endline="45">copy</references>
        <references refid="class_a_i_b_1a987107f3d7a04790f84c1e7eeee37575" compoundref="_a_i_b_8cpp" startline="24" endline="31">getBaseCopy</references>
        <references refid="class_a_i_b_1aff0f0a0db75a17efec4bd500b888232d" compoundref="_a_i_b_8cpp" startline="56" endline="59">toString</references>
        <references refid="class_a_i_b_1ab5fd22fbbc0ea75a022aaeb7174fc450" compoundref="_a_i_b_8cpp" startline="61" endline="63">SetAddress</references>
        <references refid="class_a_i_b_1a5092c8741fbe231531aa5aaa61d26b9c" compoundref="_a_i_b_8cpp" startline="65" endline="67">GetAddress</references>
        <references refid="class_a_i_b_1ac286e13b8cf985bc88ce356b0eaada81" compoundref="_a_i_b_8cpp" startline="69" endline="71">SetBalance</references>
        <references refid="class_a_i_b_1ac75087ae73c308bd946e47a71dc85b86" compoundref="_a_i_b_8cpp" startline="73" endline="75">GetBalance</references>
        <references refid="class_a_i_b_1ae582677d2d890f1728dedb9f43965df6" compoundref="_a_i_b_8cpp" startline="77" endline="79">SetAccountNumber</references>
        <references refid="class_a_i_b_1aef34bfbf20d767114e05b8b532cab777" compoundref="_a_i_b_8cpp" startline="81" endline="83">GetAccountNumber</references>
        <references refid="class_a_i_b_1afe4e3c7b481bf87437968dde2cc75882" compoundref="_a_i_b_8cpp" startline="85" endline="87">SetLastName</references>
        <references refid="class_a_i_b_1a1b09db7268734beeaf6a9e7e9d8feb02" compoundref="_a_i_b_8cpp" startline="89" endline="91">GetLastName</references>
        <references refid="class_a_i_b_1a671e44bdbf1286d97d7a22295177dd2e" compoundref="_a_i_b_8cpp" startline="93" endline="95">SetFirstName</references>
        <references refid="class_a_i_b_1aa0833919c1c211481560cd88cb5b381b" compoundref="_a_i_b_8cpp" startline="97" endline="99">GetFirstName</references>
        <references refid="class_a_i_b_1a03def15426e627042951369ea18b97f6" compoundref="_a_i_b_8cpp" startline="101" endline="103">SetFullname</references>
        <references refid="class_a_i_b_1a4fbad1d62d84d47e78b2b7065be14942" compoundref="_a_i_b_8cpp" startline="105" endline="107">GetFullname</references>
      </memberdef>
      <memberdef kind="function" id="class_a_i_b_1a22b11c50b0986326c86315957528bf79" prot="public" static="no" const="no" explicit="no" inline="no" virt="virtual">
        <type></type>
        <definition>AIB::~AIB</definition>
        <argsstring>()</argsstring>
        <name>~AIB</name>
        <briefdescription>
        </briefdescription>
        <detaileddescription>
<para>de-constructor </para>        </detaileddescription>
        <inbodydescription>
        </inbodydescription>
        <location file="AIB.h" line="70" column="1" bodyfile="AIB.cpp" bodystart="17" bodyend="18"/>
        <referencedby refid="class_a_i_b_1a77b6f74ea3ef39cb1ccb916db7a48740" compoundref="_a_i_b_8h" startline="66" endline="66">operator=</referencedby>
      </memberdef>
      <memberdef kind="function" id="class_a_i_b_1ad76f25ce86cb42028440f41c371903e0" prot="public" static="no" const="no" explicit="no" inline="no" virt="virtual">
        <type>void</type>
        <definition>void AIB::copy</definition>
        <argsstring>(std::shared_ptr&lt; OSTM &gt; to, std::shared_ptr&lt; OSTM &gt; from)</argsstring>
        <name>copy</name>
        <reimplements refid="class_o_s_t_m_1a535d90fced5adbb70312c92f3778e08d">copy</reimplements>
        <param>
          <type>std::shared_ptr&lt; <ref refid="class_o_s_t_m" kindref="compound">OSTM</ref> &gt;</type>
          <declname>to</declname>
        </param>
        <param>
          <type>std::shared_ptr&lt; <ref refid="class_o_s_t_m" kindref="compound">OSTM</ref> &gt;</type>
          <declname>from</declname>
        </param>
        <briefdescription>
<para>copy function, make deep copy of the object/pointer </para>        </briefdescription>
        <detaileddescription>
<para><parameterlist kind="param"><parameteritem>
<parameternamelist>
<parametername>objTO</parametername>
</parameternamelist>
<parameterdescription>
<para>is a std::shared_ptr&lt;BANK&gt; type object casted back from std::shared_ptr&lt;OSTM&gt; </para></parameterdescription>
</parameteritem>
<parameteritem>
<parameternamelist>
<parametername>objFROM</parametername>
</parameternamelist>
<parameterdescription>
<para>is a std::shared_ptr&lt;BANK&gt; type object casted back from std::shared_ptr&lt;OSTM&gt; </para></parameterdescription>
</parameteritem>
</parameterlist>
</para>        </detaileddescription>
        <inbodydescription>
        </inbodydescription>
        <location file="AIB.h" line="76" column="1" bodyfile="AIB.cpp" bodystart="37" bodyend="45"/>
        <references refid="class_o_s_t_m_1ab5019a32185631c08abbf826422f2d93" compoundref="_o_s_t_m_8cpp" startline="66" endline="68">OSTM::Set_Unique_ID</references>
        <referencedby refid="class_a_i_b_1a77b6f74ea3ef39cb1ccb916db7a48740" compoundref="_a_i_b_8h" startline="66" endline="66">operator=</referencedby>
      </memberdef>
      <memberdef kind="function" id="class_a_i_b_1a987107f3d7a04790f84c1e7eeee37575" prot="public" static="no" const="no" explicit="no" inline="no" virt="virtual">
        <type>std::shared_ptr&lt; <ref refid="class_o_s_t_m" kindref="compound">OSTM</ref> &gt;</type>
        <definition>std::shared_ptr&lt; OSTM &gt; AIB::getBaseCopy</definition>
        <argsstring>(std::shared_ptr&lt; OSTM &gt; object)</argsstring>
        <name>getBaseCopy</name>
        <reimplements refid="class_o_s_t_m_1a0bfa3763bd441407dd6365f42714f94c">getBaseCopy</reimplements>
        <param>
          <type>std::shared_ptr&lt; <ref refid="class_o_s_t_m" kindref="compound">OSTM</ref> &gt;</type>
          <declname>object</declname>
        </param>
        <briefdescription>
<para>getBaseCopy function, make deep copy of the object/pointer and Return a new std::shared_ptr&lt;BANK&gt; type object </para>        </briefdescription>
        <detaileddescription>
<para><parameterlist kind="param"><parameteritem>
<parameternamelist>
<parametername>objTO</parametername>
</parameternamelist>
<parameterdescription>
<para>is a <ref refid="class_b_a_n_k" kindref="compound">BANK</ref> type pointer for casting </para></parameterdescription>
</parameteritem>
<parameteritem>
<parameternamelist>
<parametername>obj</parametername>
</parameternamelist>
<parameterdescription>
<para>is a std::shared_ptr&lt;BANK&gt; return type </para></parameterdescription>
</parameteritem>
</parameterlist>
</para>        </detaileddescription>
        <inbodydescription>
        </inbodydescription>
        <location file="AIB.h" line="77" column="1" bodyfile="AIB.cpp" bodystart="24" bodyend="31"/>
        <references refid="class_a_i_b_1a4783110463bf12f937a85b62455faf38" compoundref="_a_i_b_8h" startline="23" endline="32">AIB</references>
        <referencedby refid="class_a_i_b_1a77b6f74ea3ef39cb1ccb916db7a48740" compoundref="_a_i_b_8h" startline="66" endline="66">operator=</referencedby>
      </memberdef>
      <memberdef kind="function" id="class_a_i_b_1aff0f0a0db75a17efec4bd500b888232d" prot="public" static="no" const="no" explicit="no" inline="no" virt="virtual">
        <type>void</type>
        <definition>void AIB::toString</definition>
        <argsstring>()</argsstring>
        <name>toString</name>
        <reimplements refid="class_o_s_t_m_1a513396a115f2987fd07c203309ae8a59">toString</reimplements>
        <briefdescription>
<para>_cast, is use to cast bak the std::shared_ptr&lt;OSTM&gt; to the required type </para>        </briefdescription>
        <detaileddescription>
<para>toString function, displays the object values in formatted way </para>        </detaileddescription>
        <inbodydescription>
        </inbodydescription>
        <location file="AIB.h" line="78" column="1" bodyfile="AIB.cpp" bodystart="56" bodyend="59"/>
        <references refid="class_o_s_t_m_1a5a01a8b98d16b1d1904ecf9356e7b71d" compoundref="_o_s_t_m_8cpp" startline="73" endline="76">OSTM::Get_Unique_ID</references>
        <references refid="class_a_i_b_1aef34bfbf20d767114e05b8b532cab777" compoundref="_a_i_b_8cpp" startline="81" endline="83">GetAccountNumber</references>
        <references refid="class_a_i_b_1ac75087ae73c308bd946e47a71dc85b86" compoundref="_a_i_b_8cpp" startline="73" endline="75">GetBalance</references>
        <references refid="class_a_i_b_1aa0833919c1c211481560cd88cb5b381b" compoundref="_a_i_b_8cpp" startline="97" endline="99">GetFirstName</references>
        <references refid="class_a_i_b_1a1b09db7268734beeaf6a9e7e9d8feb02" compoundref="_a_i_b_8cpp" startline="89" endline="91">GetLastName</references>
        <references refid="class_o_s_t_m_1a1f1db9d482f22c8e7caa17dfb340626b" compoundref="_o_s_t_m_8cpp" startline="89" endline="92">OSTM::Get_Version</references>
        <referencedby refid="class_a_i_b_1a77b6f74ea3ef39cb1ccb916db7a48740" compoundref="_a_i_b_8h" startline="66" endline="66">operator=</referencedby>
      </memberdef>
      <memberdef kind="function" id="class_a_i_b_1ab5fd22fbbc0ea75a022aaeb7174fc450" prot="public" static="no" const="no" explicit="no" inline="no" virt="virtual">
        <type>void</type>
        <definition>void AIB::SetAddress</definition>
        <argsstring>(std::string address)</argsstring>
        <name>SetAddress</name>
        <reimplements refid="class_b_a_n_k_1a52ad99454b2059d44967868157208393">SetAddress</reimplements>
        <param>
          <type>std::string</type>
          <declname>address</declname>
        </param>
        <briefdescription>
        </briefdescription>
        <detaileddescription>
        </detaileddescription>
        <inbodydescription>
        </inbodydescription>
        <location file="AIB.h" line="83" column="1" bodyfile="AIB.cpp" bodystart="61" bodyend="63"/>
        <referencedby refid="class_a_i_b_1a77b6f74ea3ef39cb1ccb916db7a48740" compoundref="_a_i_b_8h" startline="66" endline="66">operator=</referencedby>
      </memberdef>
      <memberdef kind="function" id="class_a_i_b_1a5092c8741fbe231531aa5aaa61d26b9c" prot="public" static="no" const="yes" explicit="no" inline="no" virt="virtual">
        <type>std::string</type>
        <definition>std::string AIB::GetAddress</definition>
        <argsstring>() const </argsstring>
        <name>GetAddress</name>
        <reimplements refid="class_b_a_n_k_1a358741f647f9494026e02fd3fd27cde6">GetAddress</reimplements>
        <briefdescription>
        </briefdescription>
        <detaileddescription>
        </detaileddescription>
        <inbodydescription>
        </inbodydescription>
        <location file="AIB.h" line="84" column="1" bodyfile="AIB.cpp" bodystart="65" bodyend="67"/>
        <referencedby refid="class_a_i_b_1a77b6f74ea3ef39cb1ccb916db7a48740" compoundref="_a_i_b_8h" startline="66" endline="66">operator=</referencedby>
      </memberdef>
      <memberdef kind="function" id="class_a_i_b_1ac286e13b8cf985bc88ce356b0eaada81" prot="public" static="no" const="no" explicit="no" inline="no" virt="virtual">
        <type>void</type>
        <definition>void AIB::SetBalance</definition>
        <argsstring>(double balance)</argsstring>
        <name>SetBalance</name>
        <reimplements refid="class_b_a_n_k_1ae3e45b407bf8ec7175662442ea24b7c0">SetBalance</reimplements>
        <param>
          <type>double</type>
          <declname>balance</declname>
        </param>
        <briefdescription>
        </briefdescription>
        <detaileddescription>
        </detaileddescription>
        <inbodydescription>
        </inbodydescription>
        <location file="AIB.h" line="85" column="1" bodyfile="AIB.cpp" bodystart="69" bodyend="71"/>
        <referencedby refid="class_a_i_b_1a77b6f74ea3ef39cb1ccb916db7a48740" compoundref="_a_i_b_8h" startline="66" endline="66">operator=</referencedby>
      </memberdef>
      <memberdef kind="function" id="class_a_i_b_1ac75087ae73c308bd946e47a71dc85b86" prot="public" static="no" const="yes" explicit="no" inline="no" virt="virtual">
        <type>double</type>
        <definition>double AIB::GetBalance</definition>
        <argsstring>() const </argsstring>
        <name>GetBalance</name>
        <reimplements refid="class_b_a_n_k_1a7ac46c74859cebdc933cb27e148d18b1">GetBalance</reimplements>
        <briefdescription>
        </briefdescription>
        <detaileddescription>
        </detaileddescription>
        <inbodydescription>
        </inbodydescription>
        <location file="AIB.h" line="86" column="1" bodyfile="AIB.cpp" bodystart="73" bodyend="75"/>
        <referencedby refid="class_a_i_b_1aff0f0a0db75a17efec4bd500b888232d" compoundref="_a_i_b_8cpp" startline="56" endline="59">toString</referencedby>
        <referencedby refid="class_a_i_b_1a77b6f74ea3ef39cb1ccb916db7a48740" compoundref="_a_i_b_8h" startline="66" endline="66">operator=</referencedby>
      </memberdef>
      <memberdef kind="function" id="class_a_i_b_1ae582677d2d890f1728dedb9f43965df6" prot="public" static="no" const="no" explicit="no" inline="no" virt="virtual">
        <type>void</type>
        <definition>void AIB::SetAccountNumber</definition>
        <argsstring>(int accountNumber)</argsstring>
        <name>SetAccountNumber</name>
        <reimplements refid="class_b_a_n_k_1a9d8fb8bde35d63eca7e9f87d22b45752">SetAccountNumber</reimplements>
        <param>
          <type>int</type>
          <declname>accountNumber</declname>
        </param>
        <briefdescription>
        </briefdescription>
        <detaileddescription>
        </detaileddescription>
        <inbodydescription>
        </inbodydescription>
        <location file="AIB.h" line="87" column="1" bodyfile="AIB.cpp" bodystart="77" bodyend="79"/>
        <referencedby refid="class_a_i_b_1a77b6f74ea3ef39cb1ccb916db7a48740" compoundref="_a_i_b_8h" startline="66" endline="66">operator=</referencedby>
      </memberdef>
      <memberdef kind="function" id="class_a_i_b_1aef34bfbf20d767114e05b8b532cab777" prot="public" static="no" const="yes" explicit="no" inline="no" virt="virtual">
        <type>int</type>
        <definition>int AIB::GetAccountNumber</definition>
        <argsstring>() const </argsstring>
        <name>GetAccountNumber</name>
        <reimplements refid="class_b_a_n_k_1a62adf3cea60d863a4a10eeee485fa1aa">GetAccountNumber</reimplements>
        <briefdescription>
        </briefdescription>
        <detaileddescription>
        </detaileddescription>
        <inbodydescription>
        </inbodydescription>
        <location file="AIB.h" line="88" column="1" bodyfile="AIB.cpp" bodystart="81" bodyend="83"/>
        <referencedby refid="class_a_i_b_1aff0f0a0db75a17efec4bd500b888232d" compoundref="_a_i_b_8cpp" startline="56" endline="59">toString</referencedby>
        <referencedby refid="class_a_i_b_1a77b6f74ea3ef39cb1ccb916db7a48740" compoundref="_a_i_b_8h" startline="66" endline="66">operator=</referencedby>
      </memberdef>
      <memberdef kind="function" id="class_a_i_b_1afe4e3c7b481bf87437968dde2cc75882" prot="public" static="no" const="no" explicit="no" inline="no" virt="virtual">
        <type>void</type>
        <definition>void AIB::SetLastName</definition>
        <argsstring>(std::string lastName)</argsstring>
        <name>SetLastName</name>
        <reimplements refid="class_b_a_n_k_1a2dc1b7664f9e3b005cb33e71b2ba42ee">SetLastName</reimplements>
        <param>
          <type>std::string</type>
          <declname>lastName</declname>
        </param>
        <briefdescription>
        </briefdescription>
        <detaileddescription>
        </detaileddescription>
        <inbodydescription>
        </inbodydescription>
        <location file="AIB.h" line="89" column="1" bodyfile="AIB.cpp" bodystart="85" bodyend="87"/>
        <referencedby refid="class_a_i_b_1a77b6f74ea3ef39cb1ccb916db7a48740" compoundref="_a_i_b_8h" startline="66" endline="66">operator=</referencedby>
      </memberdef>
      <memberdef kind="function" id="class_a_i_b_1a1b09db7268734beeaf6a9e7e9d8feb02" prot="public" static="no" const="yes" explicit="no" inline="no" virt="virtual">
        <type>std::string</type>
        <definition>std::string AIB::GetLastName</definition>
        <argsstring>() const </argsstring>
        <name>GetLastName</name>
        <reimplements refid="class_b_a_n_k_1a4612063ec2bfd6d883a77a0d3697af90">GetLastName</reimplements>
        <briefdescription>
        </briefdescription>
        <detaileddescription>
        </detaileddescription>
        <inbodydescription>
        </inbodydescription>
        <location file="AIB.h" line="90" column="1" bodyfile="AIB.cpp" bodystart="89" bodyend="91"/>
        <referencedby refid="class_a_i_b_1aff0f0a0db75a17efec4bd500b888232d" compoundref="_a_i_b_8cpp" startline="56" endline="59">toString</referencedby>
        <referencedby refid="class_a_i_b_1a77b6f74ea3ef39cb1ccb916db7a48740" compoundref="_a_i_b_8h" startline="66" endline="66">operator=</referencedby>
      </memberdef>
      <memberdef kind="function" id="class_a_i_b_1a671e44bdbf1286d97d7a22295177dd2e" prot="public" static="no" const="no" explicit="no" inline="no" virt="virtual">
        <type>void</type>
        <definition>void AIB::SetFirstName</definition>
        <argsstring>(std::string firstName)</argsstring>
        <name>SetFirstName</name>
        <reimplements refid="class_b_a_n_k_1a547cb9f21be894f045bb3cec6b12525c">SetFirstName</reimplements>
        <param>
          <type>std::string</type>
          <declname>firstName</declname>
        </param>
        <briefdescription>
        </briefdescription>
        <detaileddescription>
        </detaileddescription>
        <inbodydescription>
        </inbodydescription>
        <location file="AIB.h" line="91" column="1" bodyfile="AIB.cpp" bodystart="93" bodyend="95"/>
        <referencedby refid="class_a_i_b_1a77b6f74ea3ef39cb1ccb916db7a48740" compoundref="_a_i_b_8h" startline="66" endline="66">operator=</referencedby>
      </memberdef>
      <memberdef kind="function" id="class_a_i_b_1aa0833919c1c211481560cd88cb5b381b" prot="public" static="no" const="yes" explicit="no" inline="no" virt="virtual">
        <type>std::string</type>
        <definition>std::string AIB::GetFirstName</definition>
        <argsstring>() const </argsstring>
        <name>GetFirstName</name>
        <reimplements refid="class_b_a_n_k_1ad0ba1c785c67e7d4760dc8776f3d4bca">GetFirstName</reimplements>
        <briefdescription>
        </briefdescription>
        <detaileddescription>
        </detaileddescription>
        <inbodydescription>
        </inbodydescription>
        <location file="AIB.h" line="92" column="1" bodyfile="AIB.cpp" bodystart="97" bodyend="99"/>
        <referencedby refid="class_a_i_b_1aff0f0a0db75a17efec4bd500b888232d" compoundref="_a_i_b_8cpp" startline="56" endline="59">toString</referencedby>
        <referencedby refid="class_a_i_b_1a77b6f74ea3ef39cb1ccb916db7a48740" compoundref="_a_i_b_8h" startline="66" endline="66">operator=</referencedby>
      </memberdef>
      <memberdef kind="function" id="class_a_i_b_1a03def15426e627042951369ea18b97f6" prot="public" static="no" const="no" explicit="no" inline="no" virt="virtual">
        <type>void</type>
        <definition>void AIB::SetFullname</definition>
        <argsstring>(std::string fullname)</argsstring>
        <name>SetFullname</name>
        <reimplements refid="class_b_a_n_k_1a8845dbfc7ddfbc2e0c0efda561a70ec3">SetFullname</reimplements>
        <param>
          <type>std::string</type>
          <declname>fullname</declname>
        </param>
        <briefdescription>
        </briefdescription>
        <detaileddescription>
        </detaileddescription>
        <inbodydescription>
        </inbodydescription>
        <location file="AIB.h" line="93" column="1" bodyfile="AIB.cpp" bodystart="101" bodyend="103"/>
        <referencedby refid="class_a_i_b_1a77b6f74ea3ef39cb1ccb916db7a48740" compoundref="_a_i_b_8h" startline="66" endline="66">operator=</referencedby>
      </memberdef>
      <memberdef kind="function" id="class_a_i_b_1a4fbad1d62d84d47e78b2b7065be14942" prot="public" static="no" const="yes" explicit="no" inline="no" virt="virtual">
        <type>std::string</type>
        <definition>std::string AIB::GetFullname</definition>
        <argsstring>() const </argsstring>
        <name>GetFullname</name>
        <reimplements refid="class_b_a_n_k_1aa1528c533bf6389bc8d7f3eeca114bab">GetFullname</reimplements>
        <briefdescription>
        </briefdescription>
        <detaileddescription>
        </detaileddescription>
        <inbodydescription>
        </inbodydescription>
        <location file="AIB.h" line="94" column="1" bodyfile="AIB.cpp" bodystart="105" bodyend="107"/>
        <referencedby refid="class_a_i_b_1a77b6f74ea3ef39cb1ccb916db7a48740" compoundref="_a_i_b_8h" startline="66" endline="66">operator=</referencedby>
      </memberdef>
      </sectiondef>
    <briefdescription>
    </briefdescription>
    <detaileddescription>
<para>Inherit from <ref refid="class_b_a_n_k" kindref="compound">BANK</ref> </para>    </detaileddescription>
    <inheritancegraph>
      <node id="114">
        <label>OSTM</label>
        <link refid="class_o_s_t_m"/>
      </node>
      <node id="112">
        <label>AIB</label>
        <link refid="class_a_i_b"/>
        <childnode refid="113" relation="public-inheritance">
        </childnode>
      </node>
      <node id="113">
        <label>BANK</label>
        <link refid="class_b_a_n_k"/>
        <childnode refid="114" relation="public-inheritance">
        </childnode>
      </node>
    </inheritancegraph>
    <collaborationgraph>
      <node id="117">
        <label>OSTM</label>
        <link refid="class_o_s_t_m"/>
      </node>
      <node id="115">
        <label>AIB</label>
        <link refid="class_a_i_b"/>
        <childnode refid="116" relation="public-inheritance">
        </childnode>
      </node>
      <node id="116">
        <label>BANK</label>
        <link refid="class_b_a_n_k"/>
        <childnode refid="117" relation="public-inheritance">
        </childnode>
      </node>
    </collaborationgraph>
    <location file="AIB.h" line="18" column="1" bodyfile="AIB.h" bodystart="18" bodyend="105"/>
    <listofallmembers>
      <member refid="class_a_i_b_1aafc08efeec5b8c800c32ee32f20603a7" prot="private" virt="non-virtual"><scope>AIB</scope><name>accountNumber</name></member>
      <member refid="class_a_i_b_1ae6a67cc33d1e5fa83a52a238e45ca3dc" prot="private" virt="non-virtual"><scope>AIB</scope><name>address</name></member>
      <member refid="class_a_i_b_1a4783110463bf12f937a85b62455faf38" prot="public" virt="non-virtual"><scope>AIB</scope><name>AIB</name></member>
      <member refid="class_a_i_b_1a5fe3963becf294f6b1ce1a747f9122a0" prot="public" virt="non-virtual"><scope>AIB</scope><name>AIB</name></member>
      <member refid="class_a_i_b_1aa0faccb7aadf423d12bddb2469ff5053" prot="public" virt="non-virtual"><scope>AIB</scope><name>AIB</name></member>
      <member refid="class_a_i_b_1ab13d0db3498d59dbe6a946c469587c55" prot="public" virt="non-virtual"><scope>AIB</scope><name>AIB</name></member>
      <member refid="class_a_i_b_1a3c8d637bd997c1f062d844a88e2559ba" prot="private" virt="non-virtual"><scope>AIB</scope><name>balance</name></member>
      <member refid="class_b_a_n_k_1a0bc938356cebff14fb0560264abe5a34" prot="public" virt="non-virtual"><scope>AIB</scope><name>BANK</name></member>
      <member refid="class_b_a_n_k_1a7382dd275d8f4f10a8b53ccbc93e1e87" prot="public" virt="non-virtual"><scope>AIB</scope><name>BANK</name></member>
      <member refid="class_b_a_n_k_1a4dd657c30039ea00a040e6226c23ccd4" prot="public" virt="non-virtual"><scope>AIB</scope><name>BANK</name></member>
      <member refid="class_a_i_b_1ad76f25ce86cb42028440f41c371903e0" prot="public" virt="virtual"><scope>AIB</scope><name>copy</name></member>
      <member refid="class_a_i_b_1a869f72057cb63ebf0cfd257069e15c7c" prot="private" virt="non-virtual"><scope>AIB</scope><name>firstName</name></member>
      <member refid="class_a_i_b_1a818b0cc283af23127c067fb3fc751058" prot="private" virt="non-virtual"><scope>AIB</scope><name>fullname</name></member>
      <member refid="class_o_s_t_m_1a5a01a8b98d16b1d1904ecf9356e7b71d" prot="public" virt="non-virtual"><scope>AIB</scope><name>Get_Unique_ID</name></member>
      <member refid="class_o_s_t_m_1a1f1db9d482f22c8e7caa17dfb340626b" prot="public" virt="non-virtual"><scope>AIB</scope><name>Get_Version</name></member>
      <member refid="class_a_i_b_1aef34bfbf20d767114e05b8b532cab777" prot="public" virt="virtual"><scope>AIB</scope><name>GetAccountNumber</name></member>
      <member refid="class_a_i_b_1a5092c8741fbe231531aa5aaa61d26b9c" prot="public" virt="virtual"><scope>AIB</scope><name>GetAddress</name></member>
      <member refid="class_a_i_b_1ac75087ae73c308bd946e47a71dc85b86" prot="public" virt="virtual"><scope>AIB</scope><name>GetBalance</name></member>
      <member refid="class_a_i_b_1a987107f3d7a04790f84c1e7eeee37575" prot="public" virt="virtual"><scope>AIB</scope><name>getBaseCopy</name></member>
      <member refid="class_a_i_b_1aa0833919c1c211481560cd88cb5b381b" prot="public" virt="virtual"><scope>AIB</scope><name>GetFirstName</name></member>
      <member refid="class_a_i_b_1a4fbad1d62d84d47e78b2b7065be14942" prot="public" virt="virtual"><scope>AIB</scope><name>GetFullname</name></member>
      <member refid="class_a_i_b_1a1b09db7268734beeaf6a9e7e9d8feb02" prot="public" virt="virtual"><scope>AIB</scope><name>GetLastName</name></member>
      <member refid="class_o_s_t_m_1a5f90caa4384d371c16b7cac860d9f89a" prot="public" virt="non-virtual"><scope>AIB</scope><name>increase_VersionNumber</name></member>
      <member refid="class_o_s_t_m_1afc2851abf5342c3c67342c2c14820115" prot="public" virt="non-virtual"><scope>AIB</scope><name>Is_Abort_Transaction</name></member>
      <member refid="class_o_s_t_m_1a8df39ced3b401aa466df97e26d14b1b7" prot="public" virt="non-virtual"><scope>AIB</scope><name>Is_Can_Commit</name></member>
      <member refid="class_o_s_t_m_1afb6520023ed2c4a6188b688c46f192d0" prot="public" virt="non-virtual"><scope>AIB</scope><name>is_Locked</name></member>
      <member refid="class_a_i_b_1ace7b8b648d1b44b7ee2f4be002952b7a" prot="private" virt="non-virtual"><scope>AIB</scope><name>lastName</name></member>
      <member refid="class_o_s_t_m_1af192c598a3c647f37aaba5757e60240f" prot="public" virt="non-virtual"><scope>AIB</scope><name>lock_Mutex</name></member>
      <member refid="class_a_i_b_1a77b6f74ea3ef39cb1ccb916db7a48740" prot="public" virt="non-virtual"><scope>AIB</scope><name>operator=</name></member>
      <member refid="class_o_s_t_m_1a968edf778668bd0ec7603f0571619196" prot="public" virt="non-virtual"><scope>AIB</scope><name>OSTM</name></member>
      <member refid="class_o_s_t_m_1a2314f55a127b94aa8a51d19ba798401e" prot="public" virt="non-virtual"><scope>AIB</scope><name>OSTM</name></member>
      <member refid="class_o_s_t_m_1aba384cf65c5f56f5b86833730c3c6ea4" prot="public" virt="non-virtual"><scope>AIB</scope><name>Set_Abort_Transaction</name></member>
      <member refid="class_o_s_t_m_1a813ee61c9d1c83c6a6ae30d12aca8a5d" prot="public" virt="non-virtual"><scope>AIB</scope><name>Set_Can_Commit</name></member>
      <member refid="class_o_s_t_m_1ab5019a32185631c08abbf826422f2d93" prot="public" virt="non-virtual"><scope>AIB</scope><name>Set_Unique_ID</name></member>
      <member refid="class_o_s_t_m_1a9529ad8d6d28c1f0cc9b86ed91df1ae1" prot="public" virt="non-virtual"><scope>AIB</scope><name>Set_Version</name></member>
      <member refid="class_a_i_b_1ae582677d2d890f1728dedb9f43965df6" prot="public" virt="virtual"><scope>AIB</scope><name>SetAccountNumber</name></member>
      <member refid="class_a_i_b_1ab5fd22fbbc0ea75a022aaeb7174fc450" prot="public" virt="virtual"><scope>AIB</scope><name>SetAddress</name></member>
      <member refid="class_a_i_b_1ac286e13b8cf985bc88ce356b0eaada81" prot="public" virt="virtual"><scope>AIB</scope><name>SetBalance</name></member>
      <member refid="class_a_i_b_1a671e44bdbf1286d97d7a22295177dd2e" prot="public" virt="virtual"><scope>AIB</scope><name>SetFirstName</name></member>
      <member refid="class_a_i_b_1a03def15426e627042951369ea18b97f6" prot="public" virt="virtual"><scope>AIB</scope><name>SetFullname</name></member>
      <member refid="class_a_i_b_1afe4e3c7b481bf87437968dde2cc75882" prot="public" virt="virtual"><scope>AIB</scope><name>SetLastName</name></member>
      <member refid="class_a_i_b_1aff0f0a0db75a17efec4bd500b888232d" prot="public" virt="virtual"><scope>AIB</scope><name>toString</name></member>
      <member refid="class_o_s_t_m_1a6cd703bc26c719fd95b4f5362d050762" prot="public" virt="non-virtual"><scope>AIB</scope><name>unlock_Mutex</name></member>
      <member refid="class_a_i_b_1a22b11c50b0986326c86315957528bf79" prot="public" virt="virtual"><scope>AIB</scope><name>~AIB</name></member>
      <member refid="class_b_a_n_k_1ad609a1e004efdebab6495d95eced2346" prot="public" virt="virtual"><scope>AIB</scope><name>~BANK</name></member>
      <member refid="class_o_s_t_m_1a30a17d73d0259c60eeab72d6dfa9ceb1" prot="public" virt="virtual"><scope>AIB</scope><name>~OSTM</name></member>
    </listofallmembers>
  </compounddef>
</doxygen>
