<?xml version='1.0' encoding='UTF-8' standalone='no'?>
<doxygen xmlns:xsi="http://www.w3.org/2001/XMLSchema-instance" xsi:noNamespaceSchemaLocation="compound.xsd" version="1.8.11">
  <compounddef id="class_t_a_l_l_a_g_h___w" kind="class" language="C++" prot="public">
    <compoundname>TALLAGH_W</compoundname>
    <basecompoundref refid="class_w_a_r_e_h_o_u_s_e" prot="public" virt="non-virtual">WAREHOUSE</basecompoundref>
    <includes refid="_t_a_l_l_a_g_h___w_8h" local="no">TALLAGH_W.h</includes>
      <sectiondef kind="private-attrib">
      <memberdef kind="variable" id="class_t_a_l_l_a_g_h___w_1a268003f2cd359fa50c6061f1ad011c67" prot="private" static="no" mutable="no">
        <type>std::string</type>
        <definition>std::string TALLAGH_W::_shop_address</definition>
        <argsstring></argsstring>
        <name>_shop_address</name>
        <briefdescription>
        </briefdescription>
        <detaileddescription>
        </detaileddescription>
        <inbodydescription>
        </inbodydescription>
        <location file="TALLAGH_W.h" line="110" column="1" bodyfile="TALLAGH_W.h" bodystart="110" bodyend="-1"/>
      </memberdef>
      <memberdef kind="variable" id="class_t_a_l_l_a_g_h___w_1a2d63785f290e8be76f3c4543e5df9508" prot="private" static="no" mutable="no">
        <type>std::string</type>
        <definition>std::string TALLAGH_W::_shop_name</definition>
        <argsstring></argsstring>
        <name>_shop_name</name>
        <briefdescription>
        </briefdescription>
        <detaileddescription>
        </detaileddescription>
        <inbodydescription>
        </inbodydescription>
        <location file="TALLAGH_W.h" line="111" column="1" bodyfile="TALLAGH_W.h" bodystart="111" bodyend="-1"/>
      </memberdef>
      <memberdef kind="variable" id="class_t_a_l_l_a_g_h___w_1ad8a7847f895cd13b45331e4f3cd20c2e" prot="private" static="no" mutable="no">
        <type>int</type>
        <definition>int TALLAGH_W::_number_of_iphones</definition>
        <argsstring></argsstring>
        <name>_number_of_iphones</name>
        <briefdescription>
        </briefdescription>
        <detaileddescription>
        </detaileddescription>
        <inbodydescription>
        </inbodydescription>
        <location file="TALLAGH_W.h" line="112" column="1" bodyfile="TALLAGH_W.h" bodystart="112" bodyend="-1"/>
      </memberdef>
      <memberdef kind="variable" id="class_t_a_l_l_a_g_h___w_1a2438dbd2a390036bfd35f46a63b5b9bf" prot="private" static="no" mutable="no">
        <type>int</type>
        <definition>int TALLAGH_W::_number_of_samsung</definition>
        <argsstring></argsstring>
        <name>_number_of_samsung</name>
        <briefdescription>
        </briefdescription>
        <detaileddescription>
        </detaileddescription>
        <inbodydescription>
        </inbodydescription>
        <location file="TALLAGH_W.h" line="113" column="1" bodyfile="TALLAGH_W.h" bodystart="113" bodyend="-1"/>
      </memberdef>
      <memberdef kind="variable" id="class_t_a_l_l_a_g_h___w_1ab101d3ac8747eef48371cd9078d2366e" prot="private" static="no" mutable="no">
        <type>int</type>
        <definition>int TALLAGH_W::_number_of_sony</definition>
        <argsstring></argsstring>
        <name>_number_of_sony</name>
        <briefdescription>
        </briefdescription>
        <detaileddescription>
        </detaileddescription>
        <inbodydescription>
        </inbodydescription>
        <location file="TALLAGH_W.h" line="114" column="1" bodyfile="TALLAGH_W.h" bodystart="114" bodyend="-1"/>
      </memberdef>
      <memberdef kind="variable" id="class_t_a_l_l_a_g_h___w_1ab966ff243f14eefc346e0b031f21c9b6" prot="private" static="no" mutable="no">
        <type>int</type>
        <definition>int TALLAGH_W::_number_of_huawei</definition>
        <argsstring></argsstring>
        <name>_number_of_huawei</name>
        <briefdescription>
        </briefdescription>
        <detaileddescription>
        </detaileddescription>
        <inbodydescription>
        </inbodydescription>
        <location file="TALLAGH_W.h" line="115" column="1" bodyfile="TALLAGH_W.h" bodystart="115" bodyend="-1"/>
      </memberdef>
      <memberdef kind="variable" id="class_t_a_l_l_a_g_h___w_1aa095820dca65526e795d64f31a3aaec1" prot="private" static="no" mutable="no">
        <type>int</type>
        <definition>int TALLAGH_W::_number_of_nokia</definition>
        <argsstring></argsstring>
        <name>_number_of_nokia</name>
        <briefdescription>
        </briefdescription>
        <detaileddescription>
        </detaileddescription>
        <inbodydescription>
        </inbodydescription>
        <location file="TALLAGH_W.h" line="116" column="1" bodyfile="TALLAGH_W.h" bodystart="116" bodyend="-1"/>
      </memberdef>
      <memberdef kind="variable" id="class_t_a_l_l_a_g_h___w_1a034f2ba8c42c1b81ae947b15732e5881" prot="private" static="no" mutable="no">
        <type>int</type>
        <definition>int TALLAGH_W::_number_of_alcatel</definition>
        <argsstring></argsstring>
        <name>_number_of_alcatel</name>
        <briefdescription>
        </briefdescription>
        <detaileddescription>
        </detaileddescription>
        <inbodydescription>
        </inbodydescription>
        <location file="TALLAGH_W.h" line="117" column="1" bodyfile="TALLAGH_W.h" bodystart="117" bodyend="-1"/>
      </memberdef>
      </sectiondef>
      <sectiondef kind="public-func">
      <memberdef kind="function" id="class_t_a_l_l_a_g_h___w_1aeafc411edee7a3e8bfcc54fa478e2104" prot="public" static="no" const="no" explicit="no" inline="yes" virt="non-virtual">
        <type></type>
        <definition>TALLAGH_W::TALLAGH_W</definition>
        <argsstring>()</argsstring>
        <name>TALLAGH_W</name>
        <briefdescription>
        </briefdescription>
        <detaileddescription>
<para>Constructor </para>        </detaileddescription>
        <inbodydescription>
        </inbodydescription>
        <location file="TALLAGH_W.h" line="24" column="1" bodyfile="TALLAGH_W.h" bodystart="24" bodyend="34"/>
        <referencedby refid="class_t_a_l_l_a_g_h___w_1a51957c778c31d56f98febdf294f88a4c" compoundref="_t_a_l_l_a_g_h___w_8cpp" startline="22" endline="29">getBaseCopy</referencedby>
        <referencedby refid="class_t_a_l_l_a_g_h___w_1a34d0767d7e66f28b1e9725c27f964a9c" compoundref="_t_a_l_l_a_g_h___w_8h" startline="55" endline="67">TALLAGH_W</referencedby>
      </memberdef>
      <memberdef kind="function" id="class_t_a_l_l_a_g_h___w_1a2d61c90d6ff2f1b50f81a3ce6506e285" prot="public" static="no" const="no" explicit="no" inline="yes" virt="non-virtual">
        <type></type>
        <definition>TALLAGH_W::TALLAGH_W</definition>
        <argsstring>(std::string address, std::string shop_name, int iphone, int samsung, int sony, int huawei, int nokia, int alcatel)</argsstring>
        <name>TALLAGH_W</name>
        <param>
          <type>std::string</type>
          <declname>address</declname>
        </param>
        <param>
          <type>std::string</type>
          <declname>shop_name</declname>
        </param>
        <param>
          <type>int</type>
          <declname>iphone</declname>
        </param>
        <param>
          <type>int</type>
          <declname>samsung</declname>
        </param>
        <param>
          <type>int</type>
          <declname>sony</declname>
        </param>
        <param>
          <type>int</type>
          <declname>huawei</declname>
        </param>
        <param>
          <type>int</type>
          <declname>nokia</declname>
        </param>
        <param>
          <type>int</type>
          <declname>alcatel</declname>
        </param>
        <briefdescription>
        </briefdescription>
        <detaileddescription>
<para>Custom constructor </para>        </detaileddescription>
        <inbodydescription>
        </inbodydescription>
        <location file="TALLAGH_W.h" line="38" column="1" bodyfile="TALLAGH_W.h" bodystart="38" bodyend="51"/>
      </memberdef>
      <memberdef kind="function" id="class_t_a_l_l_a_g_h___w_1a34d0767d7e66f28b1e9725c27f964a9c" prot="public" static="no" const="no" explicit="no" inline="yes" virt="non-virtual">
        <type></type>
        <definition>TALLAGH_W::TALLAGH_W</definition>
        <argsstring>(std::shared_ptr&lt; WAREHOUSE &gt; obj, int _version, int _unique_id)</argsstring>
        <name>TALLAGH_W</name>
        <param>
          <type>std::shared_ptr&lt; <ref refid="class_w_a_r_e_h_o_u_s_e" kindref="compound">WAREHOUSE</ref> &gt;</type>
          <declname>obj</declname>
        </param>
        <param>
          <type>int</type>
          <declname>_version</declname>
        </param>
        <param>
          <type>int</type>
          <declname>_unique_id</declname>
        </param>
        <briefdescription>
        </briefdescription>
        <detaileddescription>
<para>Custom constructor, used by the library for deep copying </para>        </detaileddescription>
        <inbodydescription>
        </inbodydescription>
        <location file="TALLAGH_W.h" line="55" column="1" bodyfile="TALLAGH_W.h" bodystart="55" bodyend="67"/>
        <references refid="class_t_a_l_l_a_g_h___w_1aeafc411edee7a3e8bfcc54fa478e2104" compoundref="_t_a_l_l_a_g_h___w_8h" startline="24" endline="34">TALLAGH_W</references>
      </memberdef>
      <memberdef kind="function" id="class_t_a_l_l_a_g_h___w_1a92cfa48ee385c9299427e4fa95b57003" prot="public" static="no" const="no" explicit="no" inline="no" virt="non-virtual">
        <type></type>
        <definition>TALLAGH_W::TALLAGH_W</definition>
        <argsstring>(const TALLAGH_W &amp;orig)</argsstring>
        <name>TALLAGH_W</name>
        <param>
          <type>const <ref refid="class_t_a_l_l_a_g_h___w" kindref="compound">TALLAGH_W</ref> &amp;</type>
          <declname>orig</declname>
        </param>
        <briefdescription>
        </briefdescription>
        <detaileddescription>
<para>Copy constructor </para>        </detaileddescription>
        <inbodydescription>
        </inbodydescription>
        <location file="TALLAGH_W.h" line="71" column="1" bodyfile="TALLAGH_W.cpp" bodystart="15" bodyend="16"/>
      </memberdef>
      <memberdef kind="function" id="class_t_a_l_l_a_g_h___w_1a0ac3db0bae78cc4e59f175e90374ed50" prot="public" static="no" const="no" explicit="no" inline="yes" virt="non-virtual">
        <type><ref refid="class_t_a_l_l_a_g_h___w" kindref="compound">TALLAGH_W</ref></type>
        <definition>TALLAGH_W TALLAGH_W::operator=</definition>
        <argsstring>(const TALLAGH_W &amp;orig)</argsstring>
        <name>operator=</name>
        <param>
          <type>const <ref refid="class_t_a_l_l_a_g_h___w" kindref="compound">TALLAGH_W</ref> &amp;</type>
          <declname>orig</declname>
        </param>
        <briefdescription>
        </briefdescription>
        <detaileddescription>
<para>Operator </para>        </detaileddescription>
        <inbodydescription>
        </inbodydescription>
        <location file="TALLAGH_W.h" line="75" column="1" bodyfile="TALLAGH_W.h" bodystart="75" bodyend="75"/>
        <references refid="class_t_a_l_l_a_g_h___w_1aad3a2ca2d942a0629716b1c9f446931f" compoundref="_t_a_l_l_a_g_h___w_8cpp" startline="12" endline="13">~TALLAGH_W</references>
        <references refid="class_t_a_l_l_a_g_h___w_1a7cd62cf694fbe8c6242916f26df8f6ca" compoundref="_t_a_l_l_a_g_h___w_8cpp" startline="35" endline="51">copy</references>
        <references refid="class_t_a_l_l_a_g_h___w_1a51957c778c31d56f98febdf294f88a4c" compoundref="_t_a_l_l_a_g_h___w_8cpp" startline="22" endline="29">getBaseCopy</references>
        <references refid="class_t_a_l_l_a_g_h___w_1ac7a438b7511cf2931490e6b44eff4a49" compoundref="_t_a_l_l_a_g_h___w_8cpp" startline="62" endline="65">toString</references>
        <references refid="class_t_a_l_l_a_g_h___w_1ad4a8e9cab71ab1b742298e630b6c32da" compoundref="_t_a_l_l_a_g_h___w_8cpp" startline="67" endline="69">SetNumber_of_alcatel</references>
        <references refid="class_t_a_l_l_a_g_h___w_1a548597d48b3bbb35ffa2035eee3b645d" compoundref="_t_a_l_l_a_g_h___w_8cpp" startline="71" endline="73">GetNumber_of_alcatel</references>
        <references refid="class_t_a_l_l_a_g_h___w_1ae60d0ca1392d87afa206f98d5f1c59d1" compoundref="_t_a_l_l_a_g_h___w_8cpp" startline="75" endline="77">SetNumber_of_nokia</references>
        <references refid="class_t_a_l_l_a_g_h___w_1a20a127a379a2ebed2bd7ee89ca5661fb" compoundref="_t_a_l_l_a_g_h___w_8cpp" startline="79" endline="81">GetNumber_of_nokia</references>
        <references refid="class_t_a_l_l_a_g_h___w_1a94b6a0ce95c1edc5cd0bc195cbedc74f" compoundref="_t_a_l_l_a_g_h___w_8cpp" startline="83" endline="85">SetNumber_of_huawei</references>
        <references refid="class_t_a_l_l_a_g_h___w_1a0ac4137af5b2aa2e4157c7e85629f064" compoundref="_t_a_l_l_a_g_h___w_8cpp" startline="87" endline="89">GetNumber_of_huawei</references>
        <references refid="class_t_a_l_l_a_g_h___w_1a700cbcd6355556eeaa33955e50010641" compoundref="_t_a_l_l_a_g_h___w_8cpp" startline="91" endline="93">SetNumber_of_sony</references>
        <references refid="class_t_a_l_l_a_g_h___w_1a161417e8ef4952c560182735de51a44f" compoundref="_t_a_l_l_a_g_h___w_8cpp" startline="95" endline="97">GetNumber_of_sony</references>
        <references refid="class_t_a_l_l_a_g_h___w_1aec915c88a9cce504e58bf9481d897e7e" compoundref="_t_a_l_l_a_g_h___w_8cpp" startline="99" endline="101">SetNumber_of_samsung</references>
        <references refid="class_t_a_l_l_a_g_h___w_1ad400c7b40f8605f5419b09e946677bbb" compoundref="_t_a_l_l_a_g_h___w_8cpp" startline="103" endline="105">GetNumber_of_samsung</references>
        <references refid="class_t_a_l_l_a_g_h___w_1aba9c1573606adb336fd5e94969f2f8e8" compoundref="_t_a_l_l_a_g_h___w_8cpp" startline="107" endline="109">SetNumber_of_iphones</references>
        <references refid="class_t_a_l_l_a_g_h___w_1ad82b0c59cba2cb442520e35ab6011d17" compoundref="_t_a_l_l_a_g_h___w_8cpp" startline="111" endline="113">GetNumber_of_iphones</references>
        <references refid="class_t_a_l_l_a_g_h___w_1a3ab6212769f348c15cd2d242af70ea02" compoundref="_t_a_l_l_a_g_h___w_8cpp" startline="115" endline="117">SetShop_name</references>
        <references refid="class_t_a_l_l_a_g_h___w_1a3baca7e101bfde39d7a1bf91d99c4f51" compoundref="_t_a_l_l_a_g_h___w_8cpp" startline="119" endline="121">GetShop_name</references>
        <references refid="class_t_a_l_l_a_g_h___w_1a45bd91f41ac4d384b4281e6572bc2f8a" compoundref="_t_a_l_l_a_g_h___w_8cpp" startline="123" endline="125">SetShop_address</references>
        <references refid="class_t_a_l_l_a_g_h___w_1a591b5f445be4f3b636b415e7b614b82c" compoundref="_t_a_l_l_a_g_h___w_8cpp" startline="127" endline="129">GetShop_address</references>
      </memberdef>
      <memberdef kind="function" id="class_t_a_l_l_a_g_h___w_1aad3a2ca2d942a0629716b1c9f446931f" prot="public" static="no" const="no" explicit="no" inline="no" virt="virtual">
        <type></type>
        <definition>TALLAGH_W::~TALLAGH_W</definition>
        <argsstring>()</argsstring>
        <name>~TALLAGH_W</name>
        <briefdescription>
        </briefdescription>
        <detaileddescription>
<para>de-constructor </para>        </detaileddescription>
        <inbodydescription>
        </inbodydescription>
        <location file="TALLAGH_W.h" line="79" column="1" bodyfile="TALLAGH_W.cpp" bodystart="12" bodyend="13"/>
        <referencedby refid="class_t_a_l_l_a_g_h___w_1a0ac3db0bae78cc4e59f175e90374ed50" compoundref="_t_a_l_l_a_g_h___w_8h" startline="75" endline="75">operator=</referencedby>
      </memberdef>
      <memberdef kind="function" id="class_t_a_l_l_a_g_h___w_1a7cd62cf694fbe8c6242916f26df8f6ca" prot="public" static="no" const="no" explicit="no" inline="no" virt="virtual">
        <type>void</type>
        <definition>void TALLAGH_W::copy</definition>
        <argsstring>(std::shared_ptr&lt; OSTM &gt; to, std::shared_ptr&lt; OSTM &gt; from)</argsstring>
        <name>copy</name>
        <reimplements refid="class_o_s_t_m_1a535d90fced5adbb70312c92f3778e08d">copy</reimplements>
        <param>
          <type>std::shared_ptr&lt; <ref refid="class_o_s_t_m" kindref="compound">OSTM</ref> &gt;</type>
          <declname>to</declname>
        </param>
        <param>
          <type>std::shared_ptr&lt; <ref refid="class_o_s_t_m" kindref="compound">OSTM</ref> &gt;</type>
          <declname>from</declname>
        </param>
        <briefdescription>
<para>copy function, make deep copy of the object/pointer </para>        </briefdescription>
        <detaileddescription>
<para><parameterlist kind="param"><parameteritem>
<parameternamelist>
<parametername>objTO</parametername>
</parameternamelist>
<parameterdescription>
<para>is a BANK* type object casted back from std::shared_ptr&lt;OSTM&gt; </para></parameterdescription>
</parameteritem>
<parameteritem>
<parameternamelist>
<parametername>objFROM</parametername>
</parameternamelist>
<parameterdescription>
<para>is a BANK* type object casted back from std::shared_ptr&lt;OSTM&gt; </para></parameterdescription>
</parameteritem>
</parameterlist>
</para>        </detaileddescription>
        <inbodydescription>
        </inbodydescription>
        <location file="TALLAGH_W.h" line="85" column="1" bodyfile="TALLAGH_W.cpp" bodystart="35" bodyend="51"/>
        <referencedby refid="class_t_a_l_l_a_g_h___w_1a0ac3db0bae78cc4e59f175e90374ed50" compoundref="_t_a_l_l_a_g_h___w_8h" startline="75" endline="75">operator=</referencedby>
      </memberdef>
      <memberdef kind="function" id="class_t_a_l_l_a_g_h___w_1a51957c778c31d56f98febdf294f88a4c" prot="public" static="no" const="no" explicit="no" inline="no" virt="virtual">
        <type>std::shared_ptr&lt; <ref refid="class_o_s_t_m" kindref="compound">OSTM</ref> &gt;</type>
        <definition>std::shared_ptr&lt; OSTM &gt; TALLAGH_W::getBaseCopy</definition>
        <argsstring>(std::shared_ptr&lt; OSTM &gt; object)</argsstring>
        <name>getBaseCopy</name>
        <reimplements refid="class_o_s_t_m_1a0bfa3763bd441407dd6365f42714f94c">getBaseCopy</reimplements>
        <param>
          <type>std::shared_ptr&lt; <ref refid="class_o_s_t_m" kindref="compound">OSTM</ref> &gt;</type>
          <declname>object</declname>
        </param>
        <briefdescription>
<para>getBaseCopy function, make deep copy of the object/pointer and Return a new BANK* type object </para>        </briefdescription>
        <detaileddescription>
<para><parameterlist kind="param"><parameteritem>
<parameternamelist>
<parametername>objTO</parametername>
</parameternamelist>
<parameterdescription>
<para>is a <ref refid="class_b_a_n_k" kindref="compound">BANK</ref> type pointer for casting </para></parameterdescription>
</parameteritem>
<parameteritem>
<parameternamelist>
<parametername>obj</parametername>
</parameternamelist>
<parameterdescription>
<para>is a BANK* return type </para></parameterdescription>
</parameteritem>
</parameterlist>
</para>        </detaileddescription>
        <inbodydescription>
        </inbodydescription>
        <location file="TALLAGH_W.h" line="86" column="1" bodyfile="TALLAGH_W.cpp" bodystart="22" bodyend="29"/>
        <references refid="class_t_a_l_l_a_g_h___w_1aeafc411edee7a3e8bfcc54fa478e2104" compoundref="_t_a_l_l_a_g_h___w_8h" startline="24" endline="34">TALLAGH_W</references>
        <referencedby refid="class_t_a_l_l_a_g_h___w_1a0ac3db0bae78cc4e59f175e90374ed50" compoundref="_t_a_l_l_a_g_h___w_8h" startline="75" endline="75">operator=</referencedby>
      </memberdef>
      <memberdef kind="function" id="class_t_a_l_l_a_g_h___w_1ac7a438b7511cf2931490e6b44eff4a49" prot="public" static="no" const="no" explicit="no" inline="no" virt="virtual">
        <type>void</type>
        <definition>void TALLAGH_W::toString</definition>
        <argsstring>()</argsstring>
        <name>toString</name>
        <reimplements refid="class_o_s_t_m_1a513396a115f2987fd07c203309ae8a59">toString</reimplements>
        <briefdescription>
<para>_cast, is use to cast bak the std::shared_ptr&lt;OSTM&gt; to the required type </para>        </briefdescription>
        <detaileddescription>
<para>toString function, displays the object values in formatted way </para>        </detaileddescription>
        <inbodydescription>
        </inbodydescription>
        <location file="TALLAGH_W.h" line="87" column="1" bodyfile="TALLAGH_W.cpp" bodystart="62" bodyend="65"/>
        <references refid="class_t_a_l_l_a_g_h___w_1a3baca7e101bfde39d7a1bf91d99c4f51" compoundref="_t_a_l_l_a_g_h___w_8cpp" startline="119" endline="121">GetShop_name</references>
        <references refid="class_o_s_t_m_1a5a01a8b98d16b1d1904ecf9356e7b71d" compoundref="_o_s_t_m_8cpp" startline="73" endline="76">OSTM::Get_Unique_ID</references>
        <references refid="class_t_a_l_l_a_g_h___w_1a591b5f445be4f3b636b415e7b614b82c" compoundref="_t_a_l_l_a_g_h___w_8cpp" startline="127" endline="129">GetShop_address</references>
        <references refid="class_t_a_l_l_a_g_h___w_1ad82b0c59cba2cb442520e35ab6011d17" compoundref="_t_a_l_l_a_g_h___w_8cpp" startline="111" endline="113">GetNumber_of_iphones</references>
        <references refid="class_t_a_l_l_a_g_h___w_1ad400c7b40f8605f5419b09e946677bbb" compoundref="_t_a_l_l_a_g_h___w_8cpp" startline="103" endline="105">GetNumber_of_samsung</references>
        <references refid="class_t_a_l_l_a_g_h___w_1a161417e8ef4952c560182735de51a44f" compoundref="_t_a_l_l_a_g_h___w_8cpp" startline="95" endline="97">GetNumber_of_sony</references>
        <references refid="class_t_a_l_l_a_g_h___w_1a0ac4137af5b2aa2e4157c7e85629f064" compoundref="_t_a_l_l_a_g_h___w_8cpp" startline="87" endline="89">GetNumber_of_huawei</references>
        <references refid="class_t_a_l_l_a_g_h___w_1a20a127a379a2ebed2bd7ee89ca5661fb" compoundref="_t_a_l_l_a_g_h___w_8cpp" startline="79" endline="81">GetNumber_of_nokia</references>
        <references refid="class_t_a_l_l_a_g_h___w_1a548597d48b3bbb35ffa2035eee3b645d" compoundref="_t_a_l_l_a_g_h___w_8cpp" startline="71" endline="73">GetNumber_of_alcatel</references>
        <references refid="class_o_s_t_m_1a1f1db9d482f22c8e7caa17dfb340626b" compoundref="_o_s_t_m_8cpp" startline="89" endline="92">OSTM::Get_Version</references>
        <referencedby refid="class_t_a_l_l_a_g_h___w_1a0ac3db0bae78cc4e59f175e90374ed50" compoundref="_t_a_l_l_a_g_h___w_8h" startline="75" endline="75">operator=</referencedby>
      </memberdef>
      <memberdef kind="function" id="class_t_a_l_l_a_g_h___w_1ad4a8e9cab71ab1b742298e630b6c32da" prot="public" static="no" const="no" explicit="no" inline="no" virt="virtual">
        <type>void</type>
        <definition>void TALLAGH_W::SetNumber_of_alcatel</definition>
        <argsstring>(int _number_of_alcatel)</argsstring>
        <name>SetNumber_of_alcatel</name>
        <reimplements refid="class_w_a_r_e_h_o_u_s_e_1a91b45d7d40a154308644a9f2b1767d28">SetNumber_of_alcatel</reimplements>
        <param>
          <type>int</type>
          <declname>_number_of_alcatel</declname>
        </param>
        <briefdescription>
        </briefdescription>
        <detaileddescription>
        </detaileddescription>
        <inbodydescription>
        </inbodydescription>
        <location file="TALLAGH_W.h" line="91" column="1" bodyfile="TALLAGH_W.cpp" bodystart="67" bodyend="69"/>
        <referencedby refid="class_t_a_l_l_a_g_h___w_1a0ac3db0bae78cc4e59f175e90374ed50" compoundref="_t_a_l_l_a_g_h___w_8h" startline="75" endline="75">operator=</referencedby>
      </memberdef>
      <memberdef kind="function" id="class_t_a_l_l_a_g_h___w_1a548597d48b3bbb35ffa2035eee3b645d" prot="public" static="no" const="no" explicit="no" inline="no" virt="virtual">
        <type>int</type>
        <definition>int TALLAGH_W::GetNumber_of_alcatel</definition>
        <argsstring>()</argsstring>
        <name>GetNumber_of_alcatel</name>
        <reimplements refid="class_w_a_r_e_h_o_u_s_e_1a9d9d5bc37ddd3763ea633d07785b6020">GetNumber_of_alcatel</reimplements>
        <briefdescription>
        </briefdescription>
        <detaileddescription>
        </detaileddescription>
        <inbodydescription>
        </inbodydescription>
        <location file="TALLAGH_W.h" line="92" column="1" bodyfile="TALLAGH_W.cpp" bodystart="71" bodyend="73"/>
        <referencedby refid="class_t_a_l_l_a_g_h___w_1ac7a438b7511cf2931490e6b44eff4a49" compoundref="_t_a_l_l_a_g_h___w_8cpp" startline="62" endline="65">toString</referencedby>
        <referencedby refid="class_t_a_l_l_a_g_h___w_1a0ac3db0bae78cc4e59f175e90374ed50" compoundref="_t_a_l_l_a_g_h___w_8h" startline="75" endline="75">operator=</referencedby>
      </memberdef>
      <memberdef kind="function" id="class_t_a_l_l_a_g_h___w_1ae60d0ca1392d87afa206f98d5f1c59d1" prot="public" static="no" const="no" explicit="no" inline="no" virt="virtual">
        <type>void</type>
        <definition>void TALLAGH_W::SetNumber_of_nokia</definition>
        <argsstring>(int _number_of_nokia)</argsstring>
        <name>SetNumber_of_nokia</name>
        <reimplements refid="class_w_a_r_e_h_o_u_s_e_1a300d1fe21a47e45c0d5d27e25add346f">SetNumber_of_nokia</reimplements>
        <param>
          <type>int</type>
          <declname>_number_of_nokia</declname>
        </param>
        <briefdescription>
        </briefdescription>
        <detaileddescription>
        </detaileddescription>
        <inbodydescription>
        </inbodydescription>
        <location file="TALLAGH_W.h" line="93" column="1" bodyfile="TALLAGH_W.cpp" bodystart="75" bodyend="77"/>
        <referencedby refid="class_t_a_l_l_a_g_h___w_1a0ac3db0bae78cc4e59f175e90374ed50" compoundref="_t_a_l_l_a_g_h___w_8h" startline="75" endline="75">operator=</referencedby>
      </memberdef>
      <memberdef kind="function" id="class_t_a_l_l_a_g_h___w_1a20a127a379a2ebed2bd7ee89ca5661fb" prot="public" static="no" const="no" explicit="no" inline="no" virt="virtual">
        <type>int</type>
        <definition>int TALLAGH_W::GetNumber_of_nokia</definition>
        <argsstring>()</argsstring>
        <name>GetNumber_of_nokia</name>
        <reimplements refid="class_w_a_r_e_h_o_u_s_e_1a1a0f7539989c00290934e8b671f2fb1c">GetNumber_of_nokia</reimplements>
        <briefdescription>
        </briefdescription>
        <detaileddescription>
        </detaileddescription>
        <inbodydescription>
        </inbodydescription>
        <location file="TALLAGH_W.h" line="94" column="1" bodyfile="TALLAGH_W.cpp" bodystart="79" bodyend="81"/>
        <referencedby refid="class_t_a_l_l_a_g_h___w_1ac7a438b7511cf2931490e6b44eff4a49" compoundref="_t_a_l_l_a_g_h___w_8cpp" startline="62" endline="65">toString</referencedby>
        <referencedby refid="class_t_a_l_l_a_g_h___w_1a0ac3db0bae78cc4e59f175e90374ed50" compoundref="_t_a_l_l_a_g_h___w_8h" startline="75" endline="75">operator=</referencedby>
      </memberdef>
      <memberdef kind="function" id="class_t_a_l_l_a_g_h___w_1a94b6a0ce95c1edc5cd0bc195cbedc74f" prot="public" static="no" const="no" explicit="no" inline="no" virt="virtual">
        <type>void</type>
        <definition>void TALLAGH_W::SetNumber_of_huawei</definition>
        <argsstring>(int _number_of_huawei)</argsstring>
        <name>SetNumber_of_huawei</name>
        <reimplements refid="class_w_a_r_e_h_o_u_s_e_1ad29bd0333bd7f17178dc107a00e23954">SetNumber_of_huawei</reimplements>
        <param>
          <type>int</type>
          <declname>_number_of_huawei</declname>
        </param>
        <briefdescription>
        </briefdescription>
        <detaileddescription>
        </detaileddescription>
        <inbodydescription>
        </inbodydescription>
        <location file="TALLAGH_W.h" line="95" column="1" bodyfile="TALLAGH_W.cpp" bodystart="83" bodyend="85"/>
        <referencedby refid="class_t_a_l_l_a_g_h___w_1a0ac3db0bae78cc4e59f175e90374ed50" compoundref="_t_a_l_l_a_g_h___w_8h" startline="75" endline="75">operator=</referencedby>
      </memberdef>
      <memberdef kind="function" id="class_t_a_l_l_a_g_h___w_1a0ac4137af5b2aa2e4157c7e85629f064" prot="public" static="no" const="no" explicit="no" inline="no" virt="virtual">
        <type>int</type>
        <definition>int TALLAGH_W::GetNumber_of_huawei</definition>
        <argsstring>()</argsstring>
        <name>GetNumber_of_huawei</name>
        <reimplements refid="class_w_a_r_e_h_o_u_s_e_1acacc58d1ceea41e968a6d245007ea127">GetNumber_of_huawei</reimplements>
        <briefdescription>
        </briefdescription>
        <detaileddescription>
        </detaileddescription>
        <inbodydescription>
        </inbodydescription>
        <location file="TALLAGH_W.h" line="96" column="1" bodyfile="TALLAGH_W.cpp" bodystart="87" bodyend="89"/>
        <referencedby refid="class_t_a_l_l_a_g_h___w_1ac7a438b7511cf2931490e6b44eff4a49" compoundref="_t_a_l_l_a_g_h___w_8cpp" startline="62" endline="65">toString</referencedby>
        <referencedby refid="class_t_a_l_l_a_g_h___w_1a0ac3db0bae78cc4e59f175e90374ed50" compoundref="_t_a_l_l_a_g_h___w_8h" startline="75" endline="75">operator=</referencedby>
      </memberdef>
      <memberdef kind="function" id="class_t_a_l_l_a_g_h___w_1a700cbcd6355556eeaa33955e50010641" prot="public" static="no" const="no" explicit="no" inline="no" virt="virtual">
        <type>void</type>
        <definition>void TALLAGH_W::SetNumber_of_sony</definition>
        <argsstring>(int _number_of_sony)</argsstring>
        <name>SetNumber_of_sony</name>
        <reimplements refid="class_w_a_r_e_h_o_u_s_e_1a709e5a9f4b439d0507fe74cc1a362ee1">SetNumber_of_sony</reimplements>
        <param>
          <type>int</type>
          <declname>_number_of_sony</declname>
        </param>
        <briefdescription>
        </briefdescription>
        <detaileddescription>
        </detaileddescription>
        <inbodydescription>
        </inbodydescription>
        <location file="TALLAGH_W.h" line="97" column="1" bodyfile="TALLAGH_W.cpp" bodystart="91" bodyend="93"/>
        <referencedby refid="class_t_a_l_l_a_g_h___w_1a0ac3db0bae78cc4e59f175e90374ed50" compoundref="_t_a_l_l_a_g_h___w_8h" startline="75" endline="75">operator=</referencedby>
      </memberdef>
      <memberdef kind="function" id="class_t_a_l_l_a_g_h___w_1a161417e8ef4952c560182735de51a44f" prot="public" static="no" const="no" explicit="no" inline="no" virt="virtual">
        <type>int</type>
        <definition>int TALLAGH_W::GetNumber_of_sony</definition>
        <argsstring>()</argsstring>
        <name>GetNumber_of_sony</name>
        <reimplements refid="class_w_a_r_e_h_o_u_s_e_1abb7da1fee113e81fbb06190606fddb4d">GetNumber_of_sony</reimplements>
        <briefdescription>
        </briefdescription>
        <detaileddescription>
        </detaileddescription>
        <inbodydescription>
        </inbodydescription>
        <location file="TALLAGH_W.h" line="98" column="1" bodyfile="TALLAGH_W.cpp" bodystart="95" bodyend="97"/>
        <referencedby refid="class_t_a_l_l_a_g_h___w_1ac7a438b7511cf2931490e6b44eff4a49" compoundref="_t_a_l_l_a_g_h___w_8cpp" startline="62" endline="65">toString</referencedby>
        <referencedby refid="class_t_a_l_l_a_g_h___w_1a0ac3db0bae78cc4e59f175e90374ed50" compoundref="_t_a_l_l_a_g_h___w_8h" startline="75" endline="75">operator=</referencedby>
      </memberdef>
      <memberdef kind="function" id="class_t_a_l_l_a_g_h___w_1aec915c88a9cce504e58bf9481d897e7e" prot="public" static="no" const="no" explicit="no" inline="no" virt="virtual">
        <type>void</type>
        <definition>void TALLAGH_W::SetNumber_of_samsung</definition>
        <argsstring>(int _number_of_samsung)</argsstring>
        <name>SetNumber_of_samsung</name>
        <reimplements refid="class_w_a_r_e_h_o_u_s_e_1a5564efbb5f54f663208a17c6f7f440e2">SetNumber_of_samsung</reimplements>
        <param>
          <type>int</type>
          <declname>_number_of_samsung</declname>
        </param>
        <briefdescription>
        </briefdescription>
        <detaileddescription>
        </detaileddescription>
        <inbodydescription>
        </inbodydescription>
        <location file="TALLAGH_W.h" line="99" column="1" bodyfile="TALLAGH_W.cpp" bodystart="99" bodyend="101"/>
        <referencedby refid="class_t_a_l_l_a_g_h___w_1a0ac3db0bae78cc4e59f175e90374ed50" compoundref="_t_a_l_l_a_g_h___w_8h" startline="75" endline="75">operator=</referencedby>
      </memberdef>
      <memberdef kind="function" id="class_t_a_l_l_a_g_h___w_1ad400c7b40f8605f5419b09e946677bbb" prot="public" static="no" const="no" explicit="no" inline="no" virt="virtual">
        <type>int</type>
        <definition>int TALLAGH_W::GetNumber_of_samsung</definition>
        <argsstring>()</argsstring>
        <name>GetNumber_of_samsung</name>
        <reimplements refid="class_w_a_r_e_h_o_u_s_e_1a817b030450f48bc24e3cc6de5dadefec">GetNumber_of_samsung</reimplements>
        <briefdescription>
        </briefdescription>
        <detaileddescription>
        </detaileddescription>
        <inbodydescription>
        </inbodydescription>
        <location file="TALLAGH_W.h" line="100" column="1" bodyfile="TALLAGH_W.cpp" bodystart="103" bodyend="105"/>
        <referencedby refid="class_t_a_l_l_a_g_h___w_1ac7a438b7511cf2931490e6b44eff4a49" compoundref="_t_a_l_l_a_g_h___w_8cpp" startline="62" endline="65">toString</referencedby>
        <referencedby refid="class_t_a_l_l_a_g_h___w_1a0ac3db0bae78cc4e59f175e90374ed50" compoundref="_t_a_l_l_a_g_h___w_8h" startline="75" endline="75">operator=</referencedby>
      </memberdef>
      <memberdef kind="function" id="class_t_a_l_l_a_g_h___w_1aba9c1573606adb336fd5e94969f2f8e8" prot="public" static="no" const="no" explicit="no" inline="no" virt="virtual">
        <type>void</type>
        <definition>void TALLAGH_W::SetNumber_of_iphones</definition>
        <argsstring>(int _number_of_iphones)</argsstring>
        <name>SetNumber_of_iphones</name>
        <reimplements refid="class_w_a_r_e_h_o_u_s_e_1a05e7450e1f1e711a53a4d9d40fb9dfa3">SetNumber_of_iphones</reimplements>
        <param>
          <type>int</type>
          <declname>_number_of_iphones</declname>
        </param>
        <briefdescription>
        </briefdescription>
        <detaileddescription>
        </detaileddescription>
        <inbodydescription>
        </inbodydescription>
        <location file="TALLAGH_W.h" line="101" column="1" bodyfile="TALLAGH_W.cpp" bodystart="107" bodyend="109"/>
        <referencedby refid="class_t_a_l_l_a_g_h___w_1a0ac3db0bae78cc4e59f175e90374ed50" compoundref="_t_a_l_l_a_g_h___w_8h" startline="75" endline="75">operator=</referencedby>
      </memberdef>
      <memberdef kind="function" id="class_t_a_l_l_a_g_h___w_1ad82b0c59cba2cb442520e35ab6011d17" prot="public" static="no" const="no" explicit="no" inline="no" virt="virtual">
        <type>int</type>
        <definition>int TALLAGH_W::GetNumber_of_iphones</definition>
        <argsstring>()</argsstring>
        <name>GetNumber_of_iphones</name>
        <reimplements refid="class_w_a_r_e_h_o_u_s_e_1a08312d1a68ff48d459ad637df6aaf2f1">GetNumber_of_iphones</reimplements>
        <briefdescription>
        </briefdescription>
        <detaileddescription>
        </detaileddescription>
        <inbodydescription>
        </inbodydescription>
        <location file="TALLAGH_W.h" line="102" column="1" bodyfile="TALLAGH_W.cpp" bodystart="111" bodyend="113"/>
        <referencedby refid="class_t_a_l_l_a_g_h___w_1ac7a438b7511cf2931490e6b44eff4a49" compoundref="_t_a_l_l_a_g_h___w_8cpp" startline="62" endline="65">toString</referencedby>
        <referencedby refid="class_t_a_l_l_a_g_h___w_1a0ac3db0bae78cc4e59f175e90374ed50" compoundref="_t_a_l_l_a_g_h___w_8h" startline="75" endline="75">operator=</referencedby>
      </memberdef>
      <memberdef kind="function" id="class_t_a_l_l_a_g_h___w_1a3ab6212769f348c15cd2d242af70ea02" prot="public" static="no" const="no" explicit="no" inline="no" virt="virtual">
        <type>void</type>
        <definition>void TALLAGH_W::SetShop_name</definition>
        <argsstring>(std::string _shop_name)</argsstring>
        <name>SetShop_name</name>
        <reimplements refid="class_w_a_r_e_h_o_u_s_e_1ae5cb8c03a4ef0d2e84bbe34312bb01e4">SetShop_name</reimplements>
        <param>
          <type>std::string</type>
          <declname>_shop_name</declname>
        </param>
        <briefdescription>
        </briefdescription>
        <detaileddescription>
        </detaileddescription>
        <inbodydescription>
        </inbodydescription>
        <location file="TALLAGH_W.h" line="103" column="1" bodyfile="TALLAGH_W.cpp" bodystart="115" bodyend="117"/>
        <referencedby refid="class_t_a_l_l_a_g_h___w_1a0ac3db0bae78cc4e59f175e90374ed50" compoundref="_t_a_l_l_a_g_h___w_8h" startline="75" endline="75">operator=</referencedby>
      </memberdef>
      <memberdef kind="function" id="class_t_a_l_l_a_g_h___w_1a3baca7e101bfde39d7a1bf91d99c4f51" prot="public" static="no" const="no" explicit="no" inline="no" virt="virtual">
        <type>std::string</type>
        <definition>std::string TALLAGH_W::GetShop_name</definition>
        <argsstring>()</argsstring>
        <name>GetShop_name</name>
        <reimplements refid="class_w_a_r_e_h_o_u_s_e_1a4d39386ec25ec71b513eb7382e5cd869">GetShop_name</reimplements>
        <briefdescription>
        </briefdescription>
        <detaileddescription>
        </detaileddescription>
        <inbodydescription>
        </inbodydescription>
        <location file="TALLAGH_W.h" line="104" column="1" bodyfile="TALLAGH_W.cpp" bodystart="119" bodyend="121"/>
        <referencedby refid="class_t_a_l_l_a_g_h___w_1ac7a438b7511cf2931490e6b44eff4a49" compoundref="_t_a_l_l_a_g_h___w_8cpp" startline="62" endline="65">toString</referencedby>
        <referencedby refid="class_t_a_l_l_a_g_h___w_1a0ac3db0bae78cc4e59f175e90374ed50" compoundref="_t_a_l_l_a_g_h___w_8h" startline="75" endline="75">operator=</referencedby>
      </memberdef>
      <memberdef kind="function" id="class_t_a_l_l_a_g_h___w_1a45bd91f41ac4d384b4281e6572bc2f8a" prot="public" static="no" const="no" explicit="no" inline="no" virt="virtual">
        <type>void</type>
        <definition>void TALLAGH_W::SetShop_address</definition>
        <argsstring>(std::string _shop_address)</argsstring>
        <name>SetShop_address</name>
        <reimplements refid="class_w_a_r_e_h_o_u_s_e_1a1accf4c214a11a532cad88729d44b91d">SetShop_address</reimplements>
        <param>
          <type>std::string</type>
          <declname>_shop_address</declname>
        </param>
        <briefdescription>
        </briefdescription>
        <detaileddescription>
        </detaileddescription>
        <inbodydescription>
        </inbodydescription>
        <location file="TALLAGH_W.h" line="105" column="1" bodyfile="TALLAGH_W.cpp" bodystart="123" bodyend="125"/>
        <referencedby refid="class_t_a_l_l_a_g_h___w_1a0ac3db0bae78cc4e59f175e90374ed50" compoundref="_t_a_l_l_a_g_h___w_8h" startline="75" endline="75">operator=</referencedby>
      </memberdef>
      <memberdef kind="function" id="class_t_a_l_l_a_g_h___w_1a591b5f445be4f3b636b415e7b614b82c" prot="public" static="no" const="no" explicit="no" inline="no" virt="virtual">
        <type>std::string</type>
        <definition>std::string TALLAGH_W::GetShop_address</definition>
        <argsstring>()</argsstring>
        <name>GetShop_address</name>
        <reimplements refid="class_w_a_r_e_h_o_u_s_e_1a50c29c2f95d148239e8b43b8a0046a31">GetShop_address</reimplements>
        <briefdescription>
        </briefdescription>
        <detaileddescription>
        </detaileddescription>
        <inbodydescription>
        </inbodydescription>
        <location file="TALLAGH_W.h" line="106" column="1" bodyfile="TALLAGH_W.cpp" bodystart="127" bodyend="129"/>
        <referencedby refid="class_t_a_l_l_a_g_h___w_1ac7a438b7511cf2931490e6b44eff4a49" compoundref="_t_a_l_l_a_g_h___w_8cpp" startline="62" endline="65">toString</referencedby>
        <referencedby refid="class_t_a_l_l_a_g_h___w_1a0ac3db0bae78cc4e59f175e90374ed50" compoundref="_t_a_l_l_a_g_h___w_8h" startline="75" endline="75">operator=</referencedby>
      </memberdef>
      </sectiondef>
    <briefdescription>
    </briefdescription>
    <detaileddescription>
<para>Inherit from <ref refid="class_w_a_r_e_h_o_u_s_e" kindref="compound">WAREHOUSE</ref> </para>    </detaileddescription>
    <inheritancegraph>
      <node id="193">
        <label>WAREHOUSE</label>
        <link refid="class_w_a_r_e_h_o_u_s_e"/>
        <childnode refid="194" relation="public-inheritance">
        </childnode>
      </node>
      <node id="194">
        <label>OSTM</label>
        <link refid="class_o_s_t_m"/>
      </node>
      <node id="192">
        <label>TALLAGH_W</label>
        <link refid="class_t_a_l_l_a_g_h___w"/>
        <childnode refid="193" relation="public-inheritance">
        </childnode>
      </node>
    </inheritancegraph>
    <collaborationgraph>
      <node id="196">
        <label>WAREHOUSE</label>
        <link refid="class_w_a_r_e_h_o_u_s_e"/>
        <childnode refid="197" relation="public-inheritance">
        </childnode>
      </node>
      <node id="197">
        <label>OSTM</label>
        <link refid="class_o_s_t_m"/>
      </node>
      <node id="195">
        <label>TALLAGH_W</label>
        <link refid="class_t_a_l_l_a_g_h___w"/>
        <childnode refid="196" relation="public-inheritance">
        </childnode>
      </node>
    </collaborationgraph>
    <location file="TALLAGH_W.h" line="19" column="1" bodyfile="TALLAGH_W.h" bodystart="19" bodyend="119"/>
    <listofallmembers>
      <member refid="class_t_a_l_l_a_g_h___w_1a034f2ba8c42c1b81ae947b15732e5881" prot="private" virt="non-virtual"><scope>TALLAGH_W</scope><name>_number_of_alcatel</name></member>
      <member refid="class_t_a_l_l_a_g_h___w_1ab966ff243f14eefc346e0b031f21c9b6" prot="private" virt="non-virtual"><scope>TALLAGH_W</scope><name>_number_of_huawei</name></member>
      <member refid="class_t_a_l_l_a_g_h___w_1ad8a7847f895cd13b45331e4f3cd20c2e" prot="private" virt="non-virtual"><scope>TALLAGH_W</scope><name>_number_of_iphones</name></member>
      <member refid="class_t_a_l_l_a_g_h___w_1aa095820dca65526e795d64f31a3aaec1" prot="private" virt="non-virtual"><scope>TALLAGH_W</scope><name>_number_of_nokia</name></member>
      <member refid="class_t_a_l_l_a_g_h___w_1a2438dbd2a390036bfd35f46a63b5b9bf" prot="private" virt="non-virtual"><scope>TALLAGH_W</scope><name>_number_of_samsung</name></member>
      <member refid="class_t_a_l_l_a_g_h___w_1ab101d3ac8747eef48371cd9078d2366e" prot="private" virt="non-virtual"><scope>TALLAGH_W</scope><name>_number_of_sony</name></member>
      <member refid="class_t_a_l_l_a_g_h___w_1a268003f2cd359fa50c6061f1ad011c67" prot="private" virt="non-virtual"><scope>TALLAGH_W</scope><name>_shop_address</name></member>
      <member refid="class_t_a_l_l_a_g_h___w_1a2d63785f290e8be76f3c4543e5df9508" prot="private" virt="non-virtual"><scope>TALLAGH_W</scope><name>_shop_name</name></member>
      <member refid="class_t_a_l_l_a_g_h___w_1a7cd62cf694fbe8c6242916f26df8f6ca" prot="public" virt="virtual"><scope>TALLAGH_W</scope><name>copy</name></member>
      <member refid="class_o_s_t_m_1a5a01a8b98d16b1d1904ecf9356e7b71d" prot="public" virt="non-virtual"><scope>TALLAGH_W</scope><name>Get_Unique_ID</name></member>
      <member refid="class_o_s_t_m_1a1f1db9d482f22c8e7caa17dfb340626b" prot="public" virt="non-virtual"><scope>TALLAGH_W</scope><name>Get_Version</name></member>
      <member refid="class_t_a_l_l_a_g_h___w_1a51957c778c31d56f98febdf294f88a4c" prot="public" virt="virtual"><scope>TALLAGH_W</scope><name>getBaseCopy</name></member>
      <member refid="class_t_a_l_l_a_g_h___w_1a548597d48b3bbb35ffa2035eee3b645d" prot="public" virt="virtual"><scope>TALLAGH_W</scope><name>GetNumber_of_alcatel</name></member>
      <member refid="class_t_a_l_l_a_g_h___w_1a0ac4137af5b2aa2e4157c7e85629f064" prot="public" virt="virtual"><scope>TALLAGH_W</scope><name>GetNumber_of_huawei</name></member>
      <member refid="class_t_a_l_l_a_g_h___w_1ad82b0c59cba2cb442520e35ab6011d17" prot="public" virt="virtual"><scope>TALLAGH_W</scope><name>GetNumber_of_iphones</name></member>
      <member refid="class_t_a_l_l_a_g_h___w_1a20a127a379a2ebed2bd7ee89ca5661fb" prot="public" virt="virtual"><scope>TALLAGH_W</scope><name>GetNumber_of_nokia</name></member>
      <member refid="class_t_a_l_l_a_g_h___w_1ad400c7b40f8605f5419b09e946677bbb" prot="public" virt="virtual"><scope>TALLAGH_W</scope><name>GetNumber_of_samsung</name></member>
      <member refid="class_t_a_l_l_a_g_h___w_1a161417e8ef4952c560182735de51a44f" prot="public" virt="virtual"><scope>TALLAGH_W</scope><name>GetNumber_of_sony</name></member>
      <member refid="class_t_a_l_l_a_g_h___w_1a591b5f445be4f3b636b415e7b614b82c" prot="public" virt="virtual"><scope>TALLAGH_W</scope><name>GetShop_address</name></member>
      <member refid="class_t_a_l_l_a_g_h___w_1a3baca7e101bfde39d7a1bf91d99c4f51" prot="public" virt="virtual"><scope>TALLAGH_W</scope><name>GetShop_name</name></member>
      <member refid="class_o_s_t_m_1a5f90caa4384d371c16b7cac860d9f89a" prot="public" virt="non-virtual"><scope>TALLAGH_W</scope><name>increase_VersionNumber</name></member>
      <member refid="class_o_s_t_m_1afc2851abf5342c3c67342c2c14820115" prot="public" virt="non-virtual"><scope>TALLAGH_W</scope><name>Is_Abort_Transaction</name></member>
      <member refid="class_o_s_t_m_1a8df39ced3b401aa466df97e26d14b1b7" prot="public" virt="non-virtual"><scope>TALLAGH_W</scope><name>Is_Can_Commit</name></member>
      <member refid="class_o_s_t_m_1afb6520023ed2c4a6188b688c46f192d0" prot="public" virt="non-virtual"><scope>TALLAGH_W</scope><name>is_Locked</name></member>
      <member refid="class_o_s_t_m_1af192c598a3c647f37aaba5757e60240f" prot="public" virt="non-virtual"><scope>TALLAGH_W</scope><name>lock_Mutex</name></member>
      <member refid="class_t_a_l_l_a_g_h___w_1a0ac3db0bae78cc4e59f175e90374ed50" prot="public" virt="non-virtual"><scope>TALLAGH_W</scope><name>operator=</name></member>
      <member refid="class_o_s_t_m_1a968edf778668bd0ec7603f0571619196" prot="public" virt="non-virtual"><scope>TALLAGH_W</scope><name>OSTM</name></member>
      <member refid="class_o_s_t_m_1a2314f55a127b94aa8a51d19ba798401e" prot="public" virt="non-virtual"><scope>TALLAGH_W</scope><name>OSTM</name></member>
      <member refid="class_o_s_t_m_1aba384cf65c5f56f5b86833730c3c6ea4" prot="public" virt="non-virtual"><scope>TALLAGH_W</scope><name>Set_Abort_Transaction</name></member>
      <member refid="class_o_s_t_m_1a813ee61c9d1c83c6a6ae30d12aca8a5d" prot="public" virt="non-virtual"><scope>TALLAGH_W</scope><name>Set_Can_Commit</name></member>
      <member refid="class_o_s_t_m_1ab5019a32185631c08abbf826422f2d93" prot="public" virt="non-virtual"><scope>TALLAGH_W</scope><name>Set_Unique_ID</name></member>
      <member refid="class_o_s_t_m_1a9529ad8d6d28c1f0cc9b86ed91df1ae1" prot="public" virt="non-virtual"><scope>TALLAGH_W</scope><name>Set_Version</name></member>
      <member refid="class_t_a_l_l_a_g_h___w_1ad4a8e9cab71ab1b742298e630b6c32da" prot="public" virt="virtual"><scope>TALLAGH_W</scope><name>SetNumber_of_alcatel</name></member>
      <member refid="class_t_a_l_l_a_g_h___w_1a94b6a0ce95c1edc5cd0bc195cbedc74f" prot="public" virt="virtual"><scope>TALLAGH_W</scope><name>SetNumber_of_huawei</name></member>
      <member refid="class_t_a_l_l_a_g_h___w_1aba9c1573606adb336fd5e94969f2f8e8" prot="public" virt="virtual"><scope>TALLAGH_W</scope><name>SetNumber_of_iphones</name></member>
      <member refid="class_t_a_l_l_a_g_h___w_1ae60d0ca1392d87afa206f98d5f1c59d1" prot="public" virt="virtual"><scope>TALLAGH_W</scope><name>SetNumber_of_nokia</name></member>
      <member refid="class_t_a_l_l_a_g_h___w_1aec915c88a9cce504e58bf9481d897e7e" prot="public" virt="virtual"><scope>TALLAGH_W</scope><name>SetNumber_of_samsung</name></member>
      <member refid="class_t_a_l_l_a_g_h___w_1a700cbcd6355556eeaa33955e50010641" prot="public" virt="virtual"><scope>TALLAGH_W</scope><name>SetNumber_of_sony</name></member>
      <member refid="class_t_a_l_l_a_g_h___w_1a45bd91f41ac4d384b4281e6572bc2f8a" prot="public" virt="virtual"><scope>TALLAGH_W</scope><name>SetShop_address</name></member>
      <member refid="class_t_a_l_l_a_g_h___w_1a3ab6212769f348c15cd2d242af70ea02" prot="public" virt="virtual"><scope>TALLAGH_W</scope><name>SetShop_name</name></member>
      <member refid="class_t_a_l_l_a_g_h___w_1aeafc411edee7a3e8bfcc54fa478e2104" prot="public" virt="non-virtual"><scope>TALLAGH_W</scope><name>TALLAGH_W</name></member>
      <member refid="class_t_a_l_l_a_g_h___w_1a2d61c90d6ff2f1b50f81a3ce6506e285" prot="public" virt="non-virtual"><scope>TALLAGH_W</scope><name>TALLAGH_W</name></member>
      <member refid="class_t_a_l_l_a_g_h___w_1a34d0767d7e66f28b1e9725c27f964a9c" prot="public" virt="non-virtual"><scope>TALLAGH_W</scope><name>TALLAGH_W</name></member>
      <member refid="class_t_a_l_l_a_g_h___w_1a92cfa48ee385c9299427e4fa95b57003" prot="public" virt="non-virtual"><scope>TALLAGH_W</scope><name>TALLAGH_W</name></member>
      <member refid="class_t_a_l_l_a_g_h___w_1ac7a438b7511cf2931490e6b44eff4a49" prot="public" virt="virtual"><scope>TALLAGH_W</scope><name>toString</name></member>
      <member refid="class_o_s_t_m_1a6cd703bc26c719fd95b4f5362d050762" prot="public" virt="non-virtual"><scope>TALLAGH_W</scope><name>unlock_Mutex</name></member>
      <member refid="class_w_a_r_e_h_o_u_s_e_1a7a924d389af91f54ed0e1d1d8d56ec57" prot="public" virt="non-virtual"><scope>TALLAGH_W</scope><name>WAREHOUSE</name></member>
      <member refid="class_w_a_r_e_h_o_u_s_e_1a91a50ed8f6eeb344b1785f750532b18a" prot="public" virt="non-virtual"><scope>TALLAGH_W</scope><name>WAREHOUSE</name></member>
      <member refid="class_w_a_r_e_h_o_u_s_e_1a4782d251d2203377f8e9f331ba3b0a7e" prot="public" virt="non-virtual"><scope>TALLAGH_W</scope><name>WAREHOUSE</name></member>
      <member refid="class_o_s_t_m_1a30a17d73d0259c60eeab72d6dfa9ceb1" prot="public" virt="virtual"><scope>TALLAGH_W</scope><name>~OSTM</name></member>
      <member refid="class_t_a_l_l_a_g_h___w_1aad3a2ca2d942a0629716b1c9f446931f" prot="public" virt="virtual"><scope>TALLAGH_W</scope><name>~TALLAGH_W</name></member>
      <member refid="class_w_a_r_e_h_o_u_s_e_1ad5aa686839d7be9bfea33d469c58086b" prot="public" virt="virtual"><scope>TALLAGH_W</scope><name>~WAREHOUSE</name></member>
    </listofallmembers>
  </compounddef>
</doxygen>
