<?xml version='1.0' encoding='UTF-8' standalone='no'?>
<doxygen xmlns:xsi="http://www.w3.org/2001/XMLSchema-instance" xsi:noNamespaceSchemaLocation="compound.xsd" version="1.8.11">
  <compounddef id="class_k_i_l_k_e_n_n_y___w" kind="class" language="C++" prot="public">
    <compoundname>KILKENNY_W</compoundname>
    <basecompoundref refid="class_w_a_r_e_h_o_u_s_e" prot="public" virt="non-virtual">WAREHOUSE</basecompoundref>
    <includes refid="_k_i_l_k_e_n_n_y___w_8h" local="no">KILKENNY_W.h</includes>
      <sectiondef kind="private-attrib">
      <memberdef kind="variable" id="class_k_i_l_k_e_n_n_y___w_1a278c416a60d21ee6ffa400f6d1348fd5" prot="private" static="no" mutable="no">
        <type>std::string</type>
        <definition>std::string KILKENNY_W::_shop_address</definition>
        <argsstring></argsstring>
        <name>_shop_address</name>
        <briefdescription>
        </briefdescription>
        <detaileddescription>
        </detaileddescription>
        <inbodydescription>
        </inbodydescription>
        <location file="KILKENNY_W.h" line="109" column="1" bodyfile="KILKENNY_W.h" bodystart="109" bodyend="-1"/>
      </memberdef>
      <memberdef kind="variable" id="class_k_i_l_k_e_n_n_y___w_1a3ca31fe82131bef3b13759e6d8b9a83b" prot="private" static="no" mutable="no">
        <type>std::string</type>
        <definition>std::string KILKENNY_W::_shop_name</definition>
        <argsstring></argsstring>
        <name>_shop_name</name>
        <briefdescription>
        </briefdescription>
        <detaileddescription>
        </detaileddescription>
        <inbodydescription>
        </inbodydescription>
        <location file="KILKENNY_W.h" line="110" column="1" bodyfile="KILKENNY_W.h" bodystart="110" bodyend="-1"/>
      </memberdef>
      <memberdef kind="variable" id="class_k_i_l_k_e_n_n_y___w_1a91935316f3da1d18589f7d02ec0ac24c" prot="private" static="no" mutable="no">
        <type>int</type>
        <definition>int KILKENNY_W::_number_of_iphones</definition>
        <argsstring></argsstring>
        <name>_number_of_iphones</name>
        <briefdescription>
        </briefdescription>
        <detaileddescription>
        </detaileddescription>
        <inbodydescription>
        </inbodydescription>
        <location file="KILKENNY_W.h" line="111" column="1" bodyfile="KILKENNY_W.h" bodystart="111" bodyend="-1"/>
      </memberdef>
      <memberdef kind="variable" id="class_k_i_l_k_e_n_n_y___w_1abf89dc9f1d933e77c3597d2835c692a0" prot="private" static="no" mutable="no">
        <type>int</type>
        <definition>int KILKENNY_W::_number_of_samsung</definition>
        <argsstring></argsstring>
        <name>_number_of_samsung</name>
        <briefdescription>
        </briefdescription>
        <detaileddescription>
        </detaileddescription>
        <inbodydescription>
        </inbodydescription>
        <location file="KILKENNY_W.h" line="112" column="1" bodyfile="KILKENNY_W.h" bodystart="112" bodyend="-1"/>
      </memberdef>
      <memberdef kind="variable" id="class_k_i_l_k_e_n_n_y___w_1a9b12aacf712ccf9e082daf450bbfbe8d" prot="private" static="no" mutable="no">
        <type>int</type>
        <definition>int KILKENNY_W::_number_of_sony</definition>
        <argsstring></argsstring>
        <name>_number_of_sony</name>
        <briefdescription>
        </briefdescription>
        <detaileddescription>
        </detaileddescription>
        <inbodydescription>
        </inbodydescription>
        <location file="KILKENNY_W.h" line="113" column="1" bodyfile="KILKENNY_W.h" bodystart="113" bodyend="-1"/>
      </memberdef>
      <memberdef kind="variable" id="class_k_i_l_k_e_n_n_y___w_1a5aedbf8c3815df0d35a94ed9105f6574" prot="private" static="no" mutable="no">
        <type>int</type>
        <definition>int KILKENNY_W::_number_of_huawei</definition>
        <argsstring></argsstring>
        <name>_number_of_huawei</name>
        <briefdescription>
        </briefdescription>
        <detaileddescription>
        </detaileddescription>
        <inbodydescription>
        </inbodydescription>
        <location file="KILKENNY_W.h" line="114" column="1" bodyfile="KILKENNY_W.h" bodystart="114" bodyend="-1"/>
      </memberdef>
      <memberdef kind="variable" id="class_k_i_l_k_e_n_n_y___w_1a717b79aedec8f4f76269fc0e83bcd2eb" prot="private" static="no" mutable="no">
        <type>int</type>
        <definition>int KILKENNY_W::_number_of_nokia</definition>
        <argsstring></argsstring>
        <name>_number_of_nokia</name>
        <briefdescription>
        </briefdescription>
        <detaileddescription>
        </detaileddescription>
        <inbodydescription>
        </inbodydescription>
        <location file="KILKENNY_W.h" line="115" column="1" bodyfile="KILKENNY_W.h" bodystart="115" bodyend="-1"/>
      </memberdef>
      <memberdef kind="variable" id="class_k_i_l_k_e_n_n_y___w_1ab1523ca2daf22c518edb3be585485b16" prot="private" static="no" mutable="no">
        <type>int</type>
        <definition>int KILKENNY_W::_number_of_alcatel</definition>
        <argsstring></argsstring>
        <name>_number_of_alcatel</name>
        <briefdescription>
        </briefdescription>
        <detaileddescription>
        </detaileddescription>
        <inbodydescription>
        </inbodydescription>
        <location file="KILKENNY_W.h" line="116" column="1" bodyfile="KILKENNY_W.h" bodystart="116" bodyend="-1"/>
      </memberdef>
      </sectiondef>
      <sectiondef kind="public-func">
      <memberdef kind="function" id="class_k_i_l_k_e_n_n_y___w_1aee4c4b30bc934ff827f0851077b7fbab" prot="public" static="no" const="no" explicit="no" inline="yes" virt="non-virtual">
        <type></type>
        <definition>KILKENNY_W::KILKENNY_W</definition>
        <argsstring>()</argsstring>
        <name>KILKENNY_W</name>
        <briefdescription>
        </briefdescription>
        <detaileddescription>
<para>Constructor </para>        </detaileddescription>
        <inbodydescription>
        </inbodydescription>
        <location file="KILKENNY_W.h" line="24" column="1" bodyfile="KILKENNY_W.h" bodystart="24" bodyend="34"/>
        <referencedby refid="class_k_i_l_k_e_n_n_y___w_1ad8c5f7f6ac7689fa9acd6cafb0cb69a4" compoundref="_k_i_l_k_e_n_n_y___w_8cpp" startline="22" endline="29">getBaseCopy</referencedby>
        <referencedby refid="class_k_i_l_k_e_n_n_y___w_1a6df9a34ae732b0196391aceecf865089" compoundref="_k_i_l_k_e_n_n_y___w_8h" startline="55" endline="67">KILKENNY_W</referencedby>
      </memberdef>
      <memberdef kind="function" id="class_k_i_l_k_e_n_n_y___w_1a292872c50225002759ebe70be3c96a72" prot="public" static="no" const="no" explicit="no" inline="yes" virt="non-virtual">
        <type></type>
        <definition>KILKENNY_W::KILKENNY_W</definition>
        <argsstring>(std::string address, std::string shop_name, int iphone, int samsung, int sony, int huawei, int nokia, int alcatel)</argsstring>
        <name>KILKENNY_W</name>
        <param>
          <type>std::string</type>
          <declname>address</declname>
        </param>
        <param>
          <type>std::string</type>
          <declname>shop_name</declname>
        </param>
        <param>
          <type>int</type>
          <declname>iphone</declname>
        </param>
        <param>
          <type>int</type>
          <declname>samsung</declname>
        </param>
        <param>
          <type>int</type>
          <declname>sony</declname>
        </param>
        <param>
          <type>int</type>
          <declname>huawei</declname>
        </param>
        <param>
          <type>int</type>
          <declname>nokia</declname>
        </param>
        <param>
          <type>int</type>
          <declname>alcatel</declname>
        </param>
        <briefdescription>
        </briefdescription>
        <detaileddescription>
<para>Custom constructor </para>        </detaileddescription>
        <inbodydescription>
        </inbodydescription>
        <location file="KILKENNY_W.h" line="38" column="1" bodyfile="KILKENNY_W.h" bodystart="38" bodyend="51"/>
      </memberdef>
      <memberdef kind="function" id="class_k_i_l_k_e_n_n_y___w_1a6df9a34ae732b0196391aceecf865089" prot="public" static="no" const="no" explicit="no" inline="yes" virt="non-virtual">
        <type></type>
        <definition>KILKENNY_W::KILKENNY_W</definition>
        <argsstring>(std::shared_ptr&lt; WAREHOUSE &gt; obj, int _version, int _unique_id)</argsstring>
        <name>KILKENNY_W</name>
        <param>
          <type>std::shared_ptr&lt; <ref refid="class_w_a_r_e_h_o_u_s_e" kindref="compound">WAREHOUSE</ref> &gt;</type>
          <declname>obj</declname>
        </param>
        <param>
          <type>int</type>
          <declname>_version</declname>
        </param>
        <param>
          <type>int</type>
          <declname>_unique_id</declname>
        </param>
        <briefdescription>
        </briefdescription>
        <detaileddescription>
<para>Custom constructor, used by the library for deep copying </para>        </detaileddescription>
        <inbodydescription>
        </inbodydescription>
        <location file="KILKENNY_W.h" line="55" column="1" bodyfile="KILKENNY_W.h" bodystart="55" bodyend="67"/>
        <references refid="class_k_i_l_k_e_n_n_y___w_1aee4c4b30bc934ff827f0851077b7fbab" compoundref="_k_i_l_k_e_n_n_y___w_8h" startline="24" endline="34">KILKENNY_W</references>
      </memberdef>
      <memberdef kind="function" id="class_k_i_l_k_e_n_n_y___w_1a370a1fb0d26d2b80da6e1101921d1564" prot="public" static="no" const="no" explicit="no" inline="no" virt="non-virtual">
        <type></type>
        <definition>KILKENNY_W::KILKENNY_W</definition>
        <argsstring>(const KILKENNY_W &amp;orig)</argsstring>
        <name>KILKENNY_W</name>
        <param>
          <type>const <ref refid="class_k_i_l_k_e_n_n_y___w" kindref="compound">KILKENNY_W</ref> &amp;</type>
          <declname>orig</declname>
        </param>
        <briefdescription>
        </briefdescription>
        <detaileddescription>
<para>Copy constructor </para>        </detaileddescription>
        <inbodydescription>
        </inbodydescription>
        <location file="KILKENNY_W.h" line="71" column="1" bodyfile="KILKENNY_W.cpp" bodystart="15" bodyend="16"/>
      </memberdef>
      <memberdef kind="function" id="class_k_i_l_k_e_n_n_y___w_1acff3cfb6cc15b4c4bc0dbe5685406393" prot="public" static="no" const="no" explicit="no" inline="yes" virt="non-virtual">
        <type><ref refid="class_k_i_l_k_e_n_n_y___w" kindref="compound">KILKENNY_W</ref></type>
        <definition>KILKENNY_W KILKENNY_W::operator=</definition>
        <argsstring>(const KILKENNY_W &amp;orig)</argsstring>
        <name>operator=</name>
        <param>
          <type>const <ref refid="class_k_i_l_k_e_n_n_y___w" kindref="compound">KILKENNY_W</ref> &amp;</type>
          <declname>orig</declname>
        </param>
        <briefdescription>
        </briefdescription>
        <detaileddescription>
<para>Operator </para>        </detaileddescription>
        <inbodydescription>
        </inbodydescription>
        <location file="KILKENNY_W.h" line="75" column="1" bodyfile="KILKENNY_W.h" bodystart="75" bodyend="75"/>
        <references refid="class_k_i_l_k_e_n_n_y___w_1a5b3f84f505c05449d9a7235f25ff3694" compoundref="_k_i_l_k_e_n_n_y___w_8cpp" startline="12" endline="13">~KILKENNY_W</references>
        <references refid="class_k_i_l_k_e_n_n_y___w_1a36a02e862f3563fbab3c94dfec4a0934" compoundref="_k_i_l_k_e_n_n_y___w_8cpp" startline="35" endline="51">copy</references>
        <references refid="class_k_i_l_k_e_n_n_y___w_1ad8c5f7f6ac7689fa9acd6cafb0cb69a4" compoundref="_k_i_l_k_e_n_n_y___w_8cpp" startline="22" endline="29">getBaseCopy</references>
        <references refid="class_k_i_l_k_e_n_n_y___w_1aea627b4c0efd0f725363556afe1ad849" compoundref="_k_i_l_k_e_n_n_y___w_8cpp" startline="62" endline="65">toString</references>
        <references refid="class_k_i_l_k_e_n_n_y___w_1ac4c3dbc9e74a4ae6c0a7e88d7a8f80a2" compoundref="_k_i_l_k_e_n_n_y___w_8cpp" startline="69" endline="71">SetNumber_of_alcatel</references>
        <references refid="class_k_i_l_k_e_n_n_y___w_1a8f23cfd2feb57a5b67f16d49c137820f" compoundref="_k_i_l_k_e_n_n_y___w_8cpp" startline="73" endline="75">GetNumber_of_alcatel</references>
        <references refid="class_k_i_l_k_e_n_n_y___w_1a3306af7f7a306f5198c6d78e6a54bf8f" compoundref="_k_i_l_k_e_n_n_y___w_8cpp" startline="77" endline="79">SetNumber_of_nokia</references>
        <references refid="class_k_i_l_k_e_n_n_y___w_1ad1e54597be8ac03021520caf851981e4" compoundref="_k_i_l_k_e_n_n_y___w_8cpp" startline="81" endline="83">GetNumber_of_nokia</references>
        <references refid="class_k_i_l_k_e_n_n_y___w_1a2b89e05ada24ce0b7055f2b7cfb76e52" compoundref="_k_i_l_k_e_n_n_y___w_8cpp" startline="85" endline="87">SetNumber_of_huawei</references>
        <references refid="class_k_i_l_k_e_n_n_y___w_1a0b0689da37856045c9325e6723f78d4b" compoundref="_k_i_l_k_e_n_n_y___w_8cpp" startline="89" endline="91">GetNumber_of_huawei</references>
        <references refid="class_k_i_l_k_e_n_n_y___w_1a6edadc355823944f30b94039abed1c9a" compoundref="_k_i_l_k_e_n_n_y___w_8cpp" startline="93" endline="95">SetNumber_of_sony</references>
        <references refid="class_k_i_l_k_e_n_n_y___w_1a804254083a84b05b320e5723c0568e6f" compoundref="_k_i_l_k_e_n_n_y___w_8cpp" startline="97" endline="99">GetNumber_of_sony</references>
        <references refid="class_k_i_l_k_e_n_n_y___w_1ac9ba94018b97ae9be58bde2690965612" compoundref="_k_i_l_k_e_n_n_y___w_8cpp" startline="101" endline="103">SetNumber_of_samsung</references>
        <references refid="class_k_i_l_k_e_n_n_y___w_1ac73e56bbdb3915546b8774f260edc30e" compoundref="_k_i_l_k_e_n_n_y___w_8cpp" startline="105" endline="107">GetNumber_of_samsung</references>
        <references refid="class_k_i_l_k_e_n_n_y___w_1abdea4a1698ad841e4d758e6b3e3bef62" compoundref="_k_i_l_k_e_n_n_y___w_8cpp" startline="109" endline="111">SetNumber_of_iphones</references>
        <references refid="class_k_i_l_k_e_n_n_y___w_1aa8eb9ca20372744a05ab64def268a940" compoundref="_k_i_l_k_e_n_n_y___w_8cpp" startline="113" endline="115">GetNumber_of_iphones</references>
        <references refid="class_k_i_l_k_e_n_n_y___w_1a8670e50802ffeb6a8b4c148c4f5183aa" compoundref="_k_i_l_k_e_n_n_y___w_8cpp" startline="117" endline="119">SetShop_name</references>
        <references refid="class_k_i_l_k_e_n_n_y___w_1a93dac05f03edc97797f89501aa2af73a" compoundref="_k_i_l_k_e_n_n_y___w_8cpp" startline="121" endline="123">GetShop_name</references>
        <references refid="class_k_i_l_k_e_n_n_y___w_1ac4ec867027aed72ff28bfe667da084cd" compoundref="_k_i_l_k_e_n_n_y___w_8cpp" startline="125" endline="127">SetShop_address</references>
        <references refid="class_k_i_l_k_e_n_n_y___w_1ad35a9d60fff2a3c1088f93ff04e6d9d4" compoundref="_k_i_l_k_e_n_n_y___w_8cpp" startline="129" endline="131">GetShop_address</references>
      </memberdef>
      <memberdef kind="function" id="class_k_i_l_k_e_n_n_y___w_1a5b3f84f505c05449d9a7235f25ff3694" prot="public" static="no" const="no" explicit="no" inline="no" virt="virtual">
        <type></type>
        <definition>KILKENNY_W::~KILKENNY_W</definition>
        <argsstring>()</argsstring>
        <name>~KILKENNY_W</name>
        <briefdescription>
        </briefdescription>
        <detaileddescription>
<para>de-constructor </para>        </detaileddescription>
        <inbodydescription>
        </inbodydescription>
        <location file="KILKENNY_W.h" line="79" column="1" bodyfile="KILKENNY_W.cpp" bodystart="12" bodyend="13"/>
        <referencedby refid="class_k_i_l_k_e_n_n_y___w_1acff3cfb6cc15b4c4bc0dbe5685406393" compoundref="_k_i_l_k_e_n_n_y___w_8h" startline="75" endline="75">operator=</referencedby>
      </memberdef>
      <memberdef kind="function" id="class_k_i_l_k_e_n_n_y___w_1a36a02e862f3563fbab3c94dfec4a0934" prot="public" static="no" const="no" explicit="no" inline="no" virt="virtual">
        <type>void</type>
        <definition>void KILKENNY_W::copy</definition>
        <argsstring>(std::shared_ptr&lt; OSTM &gt; to, std::shared_ptr&lt; OSTM &gt; from)</argsstring>
        <name>copy</name>
        <reimplements refid="class_o_s_t_m_1a535d90fced5adbb70312c92f3778e08d">copy</reimplements>
        <param>
          <type>std::shared_ptr&lt; <ref refid="class_o_s_t_m" kindref="compound">OSTM</ref> &gt;</type>
          <declname>to</declname>
        </param>
        <param>
          <type>std::shared_ptr&lt; <ref refid="class_o_s_t_m" kindref="compound">OSTM</ref> &gt;</type>
          <declname>from</declname>
        </param>
        <briefdescription>
<para>copy function, make deep copy of the object/pointer </para>        </briefdescription>
        <detaileddescription>
<para><parameterlist kind="param"><parameteritem>
<parameternamelist>
<parametername>objTO</parametername>
</parameternamelist>
<parameterdescription>
<para>is a BANK* type object casted back from std::shared_ptr&lt;OSTM&gt; </para></parameterdescription>
</parameteritem>
<parameteritem>
<parameternamelist>
<parametername>objFROM</parametername>
</parameternamelist>
<parameterdescription>
<para>is a BANK* type object casted back from std::shared_ptr&lt;OSTM&gt; </para></parameterdescription>
</parameteritem>
</parameterlist>
</para>        </detaileddescription>
        <inbodydescription>
        </inbodydescription>
        <location file="KILKENNY_W.h" line="84" column="1" bodyfile="KILKENNY_W.cpp" bodystart="35" bodyend="51"/>
        <referencedby refid="class_k_i_l_k_e_n_n_y___w_1acff3cfb6cc15b4c4bc0dbe5685406393" compoundref="_k_i_l_k_e_n_n_y___w_8h" startline="75" endline="75">operator=</referencedby>
      </memberdef>
      <memberdef kind="function" id="class_k_i_l_k_e_n_n_y___w_1ad8c5f7f6ac7689fa9acd6cafb0cb69a4" prot="public" static="no" const="no" explicit="no" inline="no" virt="virtual">
        <type>std::shared_ptr&lt; <ref refid="class_o_s_t_m" kindref="compound">OSTM</ref> &gt;</type>
        <definition>std::shared_ptr&lt; OSTM &gt; KILKENNY_W::getBaseCopy</definition>
        <argsstring>(std::shared_ptr&lt; OSTM &gt; object)</argsstring>
        <name>getBaseCopy</name>
        <reimplements refid="class_o_s_t_m_1a0bfa3763bd441407dd6365f42714f94c">getBaseCopy</reimplements>
        <param>
          <type>std::shared_ptr&lt; <ref refid="class_o_s_t_m" kindref="compound">OSTM</ref> &gt;</type>
          <declname>object</declname>
        </param>
        <briefdescription>
<para>getBaseCopy function, make deep copy of the object/pointer and Return a new BANK* type object </para>        </briefdescription>
        <detaileddescription>
<para><parameterlist kind="param"><parameteritem>
<parameternamelist>
<parametername>objTO</parametername>
</parameternamelist>
<parameterdescription>
<para>is a <ref refid="class_b_a_n_k" kindref="compound">BANK</ref> type pointer for casting </para></parameterdescription>
</parameteritem>
<parameteritem>
<parameternamelist>
<parametername>obj</parametername>
</parameternamelist>
<parameterdescription>
<para>is a BANK* return type </para></parameterdescription>
</parameteritem>
</parameterlist>
</para>        </detaileddescription>
        <inbodydescription>
        </inbodydescription>
        <location file="KILKENNY_W.h" line="85" column="1" bodyfile="KILKENNY_W.cpp" bodystart="22" bodyend="29"/>
        <references refid="class_k_i_l_k_e_n_n_y___w_1aee4c4b30bc934ff827f0851077b7fbab" compoundref="_k_i_l_k_e_n_n_y___w_8h" startline="24" endline="34">KILKENNY_W</references>
        <referencedby refid="class_k_i_l_k_e_n_n_y___w_1acff3cfb6cc15b4c4bc0dbe5685406393" compoundref="_k_i_l_k_e_n_n_y___w_8h" startline="75" endline="75">operator=</referencedby>
      </memberdef>
      <memberdef kind="function" id="class_k_i_l_k_e_n_n_y___w_1aea627b4c0efd0f725363556afe1ad849" prot="public" static="no" const="no" explicit="no" inline="no" virt="virtual">
        <type>void</type>
        <definition>void KILKENNY_W::toString</definition>
        <argsstring>()</argsstring>
        <name>toString</name>
        <reimplements refid="class_o_s_t_m_1a513396a115f2987fd07c203309ae8a59">toString</reimplements>
        <briefdescription>
<para>_cast, is use to cast bak the std::shared_ptr&lt;OSTM&gt; to the required type </para>        </briefdescription>
        <detaileddescription>
<para>toString function, displays the object values in formatted way </para>        </detaileddescription>
        <inbodydescription>
        </inbodydescription>
        <location file="KILKENNY_W.h" line="86" column="1" bodyfile="KILKENNY_W.cpp" bodystart="62" bodyend="65"/>
        <references refid="class_k_i_l_k_e_n_n_y___w_1a93dac05f03edc97797f89501aa2af73a" compoundref="_k_i_l_k_e_n_n_y___w_8cpp" startline="121" endline="123">GetShop_name</references>
        <references refid="class_o_s_t_m_1a5a01a8b98d16b1d1904ecf9356e7b71d" compoundref="_o_s_t_m_8cpp" startline="73" endline="76">OSTM::Get_Unique_ID</references>
        <references refid="class_k_i_l_k_e_n_n_y___w_1ad35a9d60fff2a3c1088f93ff04e6d9d4" compoundref="_k_i_l_k_e_n_n_y___w_8cpp" startline="129" endline="131">GetShop_address</references>
        <references refid="class_k_i_l_k_e_n_n_y___w_1aa8eb9ca20372744a05ab64def268a940" compoundref="_k_i_l_k_e_n_n_y___w_8cpp" startline="113" endline="115">GetNumber_of_iphones</references>
        <references refid="class_k_i_l_k_e_n_n_y___w_1ac73e56bbdb3915546b8774f260edc30e" compoundref="_k_i_l_k_e_n_n_y___w_8cpp" startline="105" endline="107">GetNumber_of_samsung</references>
        <references refid="class_k_i_l_k_e_n_n_y___w_1a804254083a84b05b320e5723c0568e6f" compoundref="_k_i_l_k_e_n_n_y___w_8cpp" startline="97" endline="99">GetNumber_of_sony</references>
        <references refid="class_k_i_l_k_e_n_n_y___w_1a0b0689da37856045c9325e6723f78d4b" compoundref="_k_i_l_k_e_n_n_y___w_8cpp" startline="89" endline="91">GetNumber_of_huawei</references>
        <references refid="class_k_i_l_k_e_n_n_y___w_1ad1e54597be8ac03021520caf851981e4" compoundref="_k_i_l_k_e_n_n_y___w_8cpp" startline="81" endline="83">GetNumber_of_nokia</references>
        <references refid="class_k_i_l_k_e_n_n_y___w_1a8f23cfd2feb57a5b67f16d49c137820f" compoundref="_k_i_l_k_e_n_n_y___w_8cpp" startline="73" endline="75">GetNumber_of_alcatel</references>
        <references refid="class_o_s_t_m_1a1f1db9d482f22c8e7caa17dfb340626b" compoundref="_o_s_t_m_8cpp" startline="89" endline="92">OSTM::Get_Version</references>
        <referencedby refid="class_k_i_l_k_e_n_n_y___w_1acff3cfb6cc15b4c4bc0dbe5685406393" compoundref="_k_i_l_k_e_n_n_y___w_8h" startline="75" endline="75">operator=</referencedby>
      </memberdef>
      <memberdef kind="function" id="class_k_i_l_k_e_n_n_y___w_1ac4c3dbc9e74a4ae6c0a7e88d7a8f80a2" prot="public" static="no" const="no" explicit="no" inline="no" virt="virtual">
        <type>void</type>
        <definition>void KILKENNY_W::SetNumber_of_alcatel</definition>
        <argsstring>(int _number_of_alcatel)</argsstring>
        <name>SetNumber_of_alcatel</name>
        <reimplements refid="class_w_a_r_e_h_o_u_s_e_1a91b45d7d40a154308644a9f2b1767d28">SetNumber_of_alcatel</reimplements>
        <param>
          <type>int</type>
          <declname>_number_of_alcatel</declname>
        </param>
        <briefdescription>
        </briefdescription>
        <detaileddescription>
        </detaileddescription>
        <inbodydescription>
        </inbodydescription>
        <location file="KILKENNY_W.h" line="90" column="1" bodyfile="KILKENNY_W.cpp" bodystart="69" bodyend="71"/>
        <referencedby refid="class_k_i_l_k_e_n_n_y___w_1acff3cfb6cc15b4c4bc0dbe5685406393" compoundref="_k_i_l_k_e_n_n_y___w_8h" startline="75" endline="75">operator=</referencedby>
      </memberdef>
      <memberdef kind="function" id="class_k_i_l_k_e_n_n_y___w_1a8f23cfd2feb57a5b67f16d49c137820f" prot="public" static="no" const="no" explicit="no" inline="no" virt="virtual">
        <type>int</type>
        <definition>int KILKENNY_W::GetNumber_of_alcatel</definition>
        <argsstring>()</argsstring>
        <name>GetNumber_of_alcatel</name>
        <reimplements refid="class_w_a_r_e_h_o_u_s_e_1a9d9d5bc37ddd3763ea633d07785b6020">GetNumber_of_alcatel</reimplements>
        <briefdescription>
        </briefdescription>
        <detaileddescription>
        </detaileddescription>
        <inbodydescription>
        </inbodydescription>
        <location file="KILKENNY_W.h" line="91" column="1" bodyfile="KILKENNY_W.cpp" bodystart="73" bodyend="75"/>
        <referencedby refid="class_k_i_l_k_e_n_n_y___w_1aea627b4c0efd0f725363556afe1ad849" compoundref="_k_i_l_k_e_n_n_y___w_8cpp" startline="62" endline="65">toString</referencedby>
        <referencedby refid="class_k_i_l_k_e_n_n_y___w_1acff3cfb6cc15b4c4bc0dbe5685406393" compoundref="_k_i_l_k_e_n_n_y___w_8h" startline="75" endline="75">operator=</referencedby>
      </memberdef>
      <memberdef kind="function" id="class_k_i_l_k_e_n_n_y___w_1a3306af7f7a306f5198c6d78e6a54bf8f" prot="public" static="no" const="no" explicit="no" inline="no" virt="virtual">
        <type>void</type>
        <definition>void KILKENNY_W::SetNumber_of_nokia</definition>
        <argsstring>(int _number_of_nokia)</argsstring>
        <name>SetNumber_of_nokia</name>
        <reimplements refid="class_w_a_r_e_h_o_u_s_e_1a300d1fe21a47e45c0d5d27e25add346f">SetNumber_of_nokia</reimplements>
        <param>
          <type>int</type>
          <declname>_number_of_nokia</declname>
        </param>
        <briefdescription>
        </briefdescription>
        <detaileddescription>
        </detaileddescription>
        <inbodydescription>
        </inbodydescription>
        <location file="KILKENNY_W.h" line="92" column="1" bodyfile="KILKENNY_W.cpp" bodystart="77" bodyend="79"/>
        <referencedby refid="class_k_i_l_k_e_n_n_y___w_1acff3cfb6cc15b4c4bc0dbe5685406393" compoundref="_k_i_l_k_e_n_n_y___w_8h" startline="75" endline="75">operator=</referencedby>
      </memberdef>
      <memberdef kind="function" id="class_k_i_l_k_e_n_n_y___w_1ad1e54597be8ac03021520caf851981e4" prot="public" static="no" const="no" explicit="no" inline="no" virt="virtual">
        <type>int</type>
        <definition>int KILKENNY_W::GetNumber_of_nokia</definition>
        <argsstring>()</argsstring>
        <name>GetNumber_of_nokia</name>
        <reimplements refid="class_w_a_r_e_h_o_u_s_e_1a1a0f7539989c00290934e8b671f2fb1c">GetNumber_of_nokia</reimplements>
        <briefdescription>
        </briefdescription>
        <detaileddescription>
        </detaileddescription>
        <inbodydescription>
        </inbodydescription>
        <location file="KILKENNY_W.h" line="93" column="1" bodyfile="KILKENNY_W.cpp" bodystart="81" bodyend="83"/>
        <referencedby refid="class_k_i_l_k_e_n_n_y___w_1aea627b4c0efd0f725363556afe1ad849" compoundref="_k_i_l_k_e_n_n_y___w_8cpp" startline="62" endline="65">toString</referencedby>
        <referencedby refid="class_k_i_l_k_e_n_n_y___w_1acff3cfb6cc15b4c4bc0dbe5685406393" compoundref="_k_i_l_k_e_n_n_y___w_8h" startline="75" endline="75">operator=</referencedby>
      </memberdef>
      <memberdef kind="function" id="class_k_i_l_k_e_n_n_y___w_1a2b89e05ada24ce0b7055f2b7cfb76e52" prot="public" static="no" const="no" explicit="no" inline="no" virt="virtual">
        <type>void</type>
        <definition>void KILKENNY_W::SetNumber_of_huawei</definition>
        <argsstring>(int _number_of_huawei)</argsstring>
        <name>SetNumber_of_huawei</name>
        <reimplements refid="class_w_a_r_e_h_o_u_s_e_1ad29bd0333bd7f17178dc107a00e23954">SetNumber_of_huawei</reimplements>
        <param>
          <type>int</type>
          <declname>_number_of_huawei</declname>
        </param>
        <briefdescription>
        </briefdescription>
        <detaileddescription>
        </detaileddescription>
        <inbodydescription>
        </inbodydescription>
        <location file="KILKENNY_W.h" line="94" column="1" bodyfile="KILKENNY_W.cpp" bodystart="85" bodyend="87"/>
        <referencedby refid="class_k_i_l_k_e_n_n_y___w_1acff3cfb6cc15b4c4bc0dbe5685406393" compoundref="_k_i_l_k_e_n_n_y___w_8h" startline="75" endline="75">operator=</referencedby>
      </memberdef>
      <memberdef kind="function" id="class_k_i_l_k_e_n_n_y___w_1a0b0689da37856045c9325e6723f78d4b" prot="public" static="no" const="no" explicit="no" inline="no" virt="virtual">
        <type>int</type>
        <definition>int KILKENNY_W::GetNumber_of_huawei</definition>
        <argsstring>()</argsstring>
        <name>GetNumber_of_huawei</name>
        <reimplements refid="class_w_a_r_e_h_o_u_s_e_1acacc58d1ceea41e968a6d245007ea127">GetNumber_of_huawei</reimplements>
        <briefdescription>
        </briefdescription>
        <detaileddescription>
        </detaileddescription>
        <inbodydescription>
        </inbodydescription>
        <location file="KILKENNY_W.h" line="95" column="1" bodyfile="KILKENNY_W.cpp" bodystart="89" bodyend="91"/>
        <referencedby refid="class_k_i_l_k_e_n_n_y___w_1aea627b4c0efd0f725363556afe1ad849" compoundref="_k_i_l_k_e_n_n_y___w_8cpp" startline="62" endline="65">toString</referencedby>
        <referencedby refid="class_k_i_l_k_e_n_n_y___w_1acff3cfb6cc15b4c4bc0dbe5685406393" compoundref="_k_i_l_k_e_n_n_y___w_8h" startline="75" endline="75">operator=</referencedby>
      </memberdef>
      <memberdef kind="function" id="class_k_i_l_k_e_n_n_y___w_1a6edadc355823944f30b94039abed1c9a" prot="public" static="no" const="no" explicit="no" inline="no" virt="virtual">
        <type>void</type>
        <definition>void KILKENNY_W::SetNumber_of_sony</definition>
        <argsstring>(int _number_of_sony)</argsstring>
        <name>SetNumber_of_sony</name>
        <reimplements refid="class_w_a_r_e_h_o_u_s_e_1a709e5a9f4b439d0507fe74cc1a362ee1">SetNumber_of_sony</reimplements>
        <param>
          <type>int</type>
          <declname>_number_of_sony</declname>
        </param>
        <briefdescription>
        </briefdescription>
        <detaileddescription>
        </detaileddescription>
        <inbodydescription>
        </inbodydescription>
        <location file="KILKENNY_W.h" line="96" column="1" bodyfile="KILKENNY_W.cpp" bodystart="93" bodyend="95"/>
        <referencedby refid="class_k_i_l_k_e_n_n_y___w_1acff3cfb6cc15b4c4bc0dbe5685406393" compoundref="_k_i_l_k_e_n_n_y___w_8h" startline="75" endline="75">operator=</referencedby>
      </memberdef>
      <memberdef kind="function" id="class_k_i_l_k_e_n_n_y___w_1a804254083a84b05b320e5723c0568e6f" prot="public" static="no" const="no" explicit="no" inline="no" virt="virtual">
        <type>int</type>
        <definition>int KILKENNY_W::GetNumber_of_sony</definition>
        <argsstring>()</argsstring>
        <name>GetNumber_of_sony</name>
        <reimplements refid="class_w_a_r_e_h_o_u_s_e_1abb7da1fee113e81fbb06190606fddb4d">GetNumber_of_sony</reimplements>
        <briefdescription>
        </briefdescription>
        <detaileddescription>
        </detaileddescription>
        <inbodydescription>
        </inbodydescription>
        <location file="KILKENNY_W.h" line="97" column="1" bodyfile="KILKENNY_W.cpp" bodystart="97" bodyend="99"/>
        <referencedby refid="class_k_i_l_k_e_n_n_y___w_1aea627b4c0efd0f725363556afe1ad849" compoundref="_k_i_l_k_e_n_n_y___w_8cpp" startline="62" endline="65">toString</referencedby>
        <referencedby refid="class_k_i_l_k_e_n_n_y___w_1acff3cfb6cc15b4c4bc0dbe5685406393" compoundref="_k_i_l_k_e_n_n_y___w_8h" startline="75" endline="75">operator=</referencedby>
      </memberdef>
      <memberdef kind="function" id="class_k_i_l_k_e_n_n_y___w_1ac9ba94018b97ae9be58bde2690965612" prot="public" static="no" const="no" explicit="no" inline="no" virt="virtual">
        <type>void</type>
        <definition>void KILKENNY_W::SetNumber_of_samsung</definition>
        <argsstring>(int _number_of_samsung)</argsstring>
        <name>SetNumber_of_samsung</name>
        <reimplements refid="class_w_a_r_e_h_o_u_s_e_1a5564efbb5f54f663208a17c6f7f440e2">SetNumber_of_samsung</reimplements>
        <param>
          <type>int</type>
          <declname>_number_of_samsung</declname>
        </param>
        <briefdescription>
        </briefdescription>
        <detaileddescription>
        </detaileddescription>
        <inbodydescription>
        </inbodydescription>
        <location file="KILKENNY_W.h" line="98" column="1" bodyfile="KILKENNY_W.cpp" bodystart="101" bodyend="103"/>
        <referencedby refid="class_k_i_l_k_e_n_n_y___w_1acff3cfb6cc15b4c4bc0dbe5685406393" compoundref="_k_i_l_k_e_n_n_y___w_8h" startline="75" endline="75">operator=</referencedby>
      </memberdef>
      <memberdef kind="function" id="class_k_i_l_k_e_n_n_y___w_1ac73e56bbdb3915546b8774f260edc30e" prot="public" static="no" const="no" explicit="no" inline="no" virt="virtual">
        <type>int</type>
        <definition>int KILKENNY_W::GetNumber_of_samsung</definition>
        <argsstring>()</argsstring>
        <name>GetNumber_of_samsung</name>
        <reimplements refid="class_w_a_r_e_h_o_u_s_e_1a817b030450f48bc24e3cc6de5dadefec">GetNumber_of_samsung</reimplements>
        <briefdescription>
        </briefdescription>
        <detaileddescription>
        </detaileddescription>
        <inbodydescription>
        </inbodydescription>
        <location file="KILKENNY_W.h" line="99" column="1" bodyfile="KILKENNY_W.cpp" bodystart="105" bodyend="107"/>
        <referencedby refid="class_k_i_l_k_e_n_n_y___w_1aea627b4c0efd0f725363556afe1ad849" compoundref="_k_i_l_k_e_n_n_y___w_8cpp" startline="62" endline="65">toString</referencedby>
        <referencedby refid="class_k_i_l_k_e_n_n_y___w_1acff3cfb6cc15b4c4bc0dbe5685406393" compoundref="_k_i_l_k_e_n_n_y___w_8h" startline="75" endline="75">operator=</referencedby>
      </memberdef>
      <memberdef kind="function" id="class_k_i_l_k_e_n_n_y___w_1abdea4a1698ad841e4d758e6b3e3bef62" prot="public" static="no" const="no" explicit="no" inline="no" virt="virtual">
        <type>void</type>
        <definition>void KILKENNY_W::SetNumber_of_iphones</definition>
        <argsstring>(int _number_of_iphones)</argsstring>
        <name>SetNumber_of_iphones</name>
        <reimplements refid="class_w_a_r_e_h_o_u_s_e_1a05e7450e1f1e711a53a4d9d40fb9dfa3">SetNumber_of_iphones</reimplements>
        <param>
          <type>int</type>
          <declname>_number_of_iphones</declname>
        </param>
        <briefdescription>
        </briefdescription>
        <detaileddescription>
        </detaileddescription>
        <inbodydescription>
        </inbodydescription>
        <location file="KILKENNY_W.h" line="100" column="1" bodyfile="KILKENNY_W.cpp" bodystart="109" bodyend="111"/>
        <referencedby refid="class_k_i_l_k_e_n_n_y___w_1acff3cfb6cc15b4c4bc0dbe5685406393" compoundref="_k_i_l_k_e_n_n_y___w_8h" startline="75" endline="75">operator=</referencedby>
      </memberdef>
      <memberdef kind="function" id="class_k_i_l_k_e_n_n_y___w_1aa8eb9ca20372744a05ab64def268a940" prot="public" static="no" const="no" explicit="no" inline="no" virt="virtual">
        <type>int</type>
        <definition>int KILKENNY_W::GetNumber_of_iphones</definition>
        <argsstring>()</argsstring>
        <name>GetNumber_of_iphones</name>
        <reimplements refid="class_w_a_r_e_h_o_u_s_e_1a08312d1a68ff48d459ad637df6aaf2f1">GetNumber_of_iphones</reimplements>
        <briefdescription>
        </briefdescription>
        <detaileddescription>
        </detaileddescription>
        <inbodydescription>
        </inbodydescription>
        <location file="KILKENNY_W.h" line="101" column="1" bodyfile="KILKENNY_W.cpp" bodystart="113" bodyend="115"/>
        <referencedby refid="class_k_i_l_k_e_n_n_y___w_1aea627b4c0efd0f725363556afe1ad849" compoundref="_k_i_l_k_e_n_n_y___w_8cpp" startline="62" endline="65">toString</referencedby>
        <referencedby refid="class_k_i_l_k_e_n_n_y___w_1acff3cfb6cc15b4c4bc0dbe5685406393" compoundref="_k_i_l_k_e_n_n_y___w_8h" startline="75" endline="75">operator=</referencedby>
      </memberdef>
      <memberdef kind="function" id="class_k_i_l_k_e_n_n_y___w_1a8670e50802ffeb6a8b4c148c4f5183aa" prot="public" static="no" const="no" explicit="no" inline="no" virt="virtual">
        <type>void</type>
        <definition>void KILKENNY_W::SetShop_name</definition>
        <argsstring>(std::string _shop_name)</argsstring>
        <name>SetShop_name</name>
        <reimplements refid="class_w_a_r_e_h_o_u_s_e_1ae5cb8c03a4ef0d2e84bbe34312bb01e4">SetShop_name</reimplements>
        <param>
          <type>std::string</type>
          <declname>_shop_name</declname>
        </param>
        <briefdescription>
        </briefdescription>
        <detaileddescription>
        </detaileddescription>
        <inbodydescription>
        </inbodydescription>
        <location file="KILKENNY_W.h" line="102" column="1" bodyfile="KILKENNY_W.cpp" bodystart="117" bodyend="119"/>
        <referencedby refid="class_k_i_l_k_e_n_n_y___w_1acff3cfb6cc15b4c4bc0dbe5685406393" compoundref="_k_i_l_k_e_n_n_y___w_8h" startline="75" endline="75">operator=</referencedby>
      </memberdef>
      <memberdef kind="function" id="class_k_i_l_k_e_n_n_y___w_1a93dac05f03edc97797f89501aa2af73a" prot="public" static="no" const="no" explicit="no" inline="no" virt="virtual">
        <type>std::string</type>
        <definition>std::string KILKENNY_W::GetShop_name</definition>
        <argsstring>()</argsstring>
        <name>GetShop_name</name>
        <reimplements refid="class_w_a_r_e_h_o_u_s_e_1a4d39386ec25ec71b513eb7382e5cd869">GetShop_name</reimplements>
        <briefdescription>
        </briefdescription>
        <detaileddescription>
        </detaileddescription>
        <inbodydescription>
        </inbodydescription>
        <location file="KILKENNY_W.h" line="103" column="1" bodyfile="KILKENNY_W.cpp" bodystart="121" bodyend="123"/>
        <referencedby refid="class_k_i_l_k_e_n_n_y___w_1aea627b4c0efd0f725363556afe1ad849" compoundref="_k_i_l_k_e_n_n_y___w_8cpp" startline="62" endline="65">toString</referencedby>
        <referencedby refid="class_k_i_l_k_e_n_n_y___w_1acff3cfb6cc15b4c4bc0dbe5685406393" compoundref="_k_i_l_k_e_n_n_y___w_8h" startline="75" endline="75">operator=</referencedby>
      </memberdef>
      <memberdef kind="function" id="class_k_i_l_k_e_n_n_y___w_1ac4ec867027aed72ff28bfe667da084cd" prot="public" static="no" const="no" explicit="no" inline="no" virt="virtual">
        <type>void</type>
        <definition>void KILKENNY_W::SetShop_address</definition>
        <argsstring>(std::string _shop_address)</argsstring>
        <name>SetShop_address</name>
        <reimplements refid="class_w_a_r_e_h_o_u_s_e_1a1accf4c214a11a532cad88729d44b91d">SetShop_address</reimplements>
        <param>
          <type>std::string</type>
          <declname>_shop_address</declname>
        </param>
        <briefdescription>
        </briefdescription>
        <detaileddescription>
        </detaileddescription>
        <inbodydescription>
        </inbodydescription>
        <location file="KILKENNY_W.h" line="104" column="1" bodyfile="KILKENNY_W.cpp" bodystart="125" bodyend="127"/>
        <referencedby refid="class_k_i_l_k_e_n_n_y___w_1acff3cfb6cc15b4c4bc0dbe5685406393" compoundref="_k_i_l_k_e_n_n_y___w_8h" startline="75" endline="75">operator=</referencedby>
      </memberdef>
      <memberdef kind="function" id="class_k_i_l_k_e_n_n_y___w_1ad35a9d60fff2a3c1088f93ff04e6d9d4" prot="public" static="no" const="no" explicit="no" inline="no" virt="virtual">
        <type>std::string</type>
        <definition>std::string KILKENNY_W::GetShop_address</definition>
        <argsstring>()</argsstring>
        <name>GetShop_address</name>
        <reimplements refid="class_w_a_r_e_h_o_u_s_e_1a50c29c2f95d148239e8b43b8a0046a31">GetShop_address</reimplements>
        <briefdescription>
        </briefdescription>
        <detaileddescription>
        </detaileddescription>
        <inbodydescription>
        </inbodydescription>
        <location file="KILKENNY_W.h" line="105" column="1" bodyfile="KILKENNY_W.cpp" bodystart="129" bodyend="131"/>
        <referencedby refid="class_k_i_l_k_e_n_n_y___w_1aea627b4c0efd0f725363556afe1ad849" compoundref="_k_i_l_k_e_n_n_y___w_8cpp" startline="62" endline="65">toString</referencedby>
        <referencedby refid="class_k_i_l_k_e_n_n_y___w_1acff3cfb6cc15b4c4bc0dbe5685406393" compoundref="_k_i_l_k_e_n_n_y___w_8h" startline="75" endline="75">operator=</referencedby>
      </memberdef>
      </sectiondef>
    <briefdescription>
    </briefdescription>
    <detaileddescription>
<para>Inherit from <ref refid="class_w_a_r_e_h_o_u_s_e" kindref="compound">WAREHOUSE</ref> </para>    </detaileddescription>
    <inheritancegraph>
      <node id="159">
        <label>WAREHOUSE</label>
        <link refid="class_w_a_r_e_h_o_u_s_e"/>
        <childnode refid="160" relation="public-inheritance">
        </childnode>
      </node>
      <node id="160">
        <label>OSTM</label>
        <link refid="class_o_s_t_m"/>
      </node>
      <node id="158">
        <label>KILKENNY_W</label>
        <link refid="class_k_i_l_k_e_n_n_y___w"/>
        <childnode refid="159" relation="public-inheritance">
        </childnode>
      </node>
    </inheritancegraph>
    <collaborationgraph>
      <node id="162">
        <label>WAREHOUSE</label>
        <link refid="class_w_a_r_e_h_o_u_s_e"/>
        <childnode refid="163" relation="public-inheritance">
        </childnode>
      </node>
      <node id="163">
        <label>OSTM</label>
        <link refid="class_o_s_t_m"/>
      </node>
      <node id="161">
        <label>KILKENNY_W</label>
        <link refid="class_k_i_l_k_e_n_n_y___w"/>
        <childnode refid="162" relation="public-inheritance">
        </childnode>
      </node>
    </collaborationgraph>
    <location file="KILKENNY_W.h" line="19" column="1" bodyfile="KILKENNY_W.h" bodystart="19" bodyend="118"/>
    <listofallmembers>
      <member refid="class_k_i_l_k_e_n_n_y___w_1ab1523ca2daf22c518edb3be585485b16" prot="private" virt="non-virtual"><scope>KILKENNY_W</scope><name>_number_of_alcatel</name></member>
      <member refid="class_k_i_l_k_e_n_n_y___w_1a5aedbf8c3815df0d35a94ed9105f6574" prot="private" virt="non-virtual"><scope>KILKENNY_W</scope><name>_number_of_huawei</name></member>
      <member refid="class_k_i_l_k_e_n_n_y___w_1a91935316f3da1d18589f7d02ec0ac24c" prot="private" virt="non-virtual"><scope>KILKENNY_W</scope><name>_number_of_iphones</name></member>
      <member refid="class_k_i_l_k_e_n_n_y___w_1a717b79aedec8f4f76269fc0e83bcd2eb" prot="private" virt="non-virtual"><scope>KILKENNY_W</scope><name>_number_of_nokia</name></member>
      <member refid="class_k_i_l_k_e_n_n_y___w_1abf89dc9f1d933e77c3597d2835c692a0" prot="private" virt="non-virtual"><scope>KILKENNY_W</scope><name>_number_of_samsung</name></member>
      <member refid="class_k_i_l_k_e_n_n_y___w_1a9b12aacf712ccf9e082daf450bbfbe8d" prot="private" virt="non-virtual"><scope>KILKENNY_W</scope><name>_number_of_sony</name></member>
      <member refid="class_k_i_l_k_e_n_n_y___w_1a278c416a60d21ee6ffa400f6d1348fd5" prot="private" virt="non-virtual"><scope>KILKENNY_W</scope><name>_shop_address</name></member>
      <member refid="class_k_i_l_k_e_n_n_y___w_1a3ca31fe82131bef3b13759e6d8b9a83b" prot="private" virt="non-virtual"><scope>KILKENNY_W</scope><name>_shop_name</name></member>
      <member refid="class_k_i_l_k_e_n_n_y___w_1a36a02e862f3563fbab3c94dfec4a0934" prot="public" virt="virtual"><scope>KILKENNY_W</scope><name>copy</name></member>
      <member refid="class_o_s_t_m_1a5a01a8b98d16b1d1904ecf9356e7b71d" prot="public" virt="non-virtual"><scope>KILKENNY_W</scope><name>Get_Unique_ID</name></member>
      <member refid="class_o_s_t_m_1a1f1db9d482f22c8e7caa17dfb340626b" prot="public" virt="non-virtual"><scope>KILKENNY_W</scope><name>Get_Version</name></member>
      <member refid="class_k_i_l_k_e_n_n_y___w_1ad8c5f7f6ac7689fa9acd6cafb0cb69a4" prot="public" virt="virtual"><scope>KILKENNY_W</scope><name>getBaseCopy</name></member>
      <member refid="class_k_i_l_k_e_n_n_y___w_1a8f23cfd2feb57a5b67f16d49c137820f" prot="public" virt="virtual"><scope>KILKENNY_W</scope><name>GetNumber_of_alcatel</name></member>
      <member refid="class_k_i_l_k_e_n_n_y___w_1a0b0689da37856045c9325e6723f78d4b" prot="public" virt="virtual"><scope>KILKENNY_W</scope><name>GetNumber_of_huawei</name></member>
      <member refid="class_k_i_l_k_e_n_n_y___w_1aa8eb9ca20372744a05ab64def268a940" prot="public" virt="virtual"><scope>KILKENNY_W</scope><name>GetNumber_of_iphones</name></member>
      <member refid="class_k_i_l_k_e_n_n_y___w_1ad1e54597be8ac03021520caf851981e4" prot="public" virt="virtual"><scope>KILKENNY_W</scope><name>GetNumber_of_nokia</name></member>
      <member refid="class_k_i_l_k_e_n_n_y___w_1ac73e56bbdb3915546b8774f260edc30e" prot="public" virt="virtual"><scope>KILKENNY_W</scope><name>GetNumber_of_samsung</name></member>
      <member refid="class_k_i_l_k_e_n_n_y___w_1a804254083a84b05b320e5723c0568e6f" prot="public" virt="virtual"><scope>KILKENNY_W</scope><name>GetNumber_of_sony</name></member>
      <member refid="class_k_i_l_k_e_n_n_y___w_1ad35a9d60fff2a3c1088f93ff04e6d9d4" prot="public" virt="virtual"><scope>KILKENNY_W</scope><name>GetShop_address</name></member>
      <member refid="class_k_i_l_k_e_n_n_y___w_1a93dac05f03edc97797f89501aa2af73a" prot="public" virt="virtual"><scope>KILKENNY_W</scope><name>GetShop_name</name></member>
      <member refid="class_o_s_t_m_1a5f90caa4384d371c16b7cac860d9f89a" prot="public" virt="non-virtual"><scope>KILKENNY_W</scope><name>increase_VersionNumber</name></member>
      <member refid="class_o_s_t_m_1afc2851abf5342c3c67342c2c14820115" prot="public" virt="non-virtual"><scope>KILKENNY_W</scope><name>Is_Abort_Transaction</name></member>
      <member refid="class_o_s_t_m_1a8df39ced3b401aa466df97e26d14b1b7" prot="public" virt="non-virtual"><scope>KILKENNY_W</scope><name>Is_Can_Commit</name></member>
      <member refid="class_o_s_t_m_1afb6520023ed2c4a6188b688c46f192d0" prot="public" virt="non-virtual"><scope>KILKENNY_W</scope><name>is_Locked</name></member>
      <member refid="class_k_i_l_k_e_n_n_y___w_1aee4c4b30bc934ff827f0851077b7fbab" prot="public" virt="non-virtual"><scope>KILKENNY_W</scope><name>KILKENNY_W</name></member>
      <member refid="class_k_i_l_k_e_n_n_y___w_1a292872c50225002759ebe70be3c96a72" prot="public" virt="non-virtual"><scope>KILKENNY_W</scope><name>KILKENNY_W</name></member>
      <member refid="class_k_i_l_k_e_n_n_y___w_1a6df9a34ae732b0196391aceecf865089" prot="public" virt="non-virtual"><scope>KILKENNY_W</scope><name>KILKENNY_W</name></member>
      <member refid="class_k_i_l_k_e_n_n_y___w_1a370a1fb0d26d2b80da6e1101921d1564" prot="public" virt="non-virtual"><scope>KILKENNY_W</scope><name>KILKENNY_W</name></member>
      <member refid="class_o_s_t_m_1af192c598a3c647f37aaba5757e60240f" prot="public" virt="non-virtual"><scope>KILKENNY_W</scope><name>lock_Mutex</name></member>
      <member refid="class_k_i_l_k_e_n_n_y___w_1acff3cfb6cc15b4c4bc0dbe5685406393" prot="public" virt="non-virtual"><scope>KILKENNY_W</scope><name>operator=</name></member>
      <member refid="class_o_s_t_m_1a968edf778668bd0ec7603f0571619196" prot="public" virt="non-virtual"><scope>KILKENNY_W</scope><name>OSTM</name></member>
      <member refid="class_o_s_t_m_1a2314f55a127b94aa8a51d19ba798401e" prot="public" virt="non-virtual"><scope>KILKENNY_W</scope><name>OSTM</name></member>
      <member refid="class_o_s_t_m_1aba384cf65c5f56f5b86833730c3c6ea4" prot="public" virt="non-virtual"><scope>KILKENNY_W</scope><name>Set_Abort_Transaction</name></member>
      <member refid="class_o_s_t_m_1a813ee61c9d1c83c6a6ae30d12aca8a5d" prot="public" virt="non-virtual"><scope>KILKENNY_W</scope><name>Set_Can_Commit</name></member>
      <member refid="class_o_s_t_m_1ab5019a32185631c08abbf826422f2d93" prot="public" virt="non-virtual"><scope>KILKENNY_W</scope><name>Set_Unique_ID</name></member>
      <member refid="class_o_s_t_m_1a9529ad8d6d28c1f0cc9b86ed91df1ae1" prot="public" virt="non-virtual"><scope>KILKENNY_W</scope><name>Set_Version</name></member>
      <member refid="class_k_i_l_k_e_n_n_y___w_1ac4c3dbc9e74a4ae6c0a7e88d7a8f80a2" prot="public" virt="virtual"><scope>KILKENNY_W</scope><name>SetNumber_of_alcatel</name></member>
      <member refid="class_k_i_l_k_e_n_n_y___w_1a2b89e05ada24ce0b7055f2b7cfb76e52" prot="public" virt="virtual"><scope>KILKENNY_W</scope><name>SetNumber_of_huawei</name></member>
      <member refid="class_k_i_l_k_e_n_n_y___w_1abdea4a1698ad841e4d758e6b3e3bef62" prot="public" virt="virtual"><scope>KILKENNY_W</scope><name>SetNumber_of_iphones</name></member>
      <member refid="class_k_i_l_k_e_n_n_y___w_1a3306af7f7a306f5198c6d78e6a54bf8f" prot="public" virt="virtual"><scope>KILKENNY_W</scope><name>SetNumber_of_nokia</name></member>
      <member refid="class_k_i_l_k_e_n_n_y___w_1ac9ba94018b97ae9be58bde2690965612" prot="public" virt="virtual"><scope>KILKENNY_W</scope><name>SetNumber_of_samsung</name></member>
      <member refid="class_k_i_l_k_e_n_n_y___w_1a6edadc355823944f30b94039abed1c9a" prot="public" virt="virtual"><scope>KILKENNY_W</scope><name>SetNumber_of_sony</name></member>
      <member refid="class_k_i_l_k_e_n_n_y___w_1ac4ec867027aed72ff28bfe667da084cd" prot="public" virt="virtual"><scope>KILKENNY_W</scope><name>SetShop_address</name></member>
      <member refid="class_k_i_l_k_e_n_n_y___w_1a8670e50802ffeb6a8b4c148c4f5183aa" prot="public" virt="virtual"><scope>KILKENNY_W</scope><name>SetShop_name</name></member>
      <member refid="class_k_i_l_k_e_n_n_y___w_1aea627b4c0efd0f725363556afe1ad849" prot="public" virt="virtual"><scope>KILKENNY_W</scope><name>toString</name></member>
      <member refid="class_o_s_t_m_1a6cd703bc26c719fd95b4f5362d050762" prot="public" virt="non-virtual"><scope>KILKENNY_W</scope><name>unlock_Mutex</name></member>
      <member refid="class_w_a_r_e_h_o_u_s_e_1a7a924d389af91f54ed0e1d1d8d56ec57" prot="public" virt="non-virtual"><scope>KILKENNY_W</scope><name>WAREHOUSE</name></member>
      <member refid="class_w_a_r_e_h_o_u_s_e_1a91a50ed8f6eeb344b1785f750532b18a" prot="public" virt="non-virtual"><scope>KILKENNY_W</scope><name>WAREHOUSE</name></member>
      <member refid="class_w_a_r_e_h_o_u_s_e_1a4782d251d2203377f8e9f331ba3b0a7e" prot="public" virt="non-virtual"><scope>KILKENNY_W</scope><name>WAREHOUSE</name></member>
      <member refid="class_k_i_l_k_e_n_n_y___w_1a5b3f84f505c05449d9a7235f25ff3694" prot="public" virt="virtual"><scope>KILKENNY_W</scope><name>~KILKENNY_W</name></member>
      <member refid="class_o_s_t_m_1a30a17d73d0259c60eeab72d6dfa9ceb1" prot="public" virt="virtual"><scope>KILKENNY_W</scope><name>~OSTM</name></member>
      <member refid="class_w_a_r_e_h_o_u_s_e_1ad5aa686839d7be9bfea33d469c58086b" prot="public" virt="virtual"><scope>KILKENNY_W</scope><name>~WAREHOUSE</name></member>
    </listofallmembers>
  </compounddef>
</doxygen>
