<?xml version='1.0' encoding='UTF-8' standalone='no'?>
<doxygen xmlns:xsi="http://www.w3.org/2001/XMLSchema-instance" xsi:noNamespaceSchemaLocation="compound.xsd" version="1.8.11">
  <compounddef id="class_o_s_t_m" kind="class" language="C++" prot="public">
    <compoundname>OSTM</compoundname>
    <derivedcompoundref refid="class_b_a_n_k" prot="public" virt="non-virtual">BANK</derivedcompoundref>
    <derivedcompoundref refid="class_w_a_r_e_h_o_u_s_e" prot="public" virt="non-virtual">WAREHOUSE</derivedcompoundref>
    <includes refid="_o_s_t_m_8h" local="no">OSTM.h</includes>
      <sectiondef kind="private-attrib">
      <memberdef kind="variable" id="class_o_s_t_m_1a9a6ea36181be2db7f9082d77956511d7" prot="private" static="no" mutable="no">
        <type>int</type>
        <definition>int OSTM::version</definition>
        <argsstring></argsstring>
        <name>version</name>
        <briefdescription>
        </briefdescription>
        <detaileddescription>
        </detaileddescription>
        <inbodydescription>
        </inbodydescription>
        <location file="OSTM.h" line="96" column="1" bodyfile="OSTM.h" bodystart="96" bodyend="-1"/>
      </memberdef>
      <memberdef kind="variable" id="class_o_s_t_m_1aa9fe59368b701af7f70befa23bd6901a" prot="private" static="no" mutable="no">
        <type>int</type>
        <definition>int OSTM::uniqueID</definition>
        <argsstring></argsstring>
        <name>uniqueID</name>
        <briefdescription>
        </briefdescription>
        <detaileddescription>
        </detaileddescription>
        <inbodydescription>
        </inbodydescription>
        <location file="OSTM.h" line="100" column="1" bodyfile="OSTM.h" bodystart="100" bodyend="-1"/>
      </memberdef>
      <memberdef kind="variable" id="class_o_s_t_m_1a2a5b89641af274ddc69bdf8c1c1a07d6" prot="private" static="no" mutable="no">
        <type>bool</type>
        <definition>bool OSTM::canCommit</definition>
        <argsstring></argsstring>
        <name>canCommit</name>
        <briefdescription>
        </briefdescription>
        <detaileddescription>
        </detaileddescription>
        <inbodydescription>
        </inbodydescription>
        <location file="OSTM.h" line="104" column="1" bodyfile="OSTM.h" bodystart="104" bodyend="-1"/>
      </memberdef>
      <memberdef kind="variable" id="class_o_s_t_m_1a5121d9c4b08320b26beca82ba2f85c4a" prot="private" static="no" mutable="no">
        <type>bool</type>
        <definition>bool OSTM::abort_Transaction</definition>
        <argsstring></argsstring>
        <name>abort_Transaction</name>
        <briefdescription>
        </briefdescription>
        <detaileddescription>
        </detaileddescription>
        <inbodydescription>
        </inbodydescription>
        <location file="OSTM.h" line="108" column="1" bodyfile="OSTM.h" bodystart="108" bodyend="-1"/>
      </memberdef>
      <memberdef kind="variable" id="class_o_s_t_m_1a0bb6ae8411d25f8e7b82d0a61729ea89" prot="private" static="no" mutable="no">
        <type>const int</type>
        <definition>const int OSTM::ZERO</definition>
        <argsstring></argsstring>
        <name>ZERO</name>
        <initializer>= 0</initializer>
        <briefdescription>
<para>Meaningful display for value 0. </para>        </briefdescription>
        <detaileddescription>
        </detaileddescription>
        <inbodydescription>
        </inbodydescription>
        <location file="OSTM.h" line="116" column="1" bodyfile="OSTM.h" bodystart="116" bodyend="-1"/>
      </memberdef>
      <memberdef kind="variable" id="class_o_s_t_m_1aaab0921fd1564b793f882a5002ec7106" prot="private" static="no" mutable="no">
        <type>std::mutex</type>
        <definition>std::mutex OSTM::mutex</definition>
        <argsstring></argsstring>
        <name>mutex</name>
        <briefdescription>
<para>Object built in lock. </para>        </briefdescription>
        <detaileddescription>
        </detaileddescription>
        <inbodydescription>
        </inbodydescription>
        <location file="OSTM.h" line="120" column="1" bodyfile="OSTM.h" bodystart="120" bodyend="-1"/>
      </memberdef>
      </sectiondef>
      <sectiondef kind="private-static-attrib">
      <memberdef kind="variable" id="class_o_s_t_m_1acb617b9666d198c0de333c8613df0d4b" prot="private" static="yes" mutable="no">
        <type>int</type>
        <definition>int OSTM::global_Unique_ID_Number</definition>
        <argsstring></argsstring>
        <name>global_Unique_ID_Number</name>
        <initializer>= 0</initializer>
        <briefdescription>
<para>Unique object number increase at object creation. </para>        </briefdescription>
        <detaileddescription>
        </detaileddescription>
        <inbodydescription>
        </inbodydescription>
        <location file="OSTM.h" line="112" column="1" bodyfile="OSTM.h" bodystart="112" bodyend="-1"/>
      </memberdef>
      </sectiondef>
      <sectiondef kind="public-func">
      <memberdef kind="function" id="class_o_s_t_m_1a968edf778668bd0ec7603f0571619196" prot="public" static="no" const="no" explicit="no" inline="no" virt="non-virtual">
        <type></type>
        <definition>OSTM::OSTM</definition>
        <argsstring>()</argsstring>
        <name>OSTM</name>
        <briefdescription>
<para><ref refid="class_o_s_t_m" kindref="compound">OSTM</ref> Constructor. </para>        </briefdescription>
        <detaileddescription>
<para>Default constructor.</para><para><parameterlist kind="param"><parameteritem>
<parameternamelist>
<parametername>version</parametername>
</parameternamelist>
<parameterdescription>
<para>indicates the version number of the inherited child pointer </para></parameterdescription>
</parameteritem>
<parameteritem>
<parameternamelist>
<parametername>uniqueID</parametername>
</parameternamelist>
<parameterdescription>
<para>is a unique identifier assigned to every object registered in <ref refid="class_o_s_t_m" kindref="compound">OSTM</ref> library </para></parameterdescription>
</parameteritem>
<parameteritem>
<parameternamelist>
<parametername>canCommit</parametername>
</parameternamelist>
<parameterdescription>
<para>NOT USED YET </para></parameterdescription>
</parameteritem>
<parameteritem>
<parameternamelist>
<parametername>abort_Transaction</parametername>
</parameternamelist>
<parameterdescription>
<para>NOT USED YET </para></parameterdescription>
</parameteritem>
</parameterlist>
</para>        </detaileddescription>
        <inbodydescription>
        </inbodydescription>
        <location file="OSTM.h" line="22" column="1" bodyfile="OSTM.cpp" bodystart="20" bodyend="26"/>
      </memberdef>
      <memberdef kind="function" id="class_o_s_t_m_1a2314f55a127b94aa8a51d19ba798401e" prot="public" static="no" const="no" explicit="no" inline="no" virt="non-virtual">
        <type></type>
        <definition>OSTM::OSTM</definition>
        <argsstring>(int _version_number_, int _unique_id_)</argsstring>
        <name>OSTM</name>
        <param>
          <type>int</type>
          <declname>_version_number_</declname>
        </param>
        <param>
          <type>int</type>
          <declname>_unique_id_</declname>
        </param>
        <briefdescription>
<para><ref refid="class_o_s_t_m" kindref="compound">OSTM</ref> Custom Constructor. </para>        </briefdescription>
        <detaileddescription>
<para>Custom Constructor Used for copy object.</para><para><parameterlist kind="param"><parameteritem>
<parameternamelist>
<parametername>version</parametername>
</parameternamelist>
<parameterdescription>
<para>indicates the version number of the inherited child pointer </para></parameterdescription>
</parameteritem>
<parameteritem>
<parameternamelist>
<parametername>uniqueID</parametername>
</parameternamelist>
<parameterdescription>
<para>is a unique identifier assigned to every object registered in <ref refid="class_o_s_t_m" kindref="compound">OSTM</ref> library </para></parameterdescription>
</parameteritem>
<parameteritem>
<parameternamelist>
<parametername>canCommit</parametername>
</parameternamelist>
<parameterdescription>
<para>NOT USED YET </para></parameterdescription>
</parameteritem>
<parameteritem>
<parameternamelist>
<parametername>abort_Transaction</parametername>
</parameternamelist>
<parameterdescription>
<para>NOT USED YET </para></parameterdescription>
</parameteritem>
</parameterlist>
</para>        </detaileddescription>
        <inbodydescription>
        </inbodydescription>
        <location file="OSTM.h" line="26" column="1" bodyfile="OSTM.cpp" bodystart="36" bodyend="43"/>
      </memberdef>
      <memberdef kind="function" id="class_o_s_t_m_1a30a17d73d0259c60eeab72d6dfa9ceb1" prot="public" static="no" const="no" explicit="no" inline="no" virt="virtual">
        <type></type>
        <definition>OSTM::~OSTM</definition>
        <argsstring>()</argsstring>
        <name>~OSTM</name>
        <briefdescription>
<para>De-constructor. </para>        </briefdescription>
        <detaileddescription>
<para>De-constructor </para>        </detaileddescription>
        <inbodydescription>
        </inbodydescription>
        <location file="OSTM.h" line="30" column="1" bodyfile="OSTM.cpp" bodystart="48" bodyend="50"/>
      </memberdef>
      <memberdef kind="function" id="class_o_s_t_m_1a535d90fced5adbb70312c92f3778e08d" prot="public" static="no" const="no" explicit="no" inline="yes" virt="virtual">
        <type>void</type>
        <definition>virtual void OSTM::copy</definition>
        <argsstring>(std::shared_ptr&lt; OSTM &gt; from, std::shared_ptr&lt; OSTM &gt; to)</argsstring>
        <name>copy</name>
        <reimplementedby refid="class_u_n_b_l_1a14d5e1adc618827667d8d9524abaf31b">copy</reimplementedby>
        <reimplementedby refid="class_u_l_s_t_e_r_1aeef5c3e20f2a82344b4b83e5ccf4cc40">copy</reimplementedby>
        <reimplementedby refid="class_s_w_b_p_l_c_1a9468640482a6cfb9bfb4115fc59191d5">copy</reimplementedby>
        <reimplementedby refid="class_b_o_a_1a54fbcabb55b22fb72f45986768974403">copy</reimplementedby>
        <reimplementedby refid="class_b_o_i_1a9ff2d32c25c23a1bea6316f50c3bf677">copy</reimplementedby>
        <reimplementedby refid="class_a_i_b_1ad76f25ce86cb42028440f41c371903e0">copy</reimplementedby>
        <reimplementedby refid="class_k_i_l_k_e_n_n_y___w_1a36a02e862f3563fbab3c94dfec4a0934">copy</reimplementedby>
        <reimplementedby refid="class_d_u_n_d_a_l_k___w_1a850117e656ee2961317f758e70e5d143">copy</reimplementedby>
        <reimplementedby refid="class_c_a_r_p_h_o_n_e___w_a_r_e_h_o_u_s_e_1ab9ecf71cd2728f348a5b61df698e054c">copy</reimplementedby>
        <reimplementedby refid="class_c_a_r_l_o_w___w_1ac91cb7cbae77752e334e273b97fb988b">copy</reimplementedby>
        <reimplementedby refid="class_t_a_l_l_a_g_h___w_1a7cd62cf694fbe8c6242916f26df8f6ca">copy</reimplementedby>
        <reimplementedby refid="class_s_l_i_g_o___w_1acd5ae7347e6ca94c52eb013e07a66116">copy</reimplementedby>
        <param>
          <type>std::shared_ptr&lt; <ref refid="class_o_s_t_m" kindref="compound">OSTM</ref> &gt;</type>
          <declname>from</declname>
        </param>
        <param>
          <type>std::shared_ptr&lt; <ref refid="class_o_s_t_m" kindref="compound">OSTM</ref> &gt;</type>
          <declname>to</declname>
        </param>
        <briefdescription>
<para><ref refid="class_o_s_t_m" kindref="compound">OSTM</ref> required virtual method for deep copy. </para>        </briefdescription>
        <detaileddescription>
        </detaileddescription>
        <inbodydescription>
        </inbodydescription>
        <location file="OSTM.h" line="34" column="1" bodyfile="OSTM.h" bodystart="34" bodyend="34"/>
      </memberdef>
      <memberdef kind="function" id="class_o_s_t_m_1a0bfa3763bd441407dd6365f42714f94c" prot="public" static="no" const="no" explicit="no" inline="yes" virt="virtual">
        <type>std::shared_ptr&lt; <ref refid="class_o_s_t_m" kindref="compound">OSTM</ref> &gt;</type>
        <definition>virtual std::shared_ptr&lt;OSTM&gt; OSTM::getBaseCopy</definition>
        <argsstring>(std::shared_ptr&lt; OSTM &gt; object)</argsstring>
        <name>getBaseCopy</name>
        <reimplementedby refid="class_u_n_b_l_1a5dfe7f9e5fbb66abff9a73e40e803887">getBaseCopy</reimplementedby>
        <reimplementedby refid="class_u_l_s_t_e_r_1ad0c05e562b0c67283edfa4940c9aa728">getBaseCopy</reimplementedby>
        <reimplementedby refid="class_s_w_b_p_l_c_1a77f0e0d6c08a95066d277bf6b2073a5c">getBaseCopy</reimplementedby>
        <reimplementedby refid="class_b_o_i_1ad53ae2918a656793b9d7a670d35ecfa3">getBaseCopy</reimplementedby>
        <reimplementedby refid="class_b_o_a_1a46ace5d3c945a423e93912673cadfad5">getBaseCopy</reimplementedby>
        <reimplementedby refid="class_a_i_b_1a987107f3d7a04790f84c1e7eeee37575">getBaseCopy</reimplementedby>
        <reimplementedby refid="class_k_i_l_k_e_n_n_y___w_1ad8c5f7f6ac7689fa9acd6cafb0cb69a4">getBaseCopy</reimplementedby>
        <reimplementedby refid="class_d_u_n_d_a_l_k___w_1a06cbcac20829906b710962967795d4e6">getBaseCopy</reimplementedby>
        <reimplementedby refid="class_c_a_r_p_h_o_n_e___w_a_r_e_h_o_u_s_e_1a1d3b2f023c0d6e715416f1e87e7245bb">getBaseCopy</reimplementedby>
        <reimplementedby refid="class_c_a_r_l_o_w___w_1a1a76566c3a7c01cf469007741dac6b97">getBaseCopy</reimplementedby>
        <reimplementedby refid="class_t_a_l_l_a_g_h___w_1a51957c778c31d56f98febdf294f88a4c">getBaseCopy</reimplementedby>
        <reimplementedby refid="class_s_l_i_g_o___w_1a37ead49afd27bfe7e404d1d7626f09fe">getBaseCopy</reimplementedby>
        <param>
          <type>std::shared_ptr&lt; <ref refid="class_o_s_t_m" kindref="compound">OSTM</ref> &gt;</type>
          <declname>object</declname>
        </param>
        <briefdescription>
<para><ref refid="class_o_s_t_m" kindref="compound">OSTM</ref> required virtual method for returning a pointer that is copy of the original pointer. </para>        </briefdescription>
        <detaileddescription>
        </detaileddescription>
        <inbodydescription>
        </inbodydescription>
        <location file="OSTM.h" line="38" column="1" bodyfile="OSTM.h" bodystart="38" bodyend="38"/>
      </memberdef>
      <memberdef kind="function" id="class_o_s_t_m_1a513396a115f2987fd07c203309ae8a59" prot="public" static="no" const="no" explicit="no" inline="yes" virt="virtual">
        <type>void</type>
        <definition>virtual void OSTM::toString</definition>
        <argsstring>()</argsstring>
        <name>toString</name>
        <reimplementedby refid="class_u_n_b_l_1a76d8bba21d64d79d8de63763b8acc1fd">toString</reimplementedby>
        <reimplementedby refid="class_u_l_s_t_e_r_1a341bbcb3f7d6ef10f30d4734ceed10ee">toString</reimplementedby>
        <reimplementedby refid="class_s_w_b_p_l_c_1a761c77b5a204b4ae05ffb01bd602c3c2">toString</reimplementedby>
        <reimplementedby refid="class_b_o_i_1ab02a4dd4ebcc5b2abfaca19f2dff2006">toString</reimplementedby>
        <reimplementedby refid="class_b_o_a_1a348df0299997f81bcad0ec034dab0b8d">toString</reimplementedby>
        <reimplementedby refid="class_a_i_b_1aff0f0a0db75a17efec4bd500b888232d">toString</reimplementedby>
        <reimplementedby refid="class_k_i_l_k_e_n_n_y___w_1aea627b4c0efd0f725363556afe1ad849">toString</reimplementedby>
        <reimplementedby refid="class_d_u_n_d_a_l_k___w_1aef2a8301835c60c21f9f3199259fed87">toString</reimplementedby>
        <reimplementedby refid="class_c_a_r_l_o_w___w_1a79e683650f861b59752fb027a5f16e5a">toString</reimplementedby>
        <reimplementedby refid="class_t_a_l_l_a_g_h___w_1ac7a438b7511cf2931490e6b44eff4a49">toString</reimplementedby>
        <reimplementedby refid="class_s_l_i_g_o___w_1a8f49deaa85f48ff29dd8cdeb7c9dda56">toString</reimplementedby>
        <reimplementedby refid="class_c_a_r_p_h_o_n_e___w_a_r_e_h_o_u_s_e_1a4d96bb512ffcd1e0b13f632cb7fd242b">toString</reimplementedby>
        <briefdescription>
<para><ref refid="class_o_s_t_m" kindref="compound">OSTM</ref> required virtual method for display object. </para>        </briefdescription>
        <detaileddescription>
        </detaileddescription>
        <inbodydescription>
        </inbodydescription>
        <location file="OSTM.h" line="42" column="1" bodyfile="OSTM.h" bodystart="42" bodyend="42"/>
        <references refid="class_o_s_t_m_1ab5019a32185631c08abbf826422f2d93" compoundref="_o_s_t_m_8cpp" startline="66" endline="68">Set_Unique_ID</references>
        <references refid="class_o_s_t_m_1a5a01a8b98d16b1d1904ecf9356e7b71d" compoundref="_o_s_t_m_8cpp" startline="73" endline="76">Get_Unique_ID</references>
        <references refid="class_o_s_t_m_1a9529ad8d6d28c1f0cc9b86ed91df1ae1" compoundref="_o_s_t_m_8cpp" startline="81" endline="84">Set_Version</references>
        <references refid="class_o_s_t_m_1a1f1db9d482f22c8e7caa17dfb340626b" compoundref="_o_s_t_m_8cpp" startline="89" endline="92">Get_Version</references>
        <references refid="class_o_s_t_m_1a5f90caa4384d371c16b7cac860d9f89a" compoundref="_o_s_t_m_8cpp" startline="97" endline="100">increase_VersionNumber</references>
        <references refid="class_o_s_t_m_1a8df39ced3b401aa466df97e26d14b1b7" compoundref="_o_s_t_m_8cpp" startline="112" endline="114">Is_Can_Commit</references>
        <references refid="class_o_s_t_m_1a813ee61c9d1c83c6a6ae30d12aca8a5d" compoundref="_o_s_t_m_8cpp" startline="105" endline="107">Set_Can_Commit</references>
        <references refid="class_o_s_t_m_1aba384cf65c5f56f5b86833730c3c6ea4" compoundref="_o_s_t_m_8cpp" startline="119" endline="121">Set_Abort_Transaction</references>
        <references refid="class_o_s_t_m_1afc2851abf5342c3c67342c2c14820115" compoundref="_o_s_t_m_8cpp" startline="126" endline="128">Is_Abort_Transaction</references>
        <references refid="class_o_s_t_m_1af192c598a3c647f37aaba5757e60240f" compoundref="_o_s_t_m_8cpp" startline="133" endline="135">lock_Mutex</references>
        <references refid="class_o_s_t_m_1a6cd703bc26c719fd95b4f5362d050762" compoundref="_o_s_t_m_8cpp" startline="140" endline="142">unlock_Mutex</references>
        <references refid="class_o_s_t_m_1afb6520023ed2c4a6188b688c46f192d0" compoundref="_o_s_t_m_8cpp" startline="147" endline="149">is_Locked</references>
      </memberdef>
      <memberdef kind="function" id="class_o_s_t_m_1ab5019a32185631c08abbf826422f2d93" prot="public" static="no" const="no" explicit="no" inline="no" virt="non-virtual">
        <type>void</type>
        <definition>void OSTM::Set_Unique_ID</definition>
        <argsstring>(int uniqueID)</argsstring>
        <name>Set_Unique_ID</name>
        <param>
          <type>int</type>
          <declname>uniqueID</declname>
        </param>
        <briefdescription>
<para>setter for unique id </para>        </briefdescription>
        <detaileddescription>
<para><parameterlist kind="param"><parameteritem>
<parameternamelist>
<parametername>uniqueID</parametername>
</parameternamelist>
<parameterdescription>
<para>int </para></parameterdescription>
</parameteritem>
</parameterlist>
</para>        </detaileddescription>
        <inbodydescription>
        </inbodydescription>
        <location file="OSTM.h" line="46" column="1" bodyfile="OSTM.cpp" bodystart="66" bodyend="68"/>
        <referencedby refid="class_a_i_b_1ad76f25ce86cb42028440f41c371903e0" compoundref="_a_i_b_8cpp" startline="37" endline="45">AIB::copy</referencedby>
        <referencedby refid="class_b_o_a_1a54fbcabb55b22fb72f45986768974403" compoundref="_b_o_a_8cpp" startline="34" endline="43">BOA::copy</referencedby>
        <referencedby refid="class_b_o_i_1a9ff2d32c25c23a1bea6316f50c3bf677" compoundref="_b_o_i_8cpp" startline="35" endline="43">BOI::copy</referencedby>
        <referencedby refid="class_o_s_t_m_1a513396a115f2987fd07c203309ae8a59" compoundref="_o_s_t_m_8h" startline="42" endline="42">toString</referencedby>
        <referencedby refid="class_s_w_b_p_l_c_1a9468640482a6cfb9bfb4115fc59191d5" compoundref="_s_w_b_p_l_c_8cpp" startline="34" endline="44">SWBPLC::copy</referencedby>
        <referencedby refid="class_u_l_s_t_e_r_1aeef5c3e20f2a82344b4b83e5ccf4cc40" compoundref="_u_l_s_t_e_r_8cpp" startline="37" endline="47">ULSTER::copy</referencedby>
        <referencedby refid="class_u_n_b_l_1a14d5e1adc618827667d8d9524abaf31b" compoundref="_u_n_b_l_8cpp" startline="33" endline="42">UNBL::copy</referencedby>
      </memberdef>
      <memberdef kind="function" id="class_o_s_t_m_1a5a01a8b98d16b1d1904ecf9356e7b71d" prot="public" static="no" const="yes" explicit="no" inline="no" virt="non-virtual">
        <type>int</type>
        <definition>int OSTM::Get_Unique_ID</definition>
        <argsstring>() const </argsstring>
        <name>Get_Unique_ID</name>
        <briefdescription>
<para>getter for unique id </para>        </briefdescription>
        <detaileddescription>
<para><parameterlist kind="param"><parameteritem>
<parameternamelist>
<parametername>uniqueID</parametername>
</parameternamelist>
<parameterdescription>
<para>int </para></parameterdescription>
</parameteritem>
</parameterlist>
</para>        </detaileddescription>
        <inbodydescription>
        </inbodydescription>
        <location file="OSTM.h" line="50" column="1" bodyfile="OSTM.cpp" bodystart="73" bodyend="76"/>
        <referencedby refid="class_a_i_b_1aff0f0a0db75a17efec4bd500b888232d" compoundref="_a_i_b_8cpp" startline="56" endline="59">AIB::toString</referencedby>
        <referencedby refid="class_b_o_a_1a348df0299997f81bcad0ec034dab0b8d" compoundref="_b_o_a_8cpp" startline="54" endline="58">BOA::toString</referencedby>
        <referencedby refid="class_b_o_i_1ab02a4dd4ebcc5b2abfaca19f2dff2006" compoundref="_b_o_i_8cpp" startline="54" endline="57">BOI::toString</referencedby>
        <referencedby refid="class_c_a_r_l_o_w___w_1a79e683650f861b59752fb027a5f16e5a" compoundref="_c_a_r_l_o_w___w_8cpp" startline="64" endline="67">CARLOW_W::toString</referencedby>
        <referencedby refid="class_c_a_r_p_h_o_n_e___w_a_r_e_h_o_u_s_e_1a4d96bb512ffcd1e0b13f632cb7fd242b" compoundref="_c_a_r_p_h_o_n_e___w_a_r_e_h_o_u_s_e_8cpp" startline="60" endline="63">CARPHONE_WAREHOUSE::toString</referencedby>
        <referencedby refid="class_d_u_n_d_a_l_k___w_1aef2a8301835c60c21f9f3199259fed87" compoundref="_d_u_n_d_a_l_k___w_8cpp" startline="62" endline="65">DUNDALK_W::toString</referencedby>
        <referencedby refid="class_k_i_l_k_e_n_n_y___w_1aea627b4c0efd0f725363556afe1ad849" compoundref="_k_i_l_k_e_n_n_y___w_8cpp" startline="62" endline="65">KILKENNY_W::toString</referencedby>
        <referencedby refid="class_o_s_t_m_1a513396a115f2987fd07c203309ae8a59" compoundref="_o_s_t_m_8h" startline="42" endline="42">toString</referencedby>
        <referencedby refid="class_s_l_i_g_o___w_1a8f49deaa85f48ff29dd8cdeb7c9dda56" compoundref="_s_l_i_g_o___w_8cpp" startline="62" endline="65">SLIGO_W::toString</referencedby>
        <referencedby refid="class_s_w_b_p_l_c_1a761c77b5a204b4ae05ffb01bd602c3c2" compoundref="_s_w_b_p_l_c_8cpp" startline="55" endline="58">SWBPLC::toString</referencedby>
        <referencedby refid="class_t_a_l_l_a_g_h___w_1ac7a438b7511cf2931490e6b44eff4a49" compoundref="_t_a_l_l_a_g_h___w_8cpp" startline="62" endline="65">TALLAGH_W::toString</referencedby>
        <referencedby refid="class_u_l_s_t_e_r_1a341bbcb3f7d6ef10f30d4734ceed10ee" compoundref="_u_l_s_t_e_r_8cpp" startline="58" endline="61">ULSTER::toString</referencedby>
        <referencedby refid="class_u_n_b_l_1a76d8bba21d64d79d8de63763b8acc1fd" compoundref="_u_n_b_l_8cpp" startline="53" endline="56">UNBL::toString</referencedby>
      </memberdef>
      <memberdef kind="function" id="class_o_s_t_m_1a9529ad8d6d28c1f0cc9b86ed91df1ae1" prot="public" static="no" const="no" explicit="no" inline="no" virt="non-virtual">
        <type>void</type>
        <definition>void OSTM::Set_Version</definition>
        <argsstring>(int version)</argsstring>
        <name>Set_Version</name>
        <param>
          <type>int</type>
          <declname>version</declname>
        </param>
        <briefdescription>
<para>setter for version number </para>        </briefdescription>
        <detaileddescription>
<para><parameterlist kind="param"><parameteritem>
<parameternamelist>
<parametername>version</parametername>
</parameternamelist>
<parameterdescription>
<para>int </para></parameterdescription>
</parameteritem>
</parameterlist>
</para>        </detaileddescription>
        <inbodydescription>
        </inbodydescription>
        <location file="OSTM.h" line="54" column="1" bodyfile="OSTM.cpp" bodystart="81" bodyend="84"/>
        <referencedby refid="class_o_s_t_m_1a513396a115f2987fd07c203309ae8a59" compoundref="_o_s_t_m_8h" startline="42" endline="42">toString</referencedby>
      </memberdef>
      <memberdef kind="function" id="class_o_s_t_m_1a1f1db9d482f22c8e7caa17dfb340626b" prot="public" static="no" const="yes" explicit="no" inline="no" virt="non-virtual">
        <type>int</type>
        <definition>int OSTM::Get_Version</definition>
        <argsstring>() const </argsstring>
        <name>Get_Version</name>
        <briefdescription>
<para>getter for version number </para>        </briefdescription>
        <detaileddescription>
<para><parameterlist kind="param"><parameteritem>
<parameternamelist>
<parametername>version</parametername>
</parameternamelist>
<parameterdescription>
<para>int </para></parameterdescription>
</parameteritem>
</parameterlist>
</para>        </detaileddescription>
        <inbodydescription>
        </inbodydescription>
        <location file="OSTM.h" line="58" column="1" bodyfile="OSTM.cpp" bodystart="89" bodyend="92"/>
        <referencedby refid="class_a_i_b_1aff0f0a0db75a17efec4bd500b888232d" compoundref="_a_i_b_8cpp" startline="56" endline="59">AIB::toString</referencedby>
        <referencedby refid="class_b_o_a_1a348df0299997f81bcad0ec034dab0b8d" compoundref="_b_o_a_8cpp" startline="54" endline="58">BOA::toString</referencedby>
        <referencedby refid="class_b_o_i_1ab02a4dd4ebcc5b2abfaca19f2dff2006" compoundref="_b_o_i_8cpp" startline="54" endline="57">BOI::toString</referencedby>
        <referencedby refid="class_c_a_r_l_o_w___w_1a79e683650f861b59752fb027a5f16e5a" compoundref="_c_a_r_l_o_w___w_8cpp" startline="64" endline="67">CARLOW_W::toString</referencedby>
        <referencedby refid="class_c_a_r_p_h_o_n_e___w_a_r_e_h_o_u_s_e_1a4d96bb512ffcd1e0b13f632cb7fd242b" compoundref="_c_a_r_p_h_o_n_e___w_a_r_e_h_o_u_s_e_8cpp" startline="60" endline="63">CARPHONE_WAREHOUSE::toString</referencedby>
        <referencedby refid="class_d_u_n_d_a_l_k___w_1aef2a8301835c60c21f9f3199259fed87" compoundref="_d_u_n_d_a_l_k___w_8cpp" startline="62" endline="65">DUNDALK_W::toString</referencedby>
        <referencedby refid="class_k_i_l_k_e_n_n_y___w_1aea627b4c0efd0f725363556afe1ad849" compoundref="_k_i_l_k_e_n_n_y___w_8cpp" startline="62" endline="65">KILKENNY_W::toString</referencedby>
        <referencedby refid="class_o_s_t_m_1a513396a115f2987fd07c203309ae8a59" compoundref="_o_s_t_m_8h" startline="42" endline="42">toString</referencedby>
        <referencedby refid="class_s_l_i_g_o___w_1a8f49deaa85f48ff29dd8cdeb7c9dda56" compoundref="_s_l_i_g_o___w_8cpp" startline="62" endline="65">SLIGO_W::toString</referencedby>
        <referencedby refid="class_s_w_b_p_l_c_1a761c77b5a204b4ae05ffb01bd602c3c2" compoundref="_s_w_b_p_l_c_8cpp" startline="55" endline="58">SWBPLC::toString</referencedby>
        <referencedby refid="class_t_a_l_l_a_g_h___w_1ac7a438b7511cf2931490e6b44eff4a49" compoundref="_t_a_l_l_a_g_h___w_8cpp" startline="62" endline="65">TALLAGH_W::toString</referencedby>
        <referencedby refid="class_u_l_s_t_e_r_1a341bbcb3f7d6ef10f30d4734ceed10ee" compoundref="_u_l_s_t_e_r_8cpp" startline="58" endline="61">ULSTER::toString</referencedby>
        <referencedby refid="class_u_n_b_l_1a76d8bba21d64d79d8de63763b8acc1fd" compoundref="_u_n_b_l_8cpp" startline="53" endline="56">UNBL::toString</referencedby>
      </memberdef>
      <memberdef kind="function" id="class_o_s_t_m_1a5f90caa4384d371c16b7cac860d9f89a" prot="public" static="no" const="no" explicit="no" inline="no" virt="non-virtual">
        <type>void</type>
        <definition>void OSTM::increase_VersionNumber</definition>
        <argsstring>()</argsstring>
        <name>increase_VersionNumber</name>
        <briefdescription>
<para>commit time increase version number to child object </para>        </briefdescription>
        <detaileddescription>
<para><parameterlist kind="param"><parameteritem>
<parameternamelist>
<parametername>version</parametername>
</parameternamelist>
<parameterdescription>
<para>int </para></parameterdescription>
</parameteritem>
</parameterlist>
</para>        </detaileddescription>
        <inbodydescription>
        </inbodydescription>
        <location file="OSTM.h" line="62" column="1" bodyfile="OSTM.cpp" bodystart="97" bodyend="100"/>
        <referencedby refid="class_o_s_t_m_1a513396a115f2987fd07c203309ae8a59" compoundref="_o_s_t_m_8h" startline="42" endline="42">toString</referencedby>
      </memberdef>
      <memberdef kind="function" id="class_o_s_t_m_1a8df39ced3b401aa466df97e26d14b1b7" prot="public" static="no" const="yes" explicit="no" inline="no" virt="non-virtual">
        <type>bool</type>
        <definition>bool OSTM::Is_Can_Commit</definition>
        <argsstring>() const </argsstring>
        <name>Is_Can_Commit</name>
        <briefdescription>
<para>NOT USED YET. </para>        </briefdescription>
        <detaileddescription>
<para><parameterlist kind="param"><parameteritem>
<parameternamelist>
<parametername>canCommit</parametername>
</parameternamelist>
<parameterdescription>
<para>boolean </para></parameterdescription>
</parameteritem>
</parameterlist>
</para>        </detaileddescription>
        <inbodydescription>
        </inbodydescription>
        <location file="OSTM.h" line="66" column="1" bodyfile="OSTM.cpp" bodystart="112" bodyend="114"/>
        <referencedby refid="class_o_s_t_m_1a513396a115f2987fd07c203309ae8a59" compoundref="_o_s_t_m_8h" startline="42" endline="42">toString</referencedby>
      </memberdef>
      <memberdef kind="function" id="class_o_s_t_m_1a813ee61c9d1c83c6a6ae30d12aca8a5d" prot="public" static="no" const="no" explicit="no" inline="no" virt="non-virtual">
        <type>void</type>
        <definition>void OSTM::Set_Can_Commit</definition>
        <argsstring>(bool canCommit)</argsstring>
        <name>Set_Can_Commit</name>
        <param>
          <type>bool</type>
          <declname>canCommit</declname>
        </param>
        <briefdescription>
<para>NOT USED YET. </para>        </briefdescription>
        <detaileddescription>
<para><parameterlist kind="param"><parameteritem>
<parameternamelist>
<parametername>canCommit</parametername>
</parameternamelist>
<parameterdescription>
<para>boolean </para></parameterdescription>
</parameteritem>
</parameterlist>
</para>        </detaileddescription>
        <inbodydescription>
        </inbodydescription>
        <location file="OSTM.h" line="70" column="1" bodyfile="OSTM.cpp" bodystart="105" bodyend="107"/>
        <referencedby refid="class_o_s_t_m_1a513396a115f2987fd07c203309ae8a59" compoundref="_o_s_t_m_8h" startline="42" endline="42">toString</referencedby>
      </memberdef>
      <memberdef kind="function" id="class_o_s_t_m_1aba384cf65c5f56f5b86833730c3c6ea4" prot="public" static="no" const="no" explicit="no" inline="no" virt="non-virtual">
        <type>void</type>
        <definition>void OSTM::Set_Abort_Transaction</definition>
        <argsstring>(bool abortTransaction)</argsstring>
        <name>Set_Abort_Transaction</name>
        <param>
          <type>bool</type>
          <declname>abortTransaction</declname>
        </param>
        <briefdescription>
<para>NOT USED YET. </para>        </briefdescription>
        <detaileddescription>
<para><parameterlist kind="param"><parameteritem>
<parameternamelist>
<parametername>abort_Transaction</parametername>
</parameternamelist>
<parameterdescription>
<para>boolean </para></parameterdescription>
</parameteritem>
</parameterlist>
</para>        </detaileddescription>
        <inbodydescription>
        </inbodydescription>
        <location file="OSTM.h" line="74" column="1" bodyfile="OSTM.cpp" bodystart="119" bodyend="121"/>
        <referencedby refid="class_o_s_t_m_1a513396a115f2987fd07c203309ae8a59" compoundref="_o_s_t_m_8h" startline="42" endline="42">toString</referencedby>
      </memberdef>
      <memberdef kind="function" id="class_o_s_t_m_1afc2851abf5342c3c67342c2c14820115" prot="public" static="no" const="yes" explicit="no" inline="no" virt="non-virtual">
        <type>bool</type>
        <definition>bool OSTM::Is_Abort_Transaction</definition>
        <argsstring>() const </argsstring>
        <name>Is_Abort_Transaction</name>
        <briefdescription>
<para>NOT USED YET. </para>        </briefdescription>
        <detaileddescription>
<para><parameterlist kind="param"><parameteritem>
<parameternamelist>
<parametername>abort_Transaction</parametername>
</parameternamelist>
<parameterdescription>
<para>boolean </para></parameterdescription>
</parameteritem>
</parameterlist>
</para>        </detaileddescription>
        <inbodydescription>
        </inbodydescription>
        <location file="OSTM.h" line="78" column="1" bodyfile="OSTM.cpp" bodystart="126" bodyend="128"/>
        <referencedby refid="class_o_s_t_m_1a513396a115f2987fd07c203309ae8a59" compoundref="_o_s_t_m_8h" startline="42" endline="42">toString</referencedby>
      </memberdef>
      <memberdef kind="function" id="class_o_s_t_m_1af192c598a3c647f37aaba5757e60240f" prot="public" static="no" const="no" explicit="no" inline="no" virt="non-virtual">
        <type>void</type>
        <definition>void OSTM::lock_Mutex</definition>
        <argsstring>()</argsstring>
        <name>lock_Mutex</name>
        <briefdescription>
<para>object unique lock, locks mutex </para>        </briefdescription>
        <detaileddescription>
<para><parameterlist kind="param"><parameteritem>
<parameternamelist>
<parametername>mutex</parametername>
</parameternamelist>
<parameterdescription>
<para>std::mutex </para></parameterdescription>
</parameteritem>
</parameterlist>
</para>        </detaileddescription>
        <inbodydescription>
        </inbodydescription>
        <location file="OSTM.h" line="82" column="1" bodyfile="OSTM.cpp" bodystart="133" bodyend="135"/>
        <referencedby refid="class_o_s_t_m_1a513396a115f2987fd07c203309ae8a59" compoundref="_o_s_t_m_8h" startline="42" endline="42">toString</referencedby>
      </memberdef>
      <memberdef kind="function" id="class_o_s_t_m_1a6cd703bc26c719fd95b4f5362d050762" prot="public" static="no" const="no" explicit="no" inline="no" virt="non-virtual">
        <type>void</type>
        <definition>void OSTM::unlock_Mutex</definition>
        <argsstring>()</argsstring>
        <name>unlock_Mutex</name>
        <briefdescription>
<para>object unique lock, unlocks mutex </para>        </briefdescription>
        <detaileddescription>
<para><parameterlist kind="param"><parameteritem>
<parameternamelist>
<parametername>mutex</parametername>
</parameternamelist>
<parameterdescription>
<para>std::mutex </para></parameterdescription>
</parameteritem>
</parameterlist>
</para>        </detaileddescription>
        <inbodydescription>
        </inbodydescription>
        <location file="OSTM.h" line="86" column="1" bodyfile="OSTM.cpp" bodystart="140" bodyend="142"/>
        <referencedby refid="class_o_s_t_m_1a513396a115f2987fd07c203309ae8a59" compoundref="_o_s_t_m_8h" startline="42" endline="42">toString</referencedby>
      </memberdef>
      <memberdef kind="function" id="class_o_s_t_m_1afb6520023ed2c4a6188b688c46f192d0" prot="public" static="no" const="no" explicit="no" inline="no" virt="non-virtual">
        <type>bool</type>
        <definition>bool OSTM::is_Locked</definition>
        <argsstring>()</argsstring>
        <name>is_Locked</name>
        <briefdescription>
<para>object unique lock, try locks mutex return boolean value depends on the lock state </para>        </briefdescription>
        <detaileddescription>
<para><parameterlist kind="param"><parameteritem>
<parameternamelist>
<parametername>mutex</parametername>
</parameternamelist>
<parameterdescription>
<para>std::mutex </para></parameterdescription>
</parameteritem>
</parameterlist>
</para>        </detaileddescription>
        <inbodydescription>
        </inbodydescription>
        <location file="OSTM.h" line="90" column="1" bodyfile="OSTM.cpp" bodystart="147" bodyend="149"/>
        <referencedby refid="class_o_s_t_m_1a513396a115f2987fd07c203309ae8a59" compoundref="_o_s_t_m_8h" startline="42" endline="42">toString</referencedby>
      </memberdef>
      </sectiondef>
      <sectiondef kind="private-func">
      <memberdef kind="function" id="class_o_s_t_m_1adee6903c1100e0d78640bd4b85e5d7df" prot="private" static="no" const="no" explicit="no" inline="no" virt="non-virtual">
        <type>int</type>
        <definition>int OSTM::Get_global_Unique_ID_Number</definition>
        <argsstring>()</argsstring>
        <name>Get_global_Unique_ID_Number</name>
        <briefdescription>
        </briefdescription>
        <detaileddescription>
<para>Returning global_Unique_ID_Number to the constructor</para><para>If global_Unique_ID_Number equals to 10000000 then reset back to ZERO, to make sure the value of global_Unique_ID_Number never exceed the MAX_INT value </para>        </detaileddescription>
        <inbodydescription>
        </inbodydescription>
        <location file="OSTM.h" line="124" column="1" bodyfile="OSTM.cpp" bodystart="56" bodyend="60"/>
      </memberdef>
      </sectiondef>
    <briefdescription>
    </briefdescription>
    <detaileddescription>
    </detaileddescription>
    <inheritancegraph>
      <node id="167">
        <label>BOA</label>
        <link refid="class_b_o_a"/>
        <childnode refid="165" relation="public-inheritance">
        </childnode>
      </node>
      <node id="168">
        <label>BOI</label>
        <link refid="class_b_o_i"/>
        <childnode refid="165" relation="public-inheritance">
        </childnode>
      </node>
      <node id="172">
        <label>WAREHOUSE</label>
        <link refid="class_w_a_r_e_h_o_u_s_e"/>
        <childnode refid="164" relation="public-inheritance">
        </childnode>
      </node>
      <node id="164">
        <label>OSTM</label>
        <link refid="class_o_s_t_m"/>
      </node>
      <node id="174">
        <label>CARPHONE_WAREHOUSE</label>
        <link refid="class_c_a_r_p_h_o_n_e___w_a_r_e_h_o_u_s_e"/>
        <childnode refid="172" relation="public-inheritance">
        </childnode>
      </node>
      <node id="176">
        <label>KILKENNY_W</label>
        <link refid="class_k_i_l_k_e_n_n_y___w"/>
        <childnode refid="172" relation="public-inheritance">
        </childnode>
      </node>
      <node id="173">
        <label>CARLOW_W</label>
        <link refid="class_c_a_r_l_o_w___w"/>
        <childnode refid="172" relation="public-inheritance">
        </childnode>
      </node>
      <node id="170">
        <label>ULSTER</label>
        <link refid="class_u_l_s_t_e_r"/>
        <childnode refid="165" relation="public-inheritance">
        </childnode>
      </node>
      <node id="175">
        <label>DUNDALK_W</label>
        <link refid="class_d_u_n_d_a_l_k___w"/>
        <childnode refid="172" relation="public-inheritance">
        </childnode>
      </node>
      <node id="166">
        <label>AIB</label>
        <link refid="class_a_i_b"/>
        <childnode refid="165" relation="public-inheritance">
        </childnode>
      </node>
      <node id="178">
        <label>TALLAGH_W</label>
        <link refid="class_t_a_l_l_a_g_h___w"/>
        <childnode refid="172" relation="public-inheritance">
        </childnode>
      </node>
      <node id="165">
        <label>BANK</label>
        <link refid="class_b_a_n_k"/>
        <childnode refid="164" relation="public-inheritance">
        </childnode>
      </node>
      <node id="169">
        <label>SWBPLC</label>
        <link refid="class_s_w_b_p_l_c"/>
        <childnode refid="165" relation="public-inheritance">
        </childnode>
      </node>
      <node id="177">
        <label>SLIGO_W</label>
        <link refid="class_s_l_i_g_o___w"/>
        <childnode refid="172" relation="public-inheritance">
        </childnode>
      </node>
      <node id="171">
        <label>UNBL</label>
        <link refid="class_u_n_b_l"/>
        <childnode refid="165" relation="public-inheritance">
        </childnode>
      </node>
    </inheritancegraph>
    <location file="OSTM.h" line="17" column="1" bodyfile="OSTM.h" bodystart="17" bodyend="126"/>
    <listofallmembers>
      <member refid="class_o_s_t_m_1a5121d9c4b08320b26beca82ba2f85c4a" prot="private" virt="non-virtual"><scope>OSTM</scope><name>abort_Transaction</name></member>
      <member refid="class_o_s_t_m_1a2a5b89641af274ddc69bdf8c1c1a07d6" prot="private" virt="non-virtual"><scope>OSTM</scope><name>canCommit</name></member>
      <member refid="class_o_s_t_m_1a535d90fced5adbb70312c92f3778e08d" prot="public" virt="virtual"><scope>OSTM</scope><name>copy</name></member>
      <member refid="class_o_s_t_m_1adee6903c1100e0d78640bd4b85e5d7df" prot="private" virt="non-virtual"><scope>OSTM</scope><name>Get_global_Unique_ID_Number</name></member>
      <member refid="class_o_s_t_m_1a5a01a8b98d16b1d1904ecf9356e7b71d" prot="public" virt="non-virtual"><scope>OSTM</scope><name>Get_Unique_ID</name></member>
      <member refid="class_o_s_t_m_1a1f1db9d482f22c8e7caa17dfb340626b" prot="public" virt="non-virtual"><scope>OSTM</scope><name>Get_Version</name></member>
      <member refid="class_o_s_t_m_1a0bfa3763bd441407dd6365f42714f94c" prot="public" virt="virtual"><scope>OSTM</scope><name>getBaseCopy</name></member>
      <member refid="class_o_s_t_m_1acb617b9666d198c0de333c8613df0d4b" prot="private" virt="non-virtual"><scope>OSTM</scope><name>global_Unique_ID_Number</name></member>
      <member refid="class_o_s_t_m_1a5f90caa4384d371c16b7cac860d9f89a" prot="public" virt="non-virtual"><scope>OSTM</scope><name>increase_VersionNumber</name></member>
      <member refid="class_o_s_t_m_1afc2851abf5342c3c67342c2c14820115" prot="public" virt="non-virtual"><scope>OSTM</scope><name>Is_Abort_Transaction</name></member>
      <member refid="class_o_s_t_m_1a8df39ced3b401aa466df97e26d14b1b7" prot="public" virt="non-virtual"><scope>OSTM</scope><name>Is_Can_Commit</name></member>
      <member refid="class_o_s_t_m_1afb6520023ed2c4a6188b688c46f192d0" prot="public" virt="non-virtual"><scope>OSTM</scope><name>is_Locked</name></member>
      <member refid="class_o_s_t_m_1af192c598a3c647f37aaba5757e60240f" prot="public" virt="non-virtual"><scope>OSTM</scope><name>lock_Mutex</name></member>
      <member refid="class_o_s_t_m_1aaab0921fd1564b793f882a5002ec7106" prot="private" virt="non-virtual"><scope>OSTM</scope><name>mutex</name></member>
      <member refid="class_o_s_t_m_1a968edf778668bd0ec7603f0571619196" prot="public" virt="non-virtual"><scope>OSTM</scope><name>OSTM</name></member>
      <member refid="class_o_s_t_m_1a2314f55a127b94aa8a51d19ba798401e" prot="public" virt="non-virtual"><scope>OSTM</scope><name>OSTM</name></member>
      <member refid="class_o_s_t_m_1aba384cf65c5f56f5b86833730c3c6ea4" prot="public" virt="non-virtual"><scope>OSTM</scope><name>Set_Abort_Transaction</name></member>
      <member refid="class_o_s_t_m_1a813ee61c9d1c83c6a6ae30d12aca8a5d" prot="public" virt="non-virtual"><scope>OSTM</scope><name>Set_Can_Commit</name></member>
      <member refid="class_o_s_t_m_1ab5019a32185631c08abbf826422f2d93" prot="public" virt="non-virtual"><scope>OSTM</scope><name>Set_Unique_ID</name></member>
      <member refid="class_o_s_t_m_1a9529ad8d6d28c1f0cc9b86ed91df1ae1" prot="public" virt="non-virtual"><scope>OSTM</scope><name>Set_Version</name></member>
      <member refid="class_o_s_t_m_1a513396a115f2987fd07c203309ae8a59" prot="public" virt="virtual"><scope>OSTM</scope><name>toString</name></member>
      <member refid="class_o_s_t_m_1aa9fe59368b701af7f70befa23bd6901a" prot="private" virt="non-virtual"><scope>OSTM</scope><name>uniqueID</name></member>
      <member refid="class_o_s_t_m_1a6cd703bc26c719fd95b4f5362d050762" prot="public" virt="non-virtual"><scope>OSTM</scope><name>unlock_Mutex</name></member>
      <member refid="class_o_s_t_m_1a9a6ea36181be2db7f9082d77956511d7" prot="private" virt="non-virtual"><scope>OSTM</scope><name>version</name></member>
      <member refid="class_o_s_t_m_1a0bb6ae8411d25f8e7b82d0a61729ea89" prot="private" virt="non-virtual"><scope>OSTM</scope><name>ZERO</name></member>
      <member refid="class_o_s_t_m_1a30a17d73d0259c60eeab72d6dfa9ceb1" prot="public" virt="virtual"><scope>OSTM</scope><name>~OSTM</name></member>
    </listofallmembers>
  </compounddef>
</doxygen>
