<?xml version='1.0' encoding='UTF-8' standalone='no'?>
<doxygenindex xmlns:xsi="http://www.w3.org/2001/XMLSchema-instance" xsi:noNamespaceSchemaLocation="index.xsd" version="1.8.11">
  <compound refid="class_a_i_b" kind="class"><name>AIB</name>
    <member refid="class_a_i_b_1a818b0cc283af23127c067fb3fc751058" kind="variable"><name>fullname</name></member>
    <member refid="class_a_i_b_1a869f72057cb63ebf0cfd257069e15c7c" kind="variable"><name>firstName</name></member>
    <member refid="class_a_i_b_1ace7b8b648d1b44b7ee2f4be002952b7a" kind="variable"><name>lastName</name></member>
    <member refid="class_a_i_b_1aafc08efeec5b8c800c32ee32f20603a7" kind="variable"><name>accountNumber</name></member>
    <member refid="class_a_i_b_1a3c8d637bd997c1f062d844a88e2559ba" kind="variable"><name>balance</name></member>
    <member refid="class_a_i_b_1ae6a67cc33d1e5fa83a52a238e45ca3dc" kind="variable"><name>address</name></member>
    <member refid="class_a_i_b_1a4783110463bf12f937a85b62455faf38" kind="function"><name>AIB</name></member>
    <member refid="class_a_i_b_1a5fe3963becf294f6b1ce1a747f9122a0" kind="function"><name>AIB</name></member>
    <member refid="class_a_i_b_1aa0faccb7aadf423d12bddb2469ff5053" kind="function"><name>AIB</name></member>
    <member refid="class_a_i_b_1ab13d0db3498d59dbe6a946c469587c55" kind="function"><name>AIB</name></member>
    <member refid="class_a_i_b_1a77b6f74ea3ef39cb1ccb916db7a48740" kind="function"><name>operator=</name></member>
    <member refid="class_a_i_b_1a22b11c50b0986326c86315957528bf79" kind="function"><name>~AIB</name></member>
    <member refid="class_a_i_b_1ad76f25ce86cb42028440f41c371903e0" kind="function"><name>copy</name></member>
    <member refid="class_a_i_b_1a987107f3d7a04790f84c1e7eeee37575" kind="function"><name>getBaseCopy</name></member>
    <member refid="class_a_i_b_1aff0f0a0db75a17efec4bd500b888232d" kind="function"><name>toString</name></member>
    <member refid="class_a_i_b_1ab5fd22fbbc0ea75a022aaeb7174fc450" kind="function"><name>SetAddress</name></member>
    <member refid="class_a_i_b_1a5092c8741fbe231531aa5aaa61d26b9c" kind="function"><name>GetAddress</name></member>
    <member refid="class_a_i_b_1ac286e13b8cf985bc88ce356b0eaada81" kind="function"><name>SetBalance</name></member>
    <member refid="class_a_i_b_1ac75087ae73c308bd946e47a71dc85b86" kind="function"><name>GetBalance</name></member>
    <member refid="class_a_i_b_1ae582677d2d890f1728dedb9f43965df6" kind="function"><name>SetAccountNumber</name></member>
    <member refid="class_a_i_b_1aef34bfbf20d767114e05b8b532cab777" kind="function"><name>GetAccountNumber</name></member>
    <member refid="class_a_i_b_1afe4e3c7b481bf87437968dde2cc75882" kind="function"><name>SetLastName</name></member>
    <member refid="class_a_i_b_1a1b09db7268734beeaf6a9e7e9d8feb02" kind="function"><name>GetLastName</name></member>
    <member refid="class_a_i_b_1a671e44bdbf1286d97d7a22295177dd2e" kind="function"><name>SetFirstName</name></member>
    <member refid="class_a_i_b_1aa0833919c1c211481560cd88cb5b381b" kind="function"><name>GetFirstName</name></member>
    <member refid="class_a_i_b_1a03def15426e627042951369ea18b97f6" kind="function"><name>SetFullname</name></member>
    <member refid="class_a_i_b_1a4fbad1d62d84d47e78b2b7065be14942" kind="function"><name>GetFullname</name></member>
  </compound>
  <compound refid="class_b_a_n_k" kind="class"><name>BANK</name>
    <member refid="class_b_a_n_k_1a0bc938356cebff14fb0560264abe5a34" kind="function"><name>BANK</name></member>
    <member refid="class_b_a_n_k_1a7382dd275d8f4f10a8b53ccbc93e1e87" kind="function"><name>BANK</name></member>
    <member refid="class_b_a_n_k_1a4dd657c30039ea00a040e6226c23ccd4" kind="function"><name>BANK</name></member>
    <member refid="class_b_a_n_k_1ad609a1e004efdebab6495d95eced2346" kind="function"><name>~BANK</name></member>
    <member refid="class_b_a_n_k_1a52ad99454b2059d44967868157208393" kind="function"><name>SetAddress</name></member>
    <member refid="class_b_a_n_k_1a358741f647f9494026e02fd3fd27cde6" kind="function"><name>GetAddress</name></member>
    <member refid="class_b_a_n_k_1ae3e45b407bf8ec7175662442ea24b7c0" kind="function"><name>SetBalance</name></member>
    <member refid="class_b_a_n_k_1a7ac46c74859cebdc933cb27e148d18b1" kind="function"><name>GetBalance</name></member>
    <member refid="class_b_a_n_k_1a9d8fb8bde35d63eca7e9f87d22b45752" kind="function"><name>SetAccountNumber</name></member>
    <member refid="class_b_a_n_k_1a62adf3cea60d863a4a10eeee485fa1aa" kind="function"><name>GetAccountNumber</name></member>
    <member refid="class_b_a_n_k_1a2dc1b7664f9e3b005cb33e71b2ba42ee" kind="function"><name>SetLastName</name></member>
    <member refid="class_b_a_n_k_1a4612063ec2bfd6d883a77a0d3697af90" kind="function"><name>GetLastName</name></member>
    <member refid="class_b_a_n_k_1a547cb9f21be894f045bb3cec6b12525c" kind="function"><name>SetFirstName</name></member>
    <member refid="class_b_a_n_k_1ad0ba1c785c67e7d4760dc8776f3d4bca" kind="function"><name>GetFirstName</name></member>
    <member refid="class_b_a_n_k_1a8845dbfc7ddfbc2e0c0efda561a70ec3" kind="function"><name>SetFullname</name></member>
    <member refid="class_b_a_n_k_1aa1528c533bf6389bc8d7f3eeca114bab" kind="function"><name>GetFullname</name></member>
  </compound>
  <compound refid="class_b_o_a" kind="class"><name>BOA</name>
    <member refid="class_b_o_a_1aed3225e383c08b1b7c962a0e43b180d1" kind="variable"><name>fullname</name></member>
    <member refid="class_b_o_a_1acb1b3b2a69e403c4e0e3fb08fdbb52a0" kind="variable"><name>firstName</name></member>
    <member refid="class_b_o_a_1ab7749e6e945beaca57a3ef01259c6fea" kind="variable"><name>lastName</name></member>
    <member refid="class_b_o_a_1a86ca4ad716db205f04c337b39b34d9ba" kind="variable"><name>accountNumber</name></member>
    <member refid="class_b_o_a_1a2061c36a15924de9186ec5c83dc7da2f" kind="variable"><name>balance</name></member>
    <member refid="class_b_o_a_1afb2d7d0c5c05169a72bbc6f1d2cc737f" kind="variable"><name>address</name></member>
    <member refid="class_b_o_a_1ad42dc670d422172c9bcf9b3d354c8a3c" kind="function"><name>BOA</name></member>
    <member refid="class_b_o_a_1a898c8627b8976bbe1a7d0fc780642b25" kind="function"><name>BOA</name></member>
    <member refid="class_b_o_a_1ab87192ed986e601c2eb682ea3745daf0" kind="function"><name>BOA</name></member>
    <member refid="class_b_o_a_1a99ebf22a8d824761dc82e7e191e6f173" kind="function"><name>BOA</name></member>
    <member refid="class_b_o_a_1af24b66f0e072b29abbbe5812cab48369" kind="function"><name>operator=</name></member>
    <member refid="class_b_o_a_1abe27b17a23ceffc6269dbe6d81de5212" kind="function"><name>~BOA</name></member>
    <member refid="class_b_o_a_1a54fbcabb55b22fb72f45986768974403" kind="function"><name>copy</name></member>
    <member refid="class_b_o_a_1a46ace5d3c945a423e93912673cadfad5" kind="function"><name>getBaseCopy</name></member>
    <member refid="class_b_o_a_1a348df0299997f81bcad0ec034dab0b8d" kind="function"><name>toString</name></member>
    <member refid="class_b_o_a_1a2568c0027af6534bd08dde882e892caf" kind="function"><name>SetAddress</name></member>
    <member refid="class_b_o_a_1aa4aa2cf1ef0e876bb7911c00b5374493" kind="function"><name>GetAddress</name></member>
    <member refid="class_b_o_a_1a0e06a7b7669b6a26a41b37d68f0a87b8" kind="function"><name>SetBalance</name></member>
    <member refid="class_b_o_a_1a07e30b7e5f5f20392b94af7344fd550c" kind="function"><name>GetBalance</name></member>
    <member refid="class_b_o_a_1a6b85963680344bd719ab862a50a09588" kind="function"><name>SetAccountNumber</name></member>
    <member refid="class_b_o_a_1ad64bd63675f8902153aa6767994f05dc" kind="function"><name>GetAccountNumber</name></member>
    <member refid="class_b_o_a_1a7ea44308c05532cd11ff3ce8f14ea4c2" kind="function"><name>SetLastName</name></member>
    <member refid="class_b_o_a_1a081383edefc1f66b80c3fb8862ab070b" kind="function"><name>GetLastName</name></member>
    <member refid="class_b_o_a_1a32fabc2b3acde832f3749696b302a0fe" kind="function"><name>SetFirstName</name></member>
    <member refid="class_b_o_a_1ae6bb3df4e1fb210610325ffd1985c7c0" kind="function"><name>GetFirstName</name></member>
    <member refid="class_b_o_a_1a7ff134d56805088f46df8eb6f21a0a45" kind="function"><name>SetFullname</name></member>
    <member refid="class_b_o_a_1afafa24a20fda93382782cab66a3079ee" kind="function"><name>GetFullname</name></member>
  </compound>
  <compound refid="class_b_o_i" kind="class"><name>BOI</name>
    <member refid="class_b_o_i_1a6d7c892a54bb6f7327cdc777081ab5f4" kind="variable"><name>fullname</name></member>
    <member refid="class_b_o_i_1a12872fd8c15dbf833f78862b00579ed1" kind="variable"><name>firstName</name></member>
    <member refid="class_b_o_i_1ad51bfa6f28816c7f5036447ff809cecf" kind="variable"><name>lastName</name></member>
    <member refid="class_b_o_i_1a35c9fd6e938eb44ad4e076bc6a736851" kind="variable"><name>accountNumber</name></member>
    <member refid="class_b_o_i_1aa00a3d8baf3420647c40119b7fa4ed6f" kind="variable"><name>balance</name></member>
    <member refid="class_b_o_i_1ab9315fe76fd9f07551f5ae7899d33516" kind="variable"><name>address</name></member>
    <member refid="class_b_o_i_1a6af682a5f199a029681f0cb2b8658706" kind="function"><name>BOI</name></member>
    <member refid="class_b_o_i_1a1807bd07cad08109c974edbb2c32591c" kind="function"><name>BOI</name></member>
    <member refid="class_b_o_i_1ae4263940f8ffdd40d5f01a714b20f791" kind="function"><name>BOI</name></member>
    <member refid="class_b_o_i_1a7757de8d3ac656871bed4b07d77457ff" kind="function"><name>BOI</name></member>
    <member refid="class_b_o_i_1a4b4a3976cc13c4d3de0d7ff8882a7af3" kind="function"><name>operator=</name></member>
    <member refid="class_b_o_i_1a617f46a599129178c6b11b4846759a6c" kind="function"><name>~BOI</name></member>
    <member refid="class_b_o_i_1ad53ae2918a656793b9d7a670d35ecfa3" kind="function"><name>getBaseCopy</name></member>
    <member refid="class_b_o_i_1a9ff2d32c25c23a1bea6316f50c3bf677" kind="function"><name>copy</name></member>
    <member refid="class_b_o_i_1ab02a4dd4ebcc5b2abfaca19f2dff2006" kind="function"><name>toString</name></member>
    <member refid="class_b_o_i_1a00c9386c862cf2442968bf7fc30102b3" kind="function"><name>SetAddress</name></member>
    <member refid="class_b_o_i_1a8920e1f47b22445ba954e86012207462" kind="function"><name>GetAddress</name></member>
    <member refid="class_b_o_i_1a416667693c10f5e4120eec97a9269348" kind="function"><name>SetBalance</name></member>
    <member refid="class_b_o_i_1a25b289dece2a1685bb9d1a9332c9be0b" kind="function"><name>GetBalance</name></member>
    <member refid="class_b_o_i_1affc9e7e2a36214b3790f250b7108bb65" kind="function"><name>SetAccountNumber</name></member>
    <member refid="class_b_o_i_1a5b18e1538f3d37835234946cdf9f240f" kind="function"><name>GetAccountNumber</name></member>
    <member refid="class_b_o_i_1a663906e9a59ffa970fb928746c01e8af" kind="function"><name>SetLastName</name></member>
    <member refid="class_b_o_i_1a37828f3fa4a32f522966e2cad90eaab2" kind="function"><name>GetLastName</name></member>
    <member refid="class_b_o_i_1ae9042f87be085c2cec799981c30d7d19" kind="function"><name>SetFirstName</name></member>
    <member refid="class_b_o_i_1ab4b9d50c6008a666aa4382def580e7d1" kind="function"><name>GetFirstName</name></member>
    <member refid="class_b_o_i_1a93091f16610f1a1474aea31fd5f81ffd" kind="function"><name>SetFullname</name></member>
    <member refid="class_b_o_i_1af56446a377068cd65526e40e8b31b878" kind="function"><name>GetFullname</name></member>
  </compound>
  <compound refid="class_c_a_r_l_o_w___w" kind="class"><name>CARLOW_W</name>
    <member refid="class_c_a_r_l_o_w___w_1acaa886b26f5a60d500f13709340d34cf" kind="variable"><name>_shop_address</name></member>
    <member refid="class_c_a_r_l_o_w___w_1ad3ae4ca82f06287d8ad5bec07a43561a" kind="variable"><name>_shop_name</name></member>
    <member refid="class_c_a_r_l_o_w___w_1aff9e9a986b6390d6fa51f52d43a8c0e8" kind="variable"><name>_number_of_iphones</name></member>
    <member refid="class_c_a_r_l_o_w___w_1ae47f54289c630e38341ce8b2c8decf0f" kind="variable"><name>_number_of_samsung</name></member>
    <member refid="class_c_a_r_l_o_w___w_1a080de2e63290db84a0b9898682b74f6e" kind="variable"><name>_number_of_sony</name></member>
    <member refid="class_c_a_r_l_o_w___w_1acc2837ed943bb51134e5878e818970fd" kind="variable"><name>_number_of_huawei</name></member>
    <member refid="class_c_a_r_l_o_w___w_1ac4c7e47711cc4c9e0bc01fc37cabe7d1" kind="variable"><name>_number_of_nokia</name></member>
    <member refid="class_c_a_r_l_o_w___w_1acf1f9888b2ac011cd0e8bb49b10abd91" kind="variable"><name>_number_of_alcatel</name></member>
    <member refid="class_c_a_r_l_o_w___w_1a8ae6ca6f4db7ea5240322fd27824c55a" kind="function"><name>CARLOW_W</name></member>
    <member refid="class_c_a_r_l_o_w___w_1aa13cfb47255f935a3b27708b68e52129" kind="function"><name>CARLOW_W</name></member>
    <member refid="class_c_a_r_l_o_w___w_1ad3b772ca2d09eba4a273cb0c7cece747" kind="function"><name>CARLOW_W</name></member>
    <member refid="class_c_a_r_l_o_w___w_1a267a2792c59f475740a68953c8437205" kind="function"><name>CARLOW_W</name></member>
    <member refid="class_c_a_r_l_o_w___w_1a38c83795abf1751b3e122c74494f4586" kind="function"><name>operator=</name></member>
    <member refid="class_c_a_r_l_o_w___w_1aa628d46e58dfd0517f24499eca88138b" kind="function"><name>~CARLOW_W</name></member>
    <member refid="class_c_a_r_l_o_w___w_1ac91cb7cbae77752e334e273b97fb988b" kind="function"><name>copy</name></member>
    <member refid="class_c_a_r_l_o_w___w_1a1a76566c3a7c01cf469007741dac6b97" kind="function"><name>getBaseCopy</name></member>
    <member refid="class_c_a_r_l_o_w___w_1a79e683650f861b59752fb027a5f16e5a" kind="function"><name>toString</name></member>
    <member refid="class_c_a_r_l_o_w___w_1ad264954806d7fd6c418650a5c7c7defb" kind="function"><name>SetNumber_of_alcatel</name></member>
    <member refid="class_c_a_r_l_o_w___w_1ae7ab8852e5eeff1c2cd397126fbac0e7" kind="function"><name>GetNumber_of_alcatel</name></member>
    <member refid="class_c_a_r_l_o_w___w_1af0f395409df02a42b3e9448d027d0776" kind="function"><name>SetNumber_of_nokia</name></member>
    <member refid="class_c_a_r_l_o_w___w_1a4e3a644ee69bc4bc4ab3feac1493192b" kind="function"><name>GetNumber_of_nokia</name></member>
    <member refid="class_c_a_r_l_o_w___w_1a016d1d51b091fc1732c2923a3baa2f58" kind="function"><name>SetNumber_of_huawei</name></member>
    <member refid="class_c_a_r_l_o_w___w_1aea38b51a44cda35a01beb7d45fa7a2a4" kind="function"><name>GetNumber_of_huawei</name></member>
    <member refid="class_c_a_r_l_o_w___w_1ab255132fb2ef5678d00c74f90acdf2dd" kind="function"><name>SetNumber_of_sony</name></member>
    <member refid="class_c_a_r_l_o_w___w_1a6d31219dac9b4d8842e14b7414ed286e" kind="function"><name>GetNumber_of_sony</name></member>
    <member refid="class_c_a_r_l_o_w___w_1a6e629d8043c4c4266ecafa9f6a3e6447" kind="function"><name>SetNumber_of_samsung</name></member>
    <member refid="class_c_a_r_l_o_w___w_1aecc697b6d017d88f2bdbe3cea2bf3496" kind="function"><name>GetNumber_of_samsung</name></member>
    <member refid="class_c_a_r_l_o_w___w_1ad58af9d68450f4fc70e0e1ecd4b1b498" kind="function"><name>SetNumber_of_iphones</name></member>
    <member refid="class_c_a_r_l_o_w___w_1a50395c707116ea1176743ed98c6b1f76" kind="function"><name>GetNumber_of_iphones</name></member>
    <member refid="class_c_a_r_l_o_w___w_1a9d0dcf25c0a9eb8be530c27bd2cf8933" kind="function"><name>SetShop_name</name></member>
    <member refid="class_c_a_r_l_o_w___w_1a68235a63964645c525620053a33de863" kind="function"><name>GetShop_name</name></member>
    <member refid="class_c_a_r_l_o_w___w_1a6f66cd4c060b2b1ac6640768ad5c56e4" kind="function"><name>SetShop_address</name></member>
    <member refid="class_c_a_r_l_o_w___w_1af48a2f69706be684115758820ce79ddd" kind="function"><name>GetShop_address</name></member>
  </compound>
  <compound refid="class_c_a_r_p_h_o_n_e___w_a_r_e_h_o_u_s_e" kind="class"><name>CARPHONE_WAREHOUSE</name>
    <member refid="class_c_a_r_p_h_o_n_e___w_a_r_e_h_o_u_s_e_1a085b59da7d9f351043de6398b98898a7" kind="variable"><name>_shop_address</name></member>
    <member refid="class_c_a_r_p_h_o_n_e___w_a_r_e_h_o_u_s_e_1a4ac330ca32a05ae4391a00db62ca6128" kind="variable"><name>_shop_name</name></member>
    <member refid="class_c_a_r_p_h_o_n_e___w_a_r_e_h_o_u_s_e_1af8f016cde9df0070da24fb8804f3d6ca" kind="variable"><name>_number_of_iphones</name></member>
    <member refid="class_c_a_r_p_h_o_n_e___w_a_r_e_h_o_u_s_e_1a6ee4003dc7303c7df17f67a26556bdf0" kind="variable"><name>_number_of_samsung</name></member>
    <member refid="class_c_a_r_p_h_o_n_e___w_a_r_e_h_o_u_s_e_1acf5bfebe1b5427a0b932f0cdc3b1ccdb" kind="variable"><name>_number_of_sony</name></member>
    <member refid="class_c_a_r_p_h_o_n_e___w_a_r_e_h_o_u_s_e_1a4bf36b969e0873142ecac780d6f240bf" kind="variable"><name>_number_of_huawei</name></member>
    <member refid="class_c_a_r_p_h_o_n_e___w_a_r_e_h_o_u_s_e_1a05e0c6f134857e06bdf9e6ae71eb9b4e" kind="variable"><name>_number_of_nokia</name></member>
    <member refid="class_c_a_r_p_h_o_n_e___w_a_r_e_h_o_u_s_e_1a7e089af48a2a409a8d348d81f65d9193" kind="variable"><name>_number_of_alcatel</name></member>
    <member refid="class_c_a_r_p_h_o_n_e___w_a_r_e_h_o_u_s_e_1a0acec1e20e236b4debf1e0d26334a868" kind="function"><name>CARPHONE_WAREHOUSE</name></member>
    <member refid="class_c_a_r_p_h_o_n_e___w_a_r_e_h_o_u_s_e_1a1e61584abd37ed2189143f0c0d4d2e40" kind="function"><name>CARPHONE_WAREHOUSE</name></member>
    <member refid="class_c_a_r_p_h_o_n_e___w_a_r_e_h_o_u_s_e_1a131eb8df5342de81022b166f40f94d92" kind="function"><name>CARPHONE_WAREHOUSE</name></member>
    <member refid="class_c_a_r_p_h_o_n_e___w_a_r_e_h_o_u_s_e_1a7b2446d35d557bdfaa8dbd769f845abb" kind="function"><name>CARPHONE_WAREHOUSE</name></member>
    <member refid="class_c_a_r_p_h_o_n_e___w_a_r_e_h_o_u_s_e_1a8d5661ef7c79d7527967c61654ebb612" kind="function"><name>operator=</name></member>
    <member refid="class_c_a_r_p_h_o_n_e___w_a_r_e_h_o_u_s_e_1ad125d83e519b6c7ca025a7e2b705c2a8" kind="function"><name>~CARPHONE_WAREHOUSE</name></member>
    <member refid="class_c_a_r_p_h_o_n_e___w_a_r_e_h_o_u_s_e_1ab9ecf71cd2728f348a5b61df698e054c" kind="function"><name>copy</name></member>
    <member refid="class_c_a_r_p_h_o_n_e___w_a_r_e_h_o_u_s_e_1a1d3b2f023c0d6e715416f1e87e7245bb" kind="function"><name>getBaseCopy</name></member>
    <member refid="class_c_a_r_p_h_o_n_e___w_a_r_e_h_o_u_s_e_1a4d96bb512ffcd1e0b13f632cb7fd242b" kind="function"><name>toString</name></member>
    <member refid="class_c_a_r_p_h_o_n_e___w_a_r_e_h_o_u_s_e_1a84d8d820016c7eb50323c2dcbb4d73f3" kind="function"><name>SetNumber_of_alcatel</name></member>
    <member refid="class_c_a_r_p_h_o_n_e___w_a_r_e_h_o_u_s_e_1a8d278005b2ba46869f6787681ad05704" kind="function"><name>GetNumber_of_alcatel</name></member>
    <member refid="class_c_a_r_p_h_o_n_e___w_a_r_e_h_o_u_s_e_1a5f2abf60f6fa8a614fadb1419bf1de83" kind="function"><name>SetNumber_of_nokia</name></member>
    <member refid="class_c_a_r_p_h_o_n_e___w_a_r_e_h_o_u_s_e_1aac1959dee51204439fc0721403d23447" kind="function"><name>GetNumber_of_nokia</name></member>
    <member refid="class_c_a_r_p_h_o_n_e___w_a_r_e_h_o_u_s_e_1a87ba00e49e5b201548c57ef4b8beaeff" kind="function"><name>SetNumber_of_huawei</name></member>
    <member refid="class_c_a_r_p_h_o_n_e___w_a_r_e_h_o_u_s_e_1a9200c484f288fce0246008e5d683507f" kind="function"><name>GetNumber_of_huawei</name></member>
    <member refid="class_c_a_r_p_h_o_n_e___w_a_r_e_h_o_u_s_e_1ac59a3e67850e4ce6db9f0f0d5a72d8df" kind="function"><name>SetNumber_of_sony</name></member>
    <member refid="class_c_a_r_p_h_o_n_e___w_a_r_e_h_o_u_s_e_1a955e5b413e1f41a36dcc12837664f364" kind="function"><name>GetNumber_of_sony</name></member>
    <member refid="class_c_a_r_p_h_o_n_e___w_a_r_e_h_o_u_s_e_1a179265eb31e367a082eb4048f38e602d" kind="function"><name>SetNumber_of_samsung</name></member>
    <member refid="class_c_a_r_p_h_o_n_e___w_a_r_e_h_o_u_s_e_1a0cd9d93b5b145846627d3005dff71f6f" kind="function"><name>GetNumber_of_samsung</name></member>
    <member refid="class_c_a_r_p_h_o_n_e___w_a_r_e_h_o_u_s_e_1a167a9f9ac25b17395e5964b57099b462" kind="function"><name>SetNumber_of_iphones</name></member>
    <member refid="class_c_a_r_p_h_o_n_e___w_a_r_e_h_o_u_s_e_1a640af469d055cb8836c42ac4ce135e6f" kind="function"><name>GetNumber_of_iphones</name></member>
    <member refid="class_c_a_r_p_h_o_n_e___w_a_r_e_h_o_u_s_e_1a832266a32b6ee4be5e531aaacb83610c" kind="function"><name>SetShop_name</name></member>
    <member refid="class_c_a_r_p_h_o_n_e___w_a_r_e_h_o_u_s_e_1a4932d1483f97e12e01be200951c572df" kind="function"><name>GetShop_name</name></member>
    <member refid="class_c_a_r_p_h_o_n_e___w_a_r_e_h_o_u_s_e_1af26abc216ad013f1cb8ea2b3f788e048" kind="function"><name>SetShop_address</name></member>
    <member refid="class_c_a_r_p_h_o_n_e___w_a_r_e_h_o_u_s_e_1a90c80d52aa860d00c3fb9c165646637b" kind="function"><name>GetShop_address</name></member>
  </compound>
  <compound refid="class_d_u_n_d_a_l_k___w" kind="class"><name>DUNDALK_W</name>
    <member refid="class_d_u_n_d_a_l_k___w_1a84ef96f22ec520afc66bb26b0d264475" kind="variable"><name>_shop_address</name></member>
    <member refid="class_d_u_n_d_a_l_k___w_1ac9018980d31ba581cd83b07df0b171e2" kind="variable"><name>_shop_name</name></member>
    <member refid="class_d_u_n_d_a_l_k___w_1a82b528f661644166d93a5209524b4543" kind="variable"><name>_number_of_iphones</name></member>
    <member refid="class_d_u_n_d_a_l_k___w_1afec98ddc022c03aaaaa2848e5ca7cfb3" kind="variable"><name>_number_of_samsung</name></member>
    <member refid="class_d_u_n_d_a_l_k___w_1a9a40b513a6d4153a9a0f37ce47429369" kind="variable"><name>_number_of_sony</name></member>
    <member refid="class_d_u_n_d_a_l_k___w_1a84781068676dee44cb4654706d8fec51" kind="variable"><name>_number_of_huawei</name></member>
    <member refid="class_d_u_n_d_a_l_k___w_1a8e794ecf0c55b5606a8f4a0ab214c657" kind="variable"><name>_number_of_nokia</name></member>
    <member refid="class_d_u_n_d_a_l_k___w_1a67a471ec2d409a309ebc179ff4d789bc" kind="variable"><name>_number_of_alcatel</name></member>
    <member refid="class_d_u_n_d_a_l_k___w_1ad459a77b4f3e0aaebb3d178eb014a77f" kind="function"><name>DUNDALK_W</name></member>
    <member refid="class_d_u_n_d_a_l_k___w_1ae295e04552eafc722b97900f97962fe8" kind="function"><name>DUNDALK_W</name></member>
    <member refid="class_d_u_n_d_a_l_k___w_1a12eb6e2b3a96d00049f55a693c63e64d" kind="function"><name>DUNDALK_W</name></member>
    <member refid="class_d_u_n_d_a_l_k___w_1a0ee6950b4b6cb12b73595e805be8ba64" kind="function"><name>DUNDALK_W</name></member>
    <member refid="class_d_u_n_d_a_l_k___w_1a63e33d9aa73d944f92928e90566874b9" kind="function"><name>operator=</name></member>
    <member refid="class_d_u_n_d_a_l_k___w_1a91d26f413bf5bc2d089b77036f7fbfa9" kind="function"><name>~DUNDALK_W</name></member>
    <member refid="class_d_u_n_d_a_l_k___w_1a850117e656ee2961317f758e70e5d143" kind="function"><name>copy</name></member>
    <member refid="class_d_u_n_d_a_l_k___w_1a06cbcac20829906b710962967795d4e6" kind="function"><name>getBaseCopy</name></member>
    <member refid="class_d_u_n_d_a_l_k___w_1aef2a8301835c60c21f9f3199259fed87" kind="function"><name>toString</name></member>
    <member refid="class_d_u_n_d_a_l_k___w_1a7cc39880414729ad260abb46c6b320d0" kind="function"><name>SetNumber_of_alcatel</name></member>
    <member refid="class_d_u_n_d_a_l_k___w_1ab7d0fcf5ec24a2c554e44caf50c325a3" kind="function"><name>GetNumber_of_alcatel</name></member>
    <member refid="class_d_u_n_d_a_l_k___w_1a9ea7d9efdcbb7f39c111442b68604ee4" kind="function"><name>SetNumber_of_nokia</name></member>
    <member refid="class_d_u_n_d_a_l_k___w_1aaba4f04cd24ca7ac1d37f6d0ec76a3c7" kind="function"><name>GetNumber_of_nokia</name></member>
    <member refid="class_d_u_n_d_a_l_k___w_1ae97581138541d975b6d1f49eb1dfb5ac" kind="function"><name>SetNumber_of_huawei</name></member>
    <member refid="class_d_u_n_d_a_l_k___w_1ab52fec6b8e051fc3aa064822d9c76d7e" kind="function"><name>GetNumber_of_huawei</name></member>
    <member refid="class_d_u_n_d_a_l_k___w_1ab08434d18efd64e98600e34f27e0b753" kind="function"><name>SetNumber_of_sony</name></member>
    <member refid="class_d_u_n_d_a_l_k___w_1af9830770e23fa88a55fc39c5638763b8" kind="function"><name>GetNumber_of_sony</name></member>
    <member refid="class_d_u_n_d_a_l_k___w_1a55cb57ef915fac44c82570f6d41a023f" kind="function"><name>SetNumber_of_samsung</name></member>
    <member refid="class_d_u_n_d_a_l_k___w_1a619751e08d43b1915f191e1de6b53e30" kind="function"><name>GetNumber_of_samsung</name></member>
    <member refid="class_d_u_n_d_a_l_k___w_1a93b3677db13a4f469f8488d45a62ec74" kind="function"><name>SetNumber_of_iphones</name></member>
    <member refid="class_d_u_n_d_a_l_k___w_1a8fe67b0cea3e113beaf88917768fafc9" kind="function"><name>GetNumber_of_iphones</name></member>
    <member refid="class_d_u_n_d_a_l_k___w_1ace86d535779fc3f953e9654e21ba5c40" kind="function"><name>SetShop_name</name></member>
    <member refid="class_d_u_n_d_a_l_k___w_1a1b0a9008ea26cf2181eca0dfb93acc9f" kind="function"><name>GetShop_name</name></member>
    <member refid="class_d_u_n_d_a_l_k___w_1a2aa44fd4b48eeb979fbd167f2aea3811" kind="function"><name>SetShop_address</name></member>
    <member refid="class_d_u_n_d_a_l_k___w_1af9c0a573ae5d8b388a46652621224002" kind="function"><name>GetShop_address</name></member>
  </compound>
  <compound refid="class_k_i_l_k_e_n_n_y___w" kind="class"><name>KILKENNY_W</name>
    <member refid="class_k_i_l_k_e_n_n_y___w_1a278c416a60d21ee6ffa400f6d1348fd5" kind="variable"><name>_shop_address</name></member>
    <member refid="class_k_i_l_k_e_n_n_y___w_1a3ca31fe82131bef3b13759e6d8b9a83b" kind="variable"><name>_shop_name</name></member>
    <member refid="class_k_i_l_k_e_n_n_y___w_1a91935316f3da1d18589f7d02ec0ac24c" kind="variable"><name>_number_of_iphones</name></member>
    <member refid="class_k_i_l_k_e_n_n_y___w_1abf89dc9f1d933e77c3597d2835c692a0" kind="variable"><name>_number_of_samsung</name></member>
    <member refid="class_k_i_l_k_e_n_n_y___w_1a9b12aacf712ccf9e082daf450bbfbe8d" kind="variable"><name>_number_of_sony</name></member>
    <member refid="class_k_i_l_k_e_n_n_y___w_1a5aedbf8c3815df0d35a94ed9105f6574" kind="variable"><name>_number_of_huawei</name></member>
    <member refid="class_k_i_l_k_e_n_n_y___w_1a717b79aedec8f4f76269fc0e83bcd2eb" kind="variable"><name>_number_of_nokia</name></member>
    <member refid="class_k_i_l_k_e_n_n_y___w_1ab1523ca2daf22c518edb3be585485b16" kind="variable"><name>_number_of_alcatel</name></member>
    <member refid="class_k_i_l_k_e_n_n_y___w_1aee4c4b30bc934ff827f0851077b7fbab" kind="function"><name>KILKENNY_W</name></member>
    <member refid="class_k_i_l_k_e_n_n_y___w_1a292872c50225002759ebe70be3c96a72" kind="function"><name>KILKENNY_W</name></member>
    <member refid="class_k_i_l_k_e_n_n_y___w_1a6df9a34ae732b0196391aceecf865089" kind="function"><name>KILKENNY_W</name></member>
    <member refid="class_k_i_l_k_e_n_n_y___w_1a370a1fb0d26d2b80da6e1101921d1564" kind="function"><name>KILKENNY_W</name></member>
    <member refid="class_k_i_l_k_e_n_n_y___w_1acff3cfb6cc15b4c4bc0dbe5685406393" kind="function"><name>operator=</name></member>
    <member refid="class_k_i_l_k_e_n_n_y___w_1a5b3f84f505c05449d9a7235f25ff3694" kind="function"><name>~KILKENNY_W</name></member>
    <member refid="class_k_i_l_k_e_n_n_y___w_1a36a02e862f3563fbab3c94dfec4a0934" kind="function"><name>copy</name></member>
    <member refid="class_k_i_l_k_e_n_n_y___w_1ad8c5f7f6ac7689fa9acd6cafb0cb69a4" kind="function"><name>getBaseCopy</name></member>
    <member refid="class_k_i_l_k_e_n_n_y___w_1aea627b4c0efd0f725363556afe1ad849" kind="function"><name>toString</name></member>
    <member refid="class_k_i_l_k_e_n_n_y___w_1ac4c3dbc9e74a4ae6c0a7e88d7a8f80a2" kind="function"><name>SetNumber_of_alcatel</name></member>
    <member refid="class_k_i_l_k_e_n_n_y___w_1a8f23cfd2feb57a5b67f16d49c137820f" kind="function"><name>GetNumber_of_alcatel</name></member>
    <member refid="class_k_i_l_k_e_n_n_y___w_1a3306af7f7a306f5198c6d78e6a54bf8f" kind="function"><name>SetNumber_of_nokia</name></member>
    <member refid="class_k_i_l_k_e_n_n_y___w_1ad1e54597be8ac03021520caf851981e4" kind="function"><name>GetNumber_of_nokia</name></member>
    <member refid="class_k_i_l_k_e_n_n_y___w_1a2b89e05ada24ce0b7055f2b7cfb76e52" kind="function"><name>SetNumber_of_huawei</name></member>
    <member refid="class_k_i_l_k_e_n_n_y___w_1a0b0689da37856045c9325e6723f78d4b" kind="function"><name>GetNumber_of_huawei</name></member>
    <member refid="class_k_i_l_k_e_n_n_y___w_1a6edadc355823944f30b94039abed1c9a" kind="function"><name>SetNumber_of_sony</name></member>
    <member refid="class_k_i_l_k_e_n_n_y___w_1a804254083a84b05b320e5723c0568e6f" kind="function"><name>GetNumber_of_sony</name></member>
    <member refid="class_k_i_l_k_e_n_n_y___w_1ac9ba94018b97ae9be58bde2690965612" kind="function"><name>SetNumber_of_samsung</name></member>
    <member refid="class_k_i_l_k_e_n_n_y___w_1ac73e56bbdb3915546b8774f260edc30e" kind="function"><name>GetNumber_of_samsung</name></member>
    <member refid="class_k_i_l_k_e_n_n_y___w_1abdea4a1698ad841e4d758e6b3e3bef62" kind="function"><name>SetNumber_of_iphones</name></member>
    <member refid="class_k_i_l_k_e_n_n_y___w_1aa8eb9ca20372744a05ab64def268a940" kind="function"><name>GetNumber_of_iphones</name></member>
    <member refid="class_k_i_l_k_e_n_n_y___w_1a8670e50802ffeb6a8b4c148c4f5183aa" kind="function"><name>SetShop_name</name></member>
    <member refid="class_k_i_l_k_e_n_n_y___w_1a93dac05f03edc97797f89501aa2af73a" kind="function"><name>GetShop_name</name></member>
    <member refid="class_k_i_l_k_e_n_n_y___w_1ac4ec867027aed72ff28bfe667da084cd" kind="function"><name>SetShop_address</name></member>
    <member refid="class_k_i_l_k_e_n_n_y___w_1ad35a9d60fff2a3c1088f93ff04e6d9d4" kind="function"><name>GetShop_address</name></member>
  </compound>
  <compound refid="class_o_s_t_m" kind="class"><name>OSTM</name>
    <member refid="class_o_s_t_m_1a9a6ea36181be2db7f9082d77956511d7" kind="variable"><name>version</name></member>
    <member refid="class_o_s_t_m_1aa9fe59368b701af7f70befa23bd6901a" kind="variable"><name>uniqueID</name></member>
    <member refid="class_o_s_t_m_1a2a5b89641af274ddc69bdf8c1c1a07d6" kind="variable"><name>canCommit</name></member>
    <member refid="class_o_s_t_m_1a5121d9c4b08320b26beca82ba2f85c4a" kind="variable"><name>abort_Transaction</name></member>
    <member refid="class_o_s_t_m_1a0bb6ae8411d25f8e7b82d0a61729ea89" kind="variable"><name>ZERO</name></member>
    <member refid="class_o_s_t_m_1aaab0921fd1564b793f882a5002ec7106" kind="variable"><name>mutex</name></member>
    <member refid="class_o_s_t_m_1acb617b9666d198c0de333c8613df0d4b" kind="variable"><name>global_Unique_ID_Number</name></member>
    <member refid="class_o_s_t_m_1a968edf778668bd0ec7603f0571619196" kind="function"><name>OSTM</name></member>
    <member refid="class_o_s_t_m_1a2314f55a127b94aa8a51d19ba798401e" kind="function"><name>OSTM</name></member>
    <member refid="class_o_s_t_m_1a30a17d73d0259c60eeab72d6dfa9ceb1" kind="function"><name>~OSTM</name></member>
    <member refid="class_o_s_t_m_1a535d90fced5adbb70312c92f3778e08d" kind="function"><name>copy</name></member>
    <member refid="class_o_s_t_m_1a0bfa3763bd441407dd6365f42714f94c" kind="function"><name>getBaseCopy</name></member>
    <member refid="class_o_s_t_m_1a513396a115f2987fd07c203309ae8a59" kind="function"><name>toString</name></member>
    <member refid="class_o_s_t_m_1ab5019a32185631c08abbf826422f2d93" kind="function"><name>Set_Unique_ID</name></member>
    <member refid="class_o_s_t_m_1a5a01a8b98d16b1d1904ecf9356e7b71d" kind="function"><name>Get_Unique_ID</name></member>
    <member refid="class_o_s_t_m_1a9529ad8d6d28c1f0cc9b86ed91df1ae1" kind="function"><name>Set_Version</name></member>
    <member refid="class_o_s_t_m_1a1f1db9d482f22c8e7caa17dfb340626b" kind="function"><name>Get_Version</name></member>
    <member refid="class_o_s_t_m_1a5f90caa4384d371c16b7cac860d9f89a" kind="function"><name>increase_VersionNumber</name></member>
    <member refid="class_o_s_t_m_1a8df39ced3b401aa466df97e26d14b1b7" kind="function"><name>Is_Can_Commit</name></member>
    <member refid="class_o_s_t_m_1a813ee61c9d1c83c6a6ae30d12aca8a5d" kind="function"><name>Set_Can_Commit</name></member>
    <member refid="class_o_s_t_m_1aba384cf65c5f56f5b86833730c3c6ea4" kind="function"><name>Set_Abort_Transaction</name></member>
    <member refid="class_o_s_t_m_1afc2851abf5342c3c67342c2c14820115" kind="function"><name>Is_Abort_Transaction</name></member>
    <member refid="class_o_s_t_m_1af192c598a3c647f37aaba5757e60240f" kind="function"><name>lock_Mutex</name></member>
    <member refid="class_o_s_t_m_1a6cd703bc26c719fd95b4f5362d050762" kind="function"><name>unlock_Mutex</name></member>
    <member refid="class_o_s_t_m_1afb6520023ed2c4a6188b688c46f192d0" kind="function"><name>is_Locked</name></member>
    <member refid="class_o_s_t_m_1adee6903c1100e0d78640bd4b85e5d7df" kind="function"><name>Get_global_Unique_ID_Number</name></member>
  </compound>
  <compound refid="class_s_l_i_g_o___w" kind="class"><name>SLIGO_W</name>
    <member refid="class_s_l_i_g_o___w_1ade08b79101c67997dde54515f2088b9d" kind="variable"><name>_shop_address</name></member>
    <member refid="class_s_l_i_g_o___w_1a01bebef43ff4b4d9d728489f05b94d86" kind="variable"><name>_shop_name</name></member>
    <member refid="class_s_l_i_g_o___w_1aa958eed564796bb349d15bf2b2e3208d" kind="variable"><name>_number_of_iphones</name></member>
    <member refid="class_s_l_i_g_o___w_1a2c7845560ec14452132d659eb54f2cec" kind="variable"><name>_number_of_samsung</name></member>
    <member refid="class_s_l_i_g_o___w_1a0ccf87fe78352e1eac98ed3c85810caa" kind="variable"><name>_number_of_sony</name></member>
    <member refid="class_s_l_i_g_o___w_1af9ca2fb509b7b8ca9f1860ece827501f" kind="variable"><name>_number_of_huawei</name></member>
    <member refid="class_s_l_i_g_o___w_1a9fe78b9365c145432d58cb947b01111a" kind="variable"><name>_number_of_nokia</name></member>
    <member refid="class_s_l_i_g_o___w_1acbf32331901a3fc710c5c97d286b6fcf" kind="variable"><name>_number_of_alcatel</name></member>
    <member refid="class_s_l_i_g_o___w_1a9b669809dc7cf8d9982181ac7997b0da" kind="function"><name>SLIGO_W</name></member>
    <member refid="class_s_l_i_g_o___w_1aced291d99970ff1c2f2146256f400788" kind="function"><name>SLIGO_W</name></member>
    <member refid="class_s_l_i_g_o___w_1a5a969bbfbb08f8a5d29f766288f2f7e6" kind="function"><name>SLIGO_W</name></member>
    <member refid="class_s_l_i_g_o___w_1abd92acb0451fe449fbdb7c3c2a6701b7" kind="function"><name>SLIGO_W</name></member>
    <member refid="class_s_l_i_g_o___w_1a64051fdd5b3ebc47b0a74b42eb092c1b" kind="function"><name>operator=</name></member>
    <member refid="class_s_l_i_g_o___w_1aa6cc833af07309dee5eb2493cddf443c" kind="function"><name>~SLIGO_W</name></member>
    <member refid="class_s_l_i_g_o___w_1acd5ae7347e6ca94c52eb013e07a66116" kind="function"><name>copy</name></member>
    <member refid="class_s_l_i_g_o___w_1a37ead49afd27bfe7e404d1d7626f09fe" kind="function"><name>getBaseCopy</name></member>
    <member refid="class_s_l_i_g_o___w_1a8f49deaa85f48ff29dd8cdeb7c9dda56" kind="function"><name>toString</name></member>
    <member refid="class_s_l_i_g_o___w_1abbd14fe78b2f5881020630842194aa5b" kind="function"><name>SetNumber_of_alcatel</name></member>
    <member refid="class_s_l_i_g_o___w_1a5afed1018d0629a1e08fc266d05a94d9" kind="function"><name>GetNumber_of_alcatel</name></member>
    <member refid="class_s_l_i_g_o___w_1a2b748e4d815e0f2bdb8fb1b0e85b2636" kind="function"><name>SetNumber_of_nokia</name></member>
    <member refid="class_s_l_i_g_o___w_1a1aa9c9f001b37f3fdcdffae009319298" kind="function"><name>GetNumber_of_nokia</name></member>
    <member refid="class_s_l_i_g_o___w_1a3f770536e7ae43cba203b36b452bca76" kind="function"><name>SetNumber_of_huawei</name></member>
    <member refid="class_s_l_i_g_o___w_1a5804f623f4eb290df4f6b3aba59230d6" kind="function"><name>GetNumber_of_huawei</name></member>
    <member refid="class_s_l_i_g_o___w_1abbfe7001333b8c0b57a22f09ec4c3c1d" kind="function"><name>SetNumber_of_sony</name></member>
    <member refid="class_s_l_i_g_o___w_1a62822c4fb80f739bee61767238a29e14" kind="function"><name>GetNumber_of_sony</name></member>
    <member refid="class_s_l_i_g_o___w_1ace5a2d4fae4c84710a648062e60022d2" kind="function"><name>SetNumber_of_samsung</name></member>
    <member refid="class_s_l_i_g_o___w_1aa4b6200a00c2a14924b7ff1ae3896b61" kind="function"><name>GetNumber_of_samsung</name></member>
    <member refid="class_s_l_i_g_o___w_1ad2f09386c9305c63a94ab171861eb3a9" kind="function"><name>SetNumber_of_iphones</name></member>
    <member refid="class_s_l_i_g_o___w_1a780b3a690f5cbbf7593ffc6612b3d743" kind="function"><name>GetNumber_of_iphones</name></member>
    <member refid="class_s_l_i_g_o___w_1ad2a9668f07e63bed2bb5da576cbb55b7" kind="function"><name>SetShop_name</name></member>
    <member refid="class_s_l_i_g_o___w_1ae788518e30d9d311eb28f37da932367a" kind="function"><name>GetShop_name</name></member>
    <member refid="class_s_l_i_g_o___w_1af442340c69e1f50622014d459320f003" kind="function"><name>SetShop_address</name></member>
    <member refid="class_s_l_i_g_o___w_1a66a2315d531231e34c5056e9bc917797" kind="function"><name>GetShop_address</name></member>
  </compound>
  <compound refid="class_s_w_b_p_l_c" kind="class"><name>SWBPLC</name>
    <member refid="class_s_w_b_p_l_c_1a5de90ba5cac0107fa5361458a0df839e" kind="variable"><name>fullname</name></member>
    <member refid="class_s_w_b_p_l_c_1a38fd4817afe4aaac4993b0b4c7074b9c" kind="variable"><name>firstName</name></member>
    <member refid="class_s_w_b_p_l_c_1aa06b2e569dd1fef8e43dfda1b34d67f3" kind="variable"><name>lastName</name></member>
    <member refid="class_s_w_b_p_l_c_1a5d03f989254b88bdb7eb3deeec7e4217" kind="variable"><name>accountNumber</name></member>
    <member refid="class_s_w_b_p_l_c_1a34365efdc6dde37a4da9a6222dcde389" kind="variable"><name>balance</name></member>
    <member refid="class_s_w_b_p_l_c_1a86edad3cbbc5903c8ab8a45b22c0dd15" kind="variable"><name>address</name></member>
    <member refid="class_s_w_b_p_l_c_1a320f4e2b023038668d941ce5d0c46aeb" kind="function"><name>SWBPLC</name></member>
    <member refid="class_s_w_b_p_l_c_1a29c408f7ccb7c5962dab8ac858758a89" kind="function"><name>SWBPLC</name></member>
    <member refid="class_s_w_b_p_l_c_1a33e460bff6f51b30209a6f5a25a24d7d" kind="function"><name>SWBPLC</name></member>
    <member refid="class_s_w_b_p_l_c_1a767c6ae2b15f523b5ec6e35e137dcc96" kind="function"><name>SWBPLC</name></member>
    <member refid="class_s_w_b_p_l_c_1a1e4b8f85d4e8e29429d691e258fea2e7" kind="function"><name>operator=</name></member>
    <member refid="class_s_w_b_p_l_c_1a5d6f00a76145f32424ff6db9ac23c6fe" kind="function"><name>~SWBPLC</name></member>
    <member refid="class_s_w_b_p_l_c_1a9468640482a6cfb9bfb4115fc59191d5" kind="function"><name>copy</name></member>
    <member refid="class_s_w_b_p_l_c_1a77f0e0d6c08a95066d277bf6b2073a5c" kind="function"><name>getBaseCopy</name></member>
    <member refid="class_s_w_b_p_l_c_1a761c77b5a204b4ae05ffb01bd602c3c2" kind="function"><name>toString</name></member>
    <member refid="class_s_w_b_p_l_c_1a99590e47dda8361b2d5869fd315f92f8" kind="function"><name>SetAddress</name></member>
    <member refid="class_s_w_b_p_l_c_1a3a62a57b3ecdd06ed977ef372dab89ad" kind="function"><name>GetAddress</name></member>
    <member refid="class_s_w_b_p_l_c_1a9a0d94da8922f00ca4a3e5fa774e8b3f" kind="function"><name>SetBalance</name></member>
    <member refid="class_s_w_b_p_l_c_1af7f5f662ab926bfb9c0c1c7156cde24c" kind="function"><name>GetBalance</name></member>
    <member refid="class_s_w_b_p_l_c_1a45eb1e6a73fde0dc00824319d4e0b81a" kind="function"><name>SetAccountNumber</name></member>
    <member refid="class_s_w_b_p_l_c_1a1a997f6d333e5021970e50605431d7df" kind="function"><name>GetAccountNumber</name></member>
    <member refid="class_s_w_b_p_l_c_1aa5581ea5d2e0315b816876737e887f09" kind="function"><name>SetLastName</name></member>
    <member refid="class_s_w_b_p_l_c_1a72b2595acea28dae9e4f5816dd3c4652" kind="function"><name>GetLastName</name></member>
    <member refid="class_s_w_b_p_l_c_1a8146eabca4648ef679188904f677df9d" kind="function"><name>SetFirstName</name></member>
    <member refid="class_s_w_b_p_l_c_1ace6bbcd6546896e581e3a2ee9504d090" kind="function"><name>GetFirstName</name></member>
    <member refid="class_s_w_b_p_l_c_1a09376d46475bbceda897948714ff1e72" kind="function"><name>SetFullname</name></member>
    <member refid="class_s_w_b_p_l_c_1adb74b3cbc40a401bf7ca4dfb5269c336" kind="function"><name>GetFullname</name></member>
  </compound>
  <compound refid="class_t_a_l_l_a_g_h___w" kind="class"><name>TALLAGH_W</name>
    <member refid="class_t_a_l_l_a_g_h___w_1a268003f2cd359fa50c6061f1ad011c67" kind="variable"><name>_shop_address</name></member>
    <member refid="class_t_a_l_l_a_g_h___w_1a2d63785f290e8be76f3c4543e5df9508" kind="variable"><name>_shop_name</name></member>
    <member refid="class_t_a_l_l_a_g_h___w_1ad8a7847f895cd13b45331e4f3cd20c2e" kind="variable"><name>_number_of_iphones</name></member>
    <member refid="class_t_a_l_l_a_g_h___w_1a2438dbd2a390036bfd35f46a63b5b9bf" kind="variable"><name>_number_of_samsung</name></member>
    <member refid="class_t_a_l_l_a_g_h___w_1ab101d3ac8747eef48371cd9078d2366e" kind="variable"><name>_number_of_sony</name></member>
    <member refid="class_t_a_l_l_a_g_h___w_1ab966ff243f14eefc346e0b031f21c9b6" kind="variable"><name>_number_of_huawei</name></member>
    <member refid="class_t_a_l_l_a_g_h___w_1aa095820dca65526e795d64f31a3aaec1" kind="variable"><name>_number_of_nokia</name></member>
    <member refid="class_t_a_l_l_a_g_h___w_1a034f2ba8c42c1b81ae947b15732e5881" kind="variable"><name>_number_of_alcatel</name></member>
    <member refid="class_t_a_l_l_a_g_h___w_1aeafc411edee7a3e8bfcc54fa478e2104" kind="function"><name>TALLAGH_W</name></member>
    <member refid="class_t_a_l_l_a_g_h___w_1a2d61c90d6ff2f1b50f81a3ce6506e285" kind="function"><name>TALLAGH_W</name></member>
    <member refid="class_t_a_l_l_a_g_h___w_1a34d0767d7e66f28b1e9725c27f964a9c" kind="function"><name>TALLAGH_W</name></member>
    <member refid="class_t_a_l_l_a_g_h___w_1a92cfa48ee385c9299427e4fa95b57003" kind="function"><name>TALLAGH_W</name></member>
    <member refid="class_t_a_l_l_a_g_h___w_1a0ac3db0bae78cc4e59f175e90374ed50" kind="function"><name>operator=</name></member>
    <member refid="class_t_a_l_l_a_g_h___w_1aad3a2ca2d942a0629716b1c9f446931f" kind="function"><name>~TALLAGH_W</name></member>
    <member refid="class_t_a_l_l_a_g_h___w_1a7cd62cf694fbe8c6242916f26df8f6ca" kind="function"><name>copy</name></member>
    <member refid="class_t_a_l_l_a_g_h___w_1a51957c778c31d56f98febdf294f88a4c" kind="function"><name>getBaseCopy</name></member>
    <member refid="class_t_a_l_l_a_g_h___w_1ac7a438b7511cf2931490e6b44eff4a49" kind="function"><name>toString</name></member>
    <member refid="class_t_a_l_l_a_g_h___w_1ad4a8e9cab71ab1b742298e630b6c32da" kind="function"><name>SetNumber_of_alcatel</name></member>
    <member refid="class_t_a_l_l_a_g_h___w_1a548597d48b3bbb35ffa2035eee3b645d" kind="function"><name>GetNumber_of_alcatel</name></member>
    <member refid="class_t_a_l_l_a_g_h___w_1ae60d0ca1392d87afa206f98d5f1c59d1" kind="function"><name>SetNumber_of_nokia</name></member>
    <member refid="class_t_a_l_l_a_g_h___w_1a20a127a379a2ebed2bd7ee89ca5661fb" kind="function"><name>GetNumber_of_nokia</name></member>
    <member refid="class_t_a_l_l_a_g_h___w_1a94b6a0ce95c1edc5cd0bc195cbedc74f" kind="function"><name>SetNumber_of_huawei</name></member>
    <member refid="class_t_a_l_l_a_g_h___w_1a0ac4137af5b2aa2e4157c7e85629f064" kind="function"><name>GetNumber_of_huawei</name></member>
    <member refid="class_t_a_l_l_a_g_h___w_1a700cbcd6355556eeaa33955e50010641" kind="function"><name>SetNumber_of_sony</name></member>
    <member refid="class_t_a_l_l_a_g_h___w_1a161417e8ef4952c560182735de51a44f" kind="function"><name>GetNumber_of_sony</name></member>
    <member refid="class_t_a_l_l_a_g_h___w_1aec915c88a9cce504e58bf9481d897e7e" kind="function"><name>SetNumber_of_samsung</name></member>
    <member refid="class_t_a_l_l_a_g_h___w_1ad400c7b40f8605f5419b09e946677bbb" kind="function"><name>GetNumber_of_samsung</name></member>
    <member refid="class_t_a_l_l_a_g_h___w_1aba9c1573606adb336fd5e94969f2f8e8" kind="function"><name>SetNumber_of_iphones</name></member>
    <member refid="class_t_a_l_l_a_g_h___w_1ad82b0c59cba2cb442520e35ab6011d17" kind="function"><name>GetNumber_of_iphones</name></member>
    <member refid="class_t_a_l_l_a_g_h___w_1a3ab6212769f348c15cd2d242af70ea02" kind="function"><name>SetShop_name</name></member>
    <member refid="class_t_a_l_l_a_g_h___w_1a3baca7e101bfde39d7a1bf91d99c4f51" kind="function"><name>GetShop_name</name></member>
    <member refid="class_t_a_l_l_a_g_h___w_1a45bd91f41ac4d384b4281e6572bc2f8a" kind="function"><name>SetShop_address</name></member>
    <member refid="class_t_a_l_l_a_g_h___w_1a591b5f445be4f3b636b415e7b614b82c" kind="function"><name>GetShop_address</name></member>
  </compound>
  <compound refid="class_t_m" kind="class"><name>TM</name>
    <member refid="class_t_m_1a0333dfa193ea99d7626de74a2b932e9b" kind="variable"><name>txMap</name></member>
    <member refid="class_t_m_1aeb26546681bfe64e21606b8c012bb8c3" kind="variable"><name>register_Lock</name></member>
    <member refid="class_t_m_1a123bc5aa0766a7b909bebc54a429e5b0" kind="variable"><name>get_Lock</name></member>
    <member refid="class_t_m_1a81c3bd28ad2343a620fa070f8ac186ca" kind="variable"><name>process_map_collection</name></member>
    <member refid="class_t_m_1a6fb90615393f9205838e302c714bbd60" kind="variable"><name>_tm_id</name></member>
    <member refid="class_t_m_1a9b5afb6b9d7c5925ab5cc5c65078ac23" kind="function"><name>TM</name></member>
    <member refid="class_t_m_1a985f8cb24f685925ddd637c7030cd2b3" kind="function"><name>~TM</name></member>
    <member refid="class_t_m_1a2d1de4a19f7ed6b2805ed6e955b8e45b" kind="function"><name>TM</name></member>
    <member refid="class_t_m_1a85a6b783f0566f0877bab6a7de977c0a" kind="function"><name>operator=</name></member>
    <member refid="class_t_m_1afb8bc9f42fe06c52747beb7f4c46915c" kind="function"><name>get_thread_Map</name></member>
    <member refid="class_t_m_1a26ea481c24d9aa3aebd6dafb7253376e" kind="function"><name>registerTX</name></member>
    <member refid="class_t_m_1a7ce5f35e0dae76df4fe116cf905bbe60" kind="function"><name>Instance</name></member>
    <member refid="class_t_m_1a41cb0226cc4080c931651b13f74a0075" kind="function"><name>_get_tx</name></member>
    <member refid="class_t_m_1a5e2d1127f2429f2f524d25f430eade06" kind="function"><name>_TX_EXIT</name></member>
    <member refid="class_t_m_1a1d6891b1d3e71cc0acef54e7afe71c09" kind="function"><name>print_all</name></member>
  </compound>
  <compound refid="class_t_x" kind="class"><name>TX</name>
    <member refid="class_t_x_1adf1ccda799ef5c419cb43b8ae55eb45c" kind="friend"><name>TM</name></member>
    <member refid="class_t_x_1a25838234aab99ae891a90eb8623a8b3c" kind="variable"><name>test_counter</name></member>
    <member refid="class_t_x_1a81aafda16e2f20e36ec6c68e584668ff" kind="variable"><name>working_Map_collection</name></member>
    <member refid="class_t_x_1a145a1c74b521f277fe481971a930b249" kind="variable"><name>transaction_Number</name></member>
    <member refid="class_t_x_1ae8f413fd7f4fea322e7ad3c668f9898e" kind="variable"><name>_tx_nesting_level</name></member>
    <member refid="class_t_x_1a1a45d726894190695314464d7cd97c29" kind="variable"><name>main_Process_Map_collection</name></member>
    <member refid="class_t_x_1aea5b8eedcd5059384155576b3979a5f6" kind="variable"><name>process_map_collection</name></member>
    <member refid="class_t_x_1aa688a8c96fa3cdf8cd92e267463536dc" kind="variable"><name>register_Lock</name></member>
    <member refid="class_t_x_1a8a4b83eab0171ae834bfa92bbced1094" kind="function"><name>TX</name></member>
    <member refid="class_t_x_1abecf854cc3228ab6dd51175b3cd1c70a" kind="function"><name>~TX</name></member>
    <member refid="class_t_x_1ab96b3dd2bfd621b47307f0af3ec4f35c" kind="function"><name>TX</name></member>
    <member refid="class_t_x_1aa9739c5c2077454c779098db7baefc2b" kind="function"><name>ostm_exit</name></member>
    <member refid="class_t_x_1abc32af2f51df97ac483e5bfe7db6ca6e" kind="function"><name>_register</name></member>
    <member refid="class_t_x_1a1d78262b8831ddd042ed491f2e600e24" kind="function"><name>load</name></member>
    <member refid="class_t_x_1a7dbcb369aa4a3370b6c6829d278ece5d" kind="function"><name>store</name></member>
    <member refid="class_t_x_1a9dde5d356b35e557448e58d260087356" kind="function"><name>commit</name></member>
    <member refid="class_t_x_1a1384bdf12d795854b5d32e7f61ffbdb8" kind="function"><name>_increase_tx_nesting</name></member>
    <member refid="class_t_x_1aa3ac499f576326588628ade96b27b4b1" kind="function"><name>_decrease_tx_nesting</name></member>
    <member refid="class_t_x_1ae9bf97930c4670f59d334b345353a71e" kind="function"><name>getTest_counter</name></member>
    <member refid="class_t_x_1a3d96ed91eb9ec73e16589f705661c5a7" kind="function"><name>_print_all_tx</name></member>
    <member refid="class_t_x_1a3f5671423cb7b9f9c98f8a25f2a4b545" kind="function"><name>get_thread_Map</name></member>
    <member refid="class_t_x_1a9eba04944d449285905b60ec47223cff" kind="function"><name>_get_tx_number</name></member>
    <member refid="class_t_x_1a4c13d2015dc15d0f788fa9a1413f0463" kind="function"><name>_release_object_lock</name></member>
    <member refid="class_t_x_1ae045534c4a9d39bd5c6ea2a39a372a79" kind="function"><name>th_exit</name></member>
  </compound>
  <compound refid="class_u_l_s_t_e_r" kind="class"><name>ULSTER</name>
    <member refid="class_u_l_s_t_e_r_1a5dc42cbd515825463ba31c8d3dcfe1b6" kind="variable"><name>fullname</name></member>
    <member refid="class_u_l_s_t_e_r_1af8d138fdca14b59130b8b4ddd3d73b16" kind="variable"><name>firstName</name></member>
    <member refid="class_u_l_s_t_e_r_1afa319e559a6a7653aa67e6d8f801d7ee" kind="variable"><name>lastName</name></member>
    <member refid="class_u_l_s_t_e_r_1a13f0c2ce30f9e66e896633d81c9af979" kind="variable"><name>accountNumber</name></member>
    <member refid="class_u_l_s_t_e_r_1af98d3ed41f452b28f26994552465815c" kind="variable"><name>balance</name></member>
    <member refid="class_u_l_s_t_e_r_1a7a13c5988ddafa47b8d6eea3e77fd786" kind="variable"><name>address</name></member>
    <member refid="class_u_l_s_t_e_r_1a637ad8cb5537167ab51cd079637a8323" kind="function"><name>ULSTER</name></member>
    <member refid="class_u_l_s_t_e_r_1ad80944864d4f907dd30b02a1d1a563cc" kind="function"><name>ULSTER</name></member>
    <member refid="class_u_l_s_t_e_r_1ac7207ca64f86ef3081e176deb222805d" kind="function"><name>ULSTER</name></member>
    <member refid="class_u_l_s_t_e_r_1ad8847497742850609cd4748bbb6d0a8e" kind="function"><name>ULSTER</name></member>
    <member refid="class_u_l_s_t_e_r_1aa096fc13a27cf4c4238af3aad8382a13" kind="function"><name>operator=</name></member>
    <member refid="class_u_l_s_t_e_r_1a4ceb68bdbc806f74f9e55096f8223453" kind="function"><name>~ULSTER</name></member>
    <member refid="class_u_l_s_t_e_r_1aeef5c3e20f2a82344b4b83e5ccf4cc40" kind="function"><name>copy</name></member>
    <member refid="class_u_l_s_t_e_r_1ad0c05e562b0c67283edfa4940c9aa728" kind="function"><name>getBaseCopy</name></member>
    <member refid="class_u_l_s_t_e_r_1a341bbcb3f7d6ef10f30d4734ceed10ee" kind="function"><name>toString</name></member>
    <member refid="class_u_l_s_t_e_r_1a5b0662f0524ce8ce710881a05b431fad" kind="function"><name>SetAddress</name></member>
    <member refid="class_u_l_s_t_e_r_1ac31a16a960e53ea592b0d809a3ba167d" kind="function"><name>GetAddress</name></member>
    <member refid="class_u_l_s_t_e_r_1a288ded3e96cf65a066f13529db94b182" kind="function"><name>SetBalance</name></member>
    <member refid="class_u_l_s_t_e_r_1ae70da9686ac038862900182a984e56eb" kind="function"><name>GetBalance</name></member>
    <member refid="class_u_l_s_t_e_r_1ae28bbc54174cd9b3b268d827c122c412" kind="function"><name>SetAccountNumber</name></member>
    <member refid="class_u_l_s_t_e_r_1a1ad672ae865a9f559bf4d3c33c243d63" kind="function"><name>GetAccountNumber</name></member>
    <member refid="class_u_l_s_t_e_r_1ab2fec6b440c29b1953296ad23d4b432c" kind="function"><name>SetLastName</name></member>
    <member refid="class_u_l_s_t_e_r_1a9320b012bccda4ebf6b41c9ed972743c" kind="function"><name>GetLastName</name></member>
    <member refid="class_u_l_s_t_e_r_1a07b57449397c42be1c2b512851dceebd" kind="function"><name>SetFirstName</name></member>
    <member refid="class_u_l_s_t_e_r_1a85ee4e42d9b309608d8dfbedac65ff27" kind="function"><name>GetFirstName</name></member>
    <member refid="class_u_l_s_t_e_r_1a38d245bc2b6bb14bbb39c3347766140d" kind="function"><name>SetFullname</name></member>
    <member refid="class_u_l_s_t_e_r_1abb93ac2163f908782d00cbae169ebb91" kind="function"><name>GetFullname</name></member>
  </compound>
  <compound refid="class_u_n_b_l" kind="class"><name>UNBL</name>
    <member refid="class_u_n_b_l_1a67deb62f553fe1ece6feb73f12898e7a" kind="variable"><name>fullname</name></member>
    <member refid="class_u_n_b_l_1acee1595bf1914ac220f7c810b174bd16" kind="variable"><name>firstName</name></member>
    <member refid="class_u_n_b_l_1a3f42790177cbe310536f53a7369ee194" kind="variable"><name>lastName</name></member>
    <member refid="class_u_n_b_l_1a90763c3044159862bcb9cd51d6b09f34" kind="variable"><name>accountNumber</name></member>
    <member refid="class_u_n_b_l_1afbe674996d7fddaffb55654e6a79f03b" kind="variable"><name>balance</name></member>
    <member refid="class_u_n_b_l_1acdaf39211e9b9c190a69bbbc590543e3" kind="variable"><name>address</name></member>
    <member refid="class_u_n_b_l_1aa264ef64c453e6049b3d4c984d84d1de" kind="function"><name>UNBL</name></member>
    <member refid="class_u_n_b_l_1a9afc7728e8d9970b63592af018a2afb8" kind="function"><name>UNBL</name></member>
    <member refid="class_u_n_b_l_1abbd578fbd58cf6f2143f17b3011f6c21" kind="function"><name>UNBL</name></member>
    <member refid="class_u_n_b_l_1aca7a99d7308d5d8dd5841a0eeeed0852" kind="function"><name>UNBL</name></member>
    <member refid="class_u_n_b_l_1a32ab1105494f18bdb33e651e9bbfcd02" kind="function"><name>operator=</name></member>
    <member refid="class_u_n_b_l_1a32d405e6e9adfab1ffdeec6406f9e72f" kind="function"><name>~UNBL</name></member>
    <member refid="class_u_n_b_l_1a14d5e1adc618827667d8d9524abaf31b" kind="function"><name>copy</name></member>
    <member refid="class_u_n_b_l_1a5dfe7f9e5fbb66abff9a73e40e803887" kind="function"><name>getBaseCopy</name></member>
    <member refid="class_u_n_b_l_1a76d8bba21d64d79d8de63763b8acc1fd" kind="function"><name>toString</name></member>
    <member refid="class_u_n_b_l_1acbd63767c5070d82605671cfce0433a9" kind="function"><name>SetAddress</name></member>
    <member refid="class_u_n_b_l_1a74f8896be6e93ad8f89ca3b0da83525a" kind="function"><name>GetAddress</name></member>
    <member refid="class_u_n_b_l_1a3b7b2089cf4e2995e99b860b1fb2e5cb" kind="function"><name>SetBalance</name></member>
    <member refid="class_u_n_b_l_1ad5b882bff8d1e2619b2ebbd170345c99" kind="function"><name>GetBalance</name></member>
    <member refid="class_u_n_b_l_1a0ee536d872c0f93486f942b268c2431e" kind="function"><name>SetAccountNumber</name></member>
    <member refid="class_u_n_b_l_1a44a84fb7fe8778e3048921581049c715" kind="function"><name>GetAccountNumber</name></member>
    <member refid="class_u_n_b_l_1abd683db339dffe71af3993a8a5cb5929" kind="function"><name>SetLastName</name></member>
    <member refid="class_u_n_b_l_1a27f19f2af5e1abd33b5c63f16b493f6c" kind="function"><name>GetLastName</name></member>
    <member refid="class_u_n_b_l_1aef061d2cba01bcd752e9305dc374cabc" kind="function"><name>SetFirstName</name></member>
    <member refid="class_u_n_b_l_1ae89215b95f2e11aa70f9c8bbfd55c10c" kind="function"><name>GetFirstName</name></member>
    <member refid="class_u_n_b_l_1a1b3f52c44756930c1ee4acb06f2634ad" kind="function"><name>SetFullname</name></member>
    <member refid="class_u_n_b_l_1a4292e9cafc42be3d9f4f3d6221bc9638" kind="function"><name>GetFullname</name></member>
  </compound>
  <compound refid="class_w_a_r_e_h_o_u_s_e" kind="class"><name>WAREHOUSE</name>
    <member refid="class_w_a_r_e_h_o_u_s_e_1a7a924d389af91f54ed0e1d1d8d56ec57" kind="function"><name>WAREHOUSE</name></member>
    <member refid="class_w_a_r_e_h_o_u_s_e_1a91a50ed8f6eeb344b1785f750532b18a" kind="function"><name>WAREHOUSE</name></member>
    <member refid="class_w_a_r_e_h_o_u_s_e_1a4782d251d2203377f8e9f331ba3b0a7e" kind="function"><name>WAREHOUSE</name></member>
    <member refid="class_w_a_r_e_h_o_u_s_e_1ad5aa686839d7be9bfea33d469c58086b" kind="function"><name>~WAREHOUSE</name></member>
    <member refid="class_w_a_r_e_h_o_u_s_e_1a91b45d7d40a154308644a9f2b1767d28" kind="function"><name>SetNumber_of_alcatel</name></member>
    <member refid="class_w_a_r_e_h_o_u_s_e_1a9d9d5bc37ddd3763ea633d07785b6020" kind="function"><name>GetNumber_of_alcatel</name></member>
    <member refid="class_w_a_r_e_h_o_u_s_e_1a300d1fe21a47e45c0d5d27e25add346f" kind="function"><name>SetNumber_of_nokia</name></member>
    <member refid="class_w_a_r_e_h_o_u_s_e_1a1a0f7539989c00290934e8b671f2fb1c" kind="function"><name>GetNumber_of_nokia</name></member>
    <member refid="class_w_a_r_e_h_o_u_s_e_1ad29bd0333bd7f17178dc107a00e23954" kind="function"><name>SetNumber_of_huawei</name></member>
    <member refid="class_w_a_r_e_h_o_u_s_e_1acacc58d1ceea41e968a6d245007ea127" kind="function"><name>GetNumber_of_huawei</name></member>
    <member refid="class_w_a_r_e_h_o_u_s_e_1a709e5a9f4b439d0507fe74cc1a362ee1" kind="function"><name>SetNumber_of_sony</name></member>
    <member refid="class_w_a_r_e_h_o_u_s_e_1abb7da1fee113e81fbb06190606fddb4d" kind="function"><name>GetNumber_of_sony</name></member>
    <member refid="class_w_a_r_e_h_o_u_s_e_1a5564efbb5f54f663208a17c6f7f440e2" kind="function"><name>SetNumber_of_samsung</name></member>
    <member refid="class_w_a_r_e_h_o_u_s_e_1a817b030450f48bc24e3cc6de5dadefec" kind="function"><name>GetNumber_of_samsung</name></member>
    <member refid="class_w_a_r_e_h_o_u_s_e_1a05e7450e1f1e711a53a4d9d40fb9dfa3" kind="function"><name>SetNumber_of_iphones</name></member>
    <member refid="class_w_a_r_e_h_o_u_s_e_1a08312d1a68ff48d459ad637df6aaf2f1" kind="function"><name>GetNumber_of_iphones</name></member>
    <member refid="class_w_a_r_e_h_o_u_s_e_1ae5cb8c03a4ef0d2e84bbe34312bb01e4" kind="function"><name>SetShop_name</name></member>
    <member refid="class_w_a_r_e_h_o_u_s_e_1a4d39386ec25ec71b513eb7382e5cd869" kind="function"><name>GetShop_name</name></member>
    <member refid="class_w_a_r_e_h_o_u_s_e_1a1accf4c214a11a532cad88729d44b91d" kind="function"><name>SetShop_address</name></member>
    <member refid="class_w_a_r_e_h_o_u_s_e_1a50c29c2f95d148239e8b43b8a0046a31" kind="function"><name>GetShop_address</name></member>
  </compound>
  <compound refid="_a_i_b_8cpp" kind="file"><name>AIB.cpp</name>
  </compound>
  <compound refid="_a_i_b_8h" kind="file"><name>AIB.h</name>
  </compound>
  <compound refid="_b_a_n_k_8cpp" kind="file"><name>BANK.cpp</name>
  </compound>
  <compound refid="_b_a_n_k_8h" kind="file"><name>BANK.h</name>
  </compound>
  <compound refid="_b_o_a_8cpp" kind="file"><name>BOA.cpp</name>
  </compound>
  <compound refid="_b_o_a_8h" kind="file"><name>BOA.h</name>
  </compound>
  <compound refid="_b_o_i_8cpp" kind="file"><name>BOI.cpp</name>
  </compound>
  <compound refid="_b_o_i_8h" kind="file"><name>BOI.h</name>
  </compound>
  <compound refid="_c_a_r_l_o_w___w_8cpp" kind="file"><name>CARLOW_W.cpp</name>
  </compound>
  <compound refid="_c_a_r_l_o_w___w_8h" kind="file"><name>CARLOW_W.h</name>
  </compound>
  <compound refid="_c_a_r_p_h_o_n_e___w_a_r_e_h_o_u_s_e_8cpp" kind="file"><name>CARPHONE_WAREHOUSE.cpp</name>
  </compound>
  <compound refid="_c_a_r_p_h_o_n_e___w_a_r_e_h_o_u_s_e_8h" kind="file"><name>CARPHONE_WAREHOUSE.h</name>
  </compound>
  <compound refid="_d_u_n_d_a_l_k___w_8cpp" kind="file"><name>DUNDALK_W.cpp</name>
  </compound>
  <compound refid="_d_u_n_d_a_l_k___w_8h" kind="file"><name>DUNDALK_W.h</name>
  </compound>
  <compound refid="_k_i_l_k_e_n_n_y___w_8cpp" kind="file"><name>KILKENNY_W.cpp</name>
  </compound>
  <compound refid="_k_i_l_k_e_n_n_y___w_8h" kind="file"><name>KILKENNY_W.h</name>
  </compound>
  <compound refid="main_8cpp" kind="file"><name>main.cpp</name>
    <member refid="main_8cpp_1a988177ecdd12249ecd3a1cdc75546c44" kind="variable"><name>vector_number</name></member>
    <member refid="main_8cpp_1a944b67b9489cc68c8eac66d42f4515ec" kind="function"><name>_six_account_transfer_</name></member>
    <member refid="main_8cpp_1a83aef8c5b69afef4e38d14c17fe782b3" kind="function"><name>_two_account_transfer_</name></member>
    <member refid="main_8cpp_1a5675cb594d74aa1bf5e80233370ffd81" kind="function"><name>_nesting_</name></member>
    <member refid="main_8cpp_1a0099d241c74532abfb1baae50a52da52" kind="function"><name>_complex_transfer_</name></member>
    <member refid="main_8cpp_1a1c170f18aac9dbb8aba1ad2f7e4619cc" kind="function"><name>_warehouse_transfer_</name></member>
    <member refid="main_8cpp_1a52fcb0d50c67be8cd20f2aca338683c7" kind="function"><name>_nested_warehouse_transfer_</name></member>
    <member refid="main_8cpp_1a12500f2bcc3c3bb8ad7dd9d74c1637d1" kind="function"><name>_complex_warehouse_transfer_</name></member>
    <member refid="main_8cpp_1a840291bc02cba5474a4cb46a9b9566fe" kind="function"><name>main</name></member>
  </compound>
  <compound refid="_o_s_t_m_8cpp" kind="file"><name>OSTM.cpp</name>
  </compound>
  <compound refid="_o_s_t_m_8h" kind="file"><name>OSTM.h</name>
  </compound>
  <compound refid="_s_l_i_g_o___w_8cpp" kind="file"><name>SLIGO_W.cpp</name>
  </compound>
  <compound refid="_s_l_i_g_o___w_8h" kind="file"><name>SLIGO_W.h</name>
  </compound>
  <compound refid="_s_w_b_p_l_c_8cpp" kind="file"><name>SWBPLC.cpp</name>
  </compound>
  <compound refid="_s_w_b_p_l_c_8h" kind="file"><name>SWBPLC.h</name>
  </compound>
  <compound refid="_t_a_l_l_a_g_h___w_8cpp" kind="file"><name>TALLAGH_W.cpp</name>
  </compound>
  <compound refid="_t_a_l_l_a_g_h___w_8h" kind="file"><name>TALLAGH_W.h</name>
  </compound>
  <compound refid="_t_m_8cpp" kind="file"><name>TM.cpp</name>
  </compound>
  <compound refid="_t_m_8h" kind="file"><name>TM.h</name>
  </compound>
  <compound refid="_t_x_8cpp" kind="file"><name>TX.cpp</name>
  </compound>
  <compound refid="_t_x_8h" kind="file"><name>TX.h</name>
  </compound>
  <compound refid="_u_l_s_t_e_r_8cpp" kind="file"><name>ULSTER.cpp</name>
  </compound>
  <compound refid="_u_l_s_t_e_r_8h" kind="file"><name>ULSTER.h</name>
  </compound>
  <compound refid="_u_n_b_l_8cpp" kind="file"><name>UNBL.cpp</name>
  </compound>
  <compound refid="_u_n_b_l_8h" kind="file"><name>UNBL.h</name>
  </compound>
  <compound refid="_w_a_r_e_h_o_u_s_e_8cpp" kind="file"><name>WAREHOUSE.cpp</name>
  </compound>
  <compound refid="_w_a_r_e_h_o_u_s_e_8h" kind="file"><name>WAREHOUSE.h</name>
  </compound>
  <compound refid="indexpage" kind="page"><name>index</name>
  </compound>
</doxygenindex>
